distance_km,num_stops,package_weight_kg,hour_of_day,day_of_week,weather,vehicle_type,driver_experience_yrs,warehouse,traffic_index,delivery_time_min
9.587580366630112,2,1.5932428469277828,18,2,clear,truck,5.841489922402602,WH_North,9.02779899298319,55.09163309182438
12.268378805784305,4,1.6299954068151308,12,5,rain,truck,7.843043655625947,WH_East,2.904733673505011,55.078182047763924
8.642772841259216,19,3.355825079096936,20,1,clear,van,0.06271361412337573,WH_South,3.3324679058634024,66.8629133195424
7.91797343025232,22,6.375080862877219,13,6,clear,bike,2.746363204985666,WH_East,1.575448442842188,87.06021578210073
13.127766633919379,13,1.4833559637941822,20,0,storm,van,0.8852222889261978,WH_North,2.635658539077913,77.95646953357279
8.327862674723427,5,7.238301209596915,20,4,clear,van,11.58891164008823,WH_North,4.329694435726105,24.294660017451058
10.515836210256019,24,3.1138394469790507,10,0,storm,truck,9.63733509132145,WH_South,8.011903043952245,90.47175497864842
9.945891376272748,7,1.7312256580023877,17,2,rain,van,0.3718681974076081,WH_South,8.534138957063234,55.057564300938346
13.12130869803361,4,2.3931648653660473,16,6,clear,van,9.76785434474796,WH_South,2.493436596890727,39.284679639167464
7.128107315113882,4,11.290794119439159,17,5,clear,van,9.927147929810902,WH_North,5.522826407343902,32.22703406806427
15.608138785000214,9,1.256400220794616,9,3,clear,bike,9.66287710902354,WH_North,7.35331886524776,103.28685222927915
6.079748610377438,19,1.989085391524057,14,4,clear,van,10.541031318625054,WH_East,5.634131830282106,60.97397944270232
10.901387628711909,10,6.467622069823152,9,4,clear,truck,5.6211116012842055,WH_East,6.931658122089587,60.438327431578536
10.197100677137474,12,3.863293007042797,19,5,clear,van,2.872961195610006,WH_East,6.9672148595964165,60.7879712927043
5.743780637895307,9,1.9081447352900764,19,4,clear,van,10.445375828018433,WH_South,5.627787735210791,39.72100492673672
11.413003935669785,24,6.523136153660902,15,3,rain,truck,10.015762115912743,WH_South,3.3321133330499073,132.2274055185183
7.454657098641425,18,6.743688383946826,8,0,clear,van,3.296512413291572,WH_South,7.4274582241597455,77.66624037927762
4.602518444551521,17,4.18695386338989,16,6,clear,truck,6.968631314332464,WH_South,3.2986617679968226,54.44522316875387
12.221551049094224,11,2.162624193492389,13,3,clear,bike,6.683262510402258,WH_North,3.5138475502887587,69.08347095542594
3.524726749952292,14,2.408939878092315,18,2,clear,van,5.850341577376483,WH_North,6.433275027986943,49.29993108779092
5.162529137074651,23,4.052253903529164,8,0,rain,van,7.303349348688386,WH_North,7.202483106336654,74.74094755482525
8.585365063679468,17,1.325314324246017,12,4,rain,bike,1.0076360493128718,WH_North,3.6164246855268205,63.74412452599337
13.073526386496711,21,8.410235002301286,12,5,clear,bike,5.455725602112004,WH_South,2.103449244231845,106.96160975436527
11.80819925005185,2,10.915091381539451,20,5,clear,bike,3.358463029620871,WH_South,2.2342229509213274,56.000725092131155
9.50162441973498,22,2.81463222603579,11,6,clear,van,0.028471944245996195,WH_East,3.904664170193109,77.57471442708223
2.7742077058879477,24,4.260016973664232,20,6,rain,van,6.2300977603390635,WH_East,2.437609855092372,60.95436294324999
5.909823372887707,17,7.61455410643005,19,4,clear,bike,4.376445135919774,WH_North,8.19595957715767,81.66419971700344
6.726369768874645,24,13.051363185827613,15,6,rain,van,5.174855170441898,WH_South,2.8407357889322253,68.9152961521959
4.463810210827682,15,9.873821232915612,9,0,clear,truck,1.3362075862541936,WH_South,6.693031863609644,56.32343355005364
2.2634228285769127,7,0.9852338455358582,10,2,clear,bike,6.0674463862440415,WH_East,7.500331343483346,26.424698501371196
8.824105820180826,16,2.662092368205084,7,3,clear,van,3.2415108088500424,WH_South,4.061887198616132,66.68231828234175
12.014606862761143,16,4.713740602902794,17,4,clear,truck,0.006984890273808997,WH_South,9.363103307829906,93.1720888670128
6.410326690571915,4,2.3491366840459516,17,2,clear,van,9.36013200260298,WH_East,7.104980405415371,29.33377554520136
12.982302120328345,6,11.564461382438648,11,2,clear,truck,7.534063827556642,WH_North,3.7232775095504302,54.60853063872108
3.2365591444083828,8,10.387078907390558,17,6,clear,van,6.334992034475775,WH_North,7.8181744817749586,35.26998407952672
4.28812618427987,14,1.8754505072941172,15,4,storm,van,7.464683580684389,WH_South,4.934471410828963,53.03196977693928
8.718222429164737,4,2.963348817407686,18,4,clear,van,3.883998902187479,WH_North,7.215977882354361,37.6664920549576
6.084136139153557,20,1.9646460554958025,8,1,rain,bike,1.4764404391891692,WH_North,7.659786540284986,76.20667578104307
11.472776633035467,3,2.8962305730663735,9,3,clear,van,4.283124232655529,WH_East,8.801426358465989,59.749724500901834
10.4528606999533,24,2.835440645084673,18,2,clear,van,9.466542284785682,WH_North,,97.96795594251518
6.349958735115252,17,6.475206767774679,12,4,clear,bike,7.299192374681514,WH_North,4.730099724899419,70.5507613385196
3.4552817131843567,9,1.782603142141584,20,6,clear,van,9.494912985451318,WH_North,4.054280676342525,27.17650279782457
5.91370877631869,10,0.531674019115777,19,1,rain,van,10.827378137069115,WH_East,8.298350110695644,45.35121478423318
10.5938453724455,18,1.0798475161689705,8,5,clear,bike,2.995888511345363,WH_South,7.129192039885224,101.49432219871007
11.7224897095901,3,1.6163796607778207,12,4,clear,van,10.973135432440554,WH_North,3.1961226627444184,31.725565108002638
6.10029096503164,18,2.0980658315060436,17,3,clear,bike,7.9511883764418965,WH_North,7.580207842680456,62.682746560542896
2.2540095334508248,14,3.7849098936261436,8,6,rain,bike,6.729338344697595,WH_North,6.839925141908746,46.74233627163793
3.1122008722378043,6,1.5591554027132697,19,1,rain,van,6.038514240381424,WH_East,8.879096173645188,24.206242792084492
10.12265244679706,23,1.4222350126494363,8,4,clear,bike,5.624642509993616,WH_South,7.958707836999143,104.3282174668741
6.286716654356635,16,1.7321905261541888,8,2,rain,van,0.8867751722548038,WH_East,7.9672292995708105,73.01976764179697
6.378517405286046,5,1.5205045174926008,14,4,clear,bike,0.6556851467877376,WH_South,2.9053677537133487,41.90000073504004
4.242497370831667,17,2.2520803273801193,10,0,clear,truck,3.9717032097994744,WH_East,8.884033591827407,61.88508188275378
4.19006230420628,11,2.185618430104071,15,5,clear,truck,2.442661296701756,WH_North,2.309399921680655,48.128650790370685
12.863142889279878,20,5.378124846529291,12,0,clear,bike,1.039338531699308,WH_South,3.543748733987426,94.28493901998311
10.322534869087674,13,1.6608498520879982,10,2,clear,bike,0.29324721573011736,WH_South,8.978466510060358,105.71027187094047
5.428014497970198,25,2.584888465365918,18,6,rain,bike,11.740654804416321,WH_North,7.79794754024325,90.69681922736228
8.358589178076013,24,2.267060648803267,9,4,storm,bike,2.5451276961261473,WH_North,7.035200167668593,116.78088135151656
9.194871300760688,2,5.848700402974104,13,3,clear,van,11.81627864920084,WH_East,2.829058110680752,24.751755958934925
18.69240565274453,11,2.9802420045114846,9,2,clear,van,6.534020119224419,WH_East,7.616642758668062,79.85013899113822
3.9605025239245735,6,6.927421779437415,8,0,clear,van,2.301990131469877,WH_North,7.281231541431665,43.44064011894385
9.126882254501115,12,1.481923456562253,9,0,clear,truck,1.7436133308507604,WH_North,6.479331585387338,49.74737904977002
12.828232016875829,4,3.207344621519481,10,5,clear,truck,2.409654766690829,WH_South,6.322035235391492,48.44636893954505
17.52314060830753,14,2.2185998264092555,12,1,clear,van,4.365334787774064,WH_North,1.3267575256111064,80.37597710728123
5.257336514975416,4,1.4074333570838478,13,0,clear,van,2.4598982908699747,WH_North,4.613577403860252,29.89060168688215
6.238251209195697,16,3.1668654172484323,8,3,rain,van,9.936257667560184,WH_North,8.556933406083754,66.59805305858798
11.53244246220638,12,11.167965208882324,7,2,clear,van,4.404384646340928,WH_South,5.068722371698964,51.01706396464038
2.741330432820919,25,1.8275272762074135,8,6,clear,bike,6.323342661527661,WH_South,7.3179155373340725,74.91294967657193
9.636285573497787,22,3.0367307109754598,15,1,rain,van,6.01477053643111,WH_South,3.3965294596987623,73.56728147324777
22.31054412922696,16,1.3250336644999656,20,1,clear,bike,7.914446201329466,WH_East,4.721062754507585,125.90420024477676
10.206760905816989,12,1.1954713702110802,7,1,clear,bike,11.96881752405112,WH_South,3.168684125093248,69.08387169383593
1.4413489961318875,18,1.913479609041992,7,1,clear,van,5.322754896307535,WH_South,2.6061272259280397,53.113319071652015
4.641736174961774,17,2.423013205447008,17,3,clear,van,3.871801257385706,WH_East,7.667495614142712,53.400102201645964
5.360408919183679,4,2.4995028981137093,17,1,rain,van,11.688917911349872,WH_North,8.169943491785133,38.469392627481895
14.440946851273102,10,2.834264561078889,17,5,clear,truck,11.971471833494823,WH_North,6.269235637235224,83.19885854289964
7.247744574745576,25,1.0472494456515904,9,5,clear,van,9.371192871177357,WH_East,6.0572435230552,70.97482745243364
2.280751958446234,8,2.1422092406068387,19,3,clear,truck,9.572038723429745,WH_North,7.424840760917948,30.940017459206608
7.739402364474916,1,4.717273249952681,15,1,clear,bike,4.887889937242845,WH_East,4.1707177002984634,33.558853475682945
8.65533409506574,21,1.2830351076459652,9,5,rain,van,6.46682733760232,WH_South,6.86911359286876,82.33593018444299
5.794787923244693,24,2.5893270445948304,8,6,rain,bike,4.221731967146884,WH_North,9.37284750591586,101.14787014436823
4.142196776430985,17,4.075488561735163,15,6,clear,bike,7.426226447496613,WH_East,2.8775370561965734,41.97083389963337
23.61382130037128,16,1.9201689070331267,17,6,clear,bike,9.908875022325953,WH_South,7.6755807667799845,126.41419159498362
12.850916743033187,9,4.216760070271395,17,5,rain,van,4.488792114970913,WH_North,5.696123938114857,58.7360933341479
13.486593100038867,9,1.1447789990316746,15,5,rain,bike,6.4223197383393344,WH_North,3.5282035612994362,94.03995110834389
7.256908088529841,23,6.183687034241444,14,6,clear,bike,9.299639389277553,WH_East,2.583885102938181,81.25094096567517
5.201853622946597,22,4.289029626931014,16,2,clear,bike,2.5063533708494323,WH_South,3.7917017993255344,86.37008614247878
5.9716466774873185,13,3.452041456129685,8,6,clear,van,7.324405688997896,WH_North,8.518123624953606,51.91139514302412
3.2305300043018943,8,7.29633829156695,12,0,clear,van,9.309095568757142,WH_South,3.464961812286219,28.239768971832255
18.497378498377035,5,2.636508907551529,8,5,clear,bike,0.6257742622784424,WH_North,5.822785710335586,83.21469644625893
7.432754708342159,1,2.1543751356990635,18,2,clear,bike,3.0445331764159103,WH_South,6.763107572898281,40.01109918041785
16.25528319870408,13,8.677912452368437,15,2,clear,van,0.3030913449973833,WH_South,3.955603805862345,73.92440826303275
6.151015746725507,14,12.043632072799943,17,4,clear,van,0.07695479327777655,WH_East,7.906796716878821,43.240958025894614
10.289664046405345,17,2.043356105260962,13,1,clear,van,5.731405806633893,WH_North,3.869387910758017,59.18026149832248
8.931655203353415,21,3.0660182537150016,20,6,clear,van,8.408093954994367,WH_East,1.8430268926129696,63.800546746921405
2.995021634837026,10,6.900057744132271,20,5,clear,bike,4.596472738019951,WH_South,4.823715200751314,40.47403548977658
19.7636699357815,5,3.14337951161305,15,0,clear,van,7.45305022104725,WH_East,5.118059502575764,65.89371821087752
6.2657773928277924,22,5.033985197058804,18,5,rain,van,2.2978400137685946,WH_North,7.117291335968892,80.76644426013722
3.7098415924259998,20,5.733249759661725,16,0,clear,van,10.037095496031144,WH_North,2.4309846842186467,46.11486922949896
11.583630373611655,14,2.239800494870343,17,5,rain,van,4.35108799752245,WH_South,8.426009818448733,74.10842497727994
7.974934304386911,1,4.452618118370555,10,5,rain,van,8.48648981968596,WH_East,8.023140775032578,41.71747933178095
9.770344838421064,12,3.305755743376193,20,4,rain,van,1.5593050122369196,WH_North,3.8925331684508904,57.39814507909176
8.4520298015263,16,1.416504170657988,9,4,clear,van,9.817296719754058,WH_North,8.87889180827407,74.38236944728976
1.5731219239994552,22,1.6607065552434783,16,5,clear,van,6.216721062568027,WH_North,2.55510994533349,54.904910954504665
4.5392740465569,13,2.1028806711783794,15,5,rain,van,11.643217162472308,WH_North,2.1357662347970785,44.29221471040762
4.4230243017435775,12,6.359589909036119,8,4,clear,bike,4.864450259737129,WH_South,7.941631854993618,59.366454022382335
13.37814346803884,10,6.507469777501025,17,1,rain,van,10.475994825414068,WH_South,6.402532055176836,67.94473773840886
8.151003297759965,11,5.612178916694528,8,4,clear,bike,4.945193726604636,WH_East,6.80088195064447,62.44624543164009
10.639799495187692,1,4.518036479564139,14,1,clear,van,1.2947079713928824,WH_North,4.289487063957744,29.087306300684098
6.499712047576988,3,4.4325649633878985,18,0,clear,van,8.251612842185754,WH_East,8.015984670340824,31.72882364115568
10.936386995359342,19,4.032120090551047,8,1,clear,van,2.1955924249603718,WH_East,6.556504309948913,86.73979840434211
7.266700890738132,10,4.416369324729729,12,3,clear,van,9.59822742602141,WH_South,3.4319033363348677,42.94118228718306
6.952669717500544,22,4.630911924155717,14,6,rain,van,4.018370794667694,WH_North,1.7957379369530815,81.77915821573868
8.896581995189552,10,1.2422254440540796,19,0,rain,van,9.077095127560849,WH_East,7.36028814015687,70.71416370148968
8.451546400817346,25,1.9094724464109143,12,0,clear,bike,5.7772835462539724,WH_East,3.2619095087331056,78.70349270985608
27.756324923046897,5,1.6156782908928446,8,0,clear,bike,6.44406009088209,WH_North,8.693006695317974,190.25739887831648
4.50573647529275,5,7.206630502369784,8,1,clear,bike,8.815580411408975,WH_East,7.658882917947038,37.963052905169995
2.7590349273076247,15,10.568417500135597,9,3,clear,van,7.980669249201719,WH_East,7.581069765459152,53.26202758764487
9.647887926770274,21,0.7273601411292644,19,5,storm,bike,7.9705828530017175,WH_North,6.646809012506065,116.07018223523896
4.933426756948182,4,9.928110999709707,17,0,rain,van,7.907341578304734,WH_East,6.251439301279643,36.653743373446304
1.4176592532074022,13,3.5279076499082254,12,5,clear,bike,7.023239757443591,WH_North,2.9112225781251304,37.07009943430965
3.84238458231573,6,6.7456906137562145,18,6,rain,van,9.68613294502099,WH_South,7.4345461890595805,32.02793297006604
24.456024260687407,19,4.732847397691573,19,0,clear,truck,3.600241068217286,WH_East,8.00843531841655,149.19761258991656
4.4272880242878685,15,9.100019328394499,19,3,storm,truck,2.1787676287419098,WH_North,8.423351598817083,67.88442740909184
2.1090218689573605,17,3.8451772600955496,7,5,clear,bike,8.821920623824102,WH_East,3.66716222493288,44.117641177147746
23.62165868188014,7,1.2783649503333911,8,4,clear,van,6.477944669268393,WH_East,9.77827814805805,125.03533449252122
3.7400370899960107,8,3.083383649126669,17,1,rain,bike,10.80733951843928,WH_South,6.784137297289146,49.092103172513305
32.339454920263734,16,4.7633882501251295,12,1,clear,van,11.5810248197228,WH_South,4.0112497195635415,108.83292303284676
6.328165410165747,9,2.8543017119193856,9,3,clear,van,10.405608071557413,WH_South,8.112106658920915,39.53065400918299
19.808753821047105,18,5.261479208214357,16,5,clear,bike,6.570707351594875,WH_North,2.712182390592431,123.94860006613294
6.857546052926615,4,3.170888485486924,11,6,clear,van,9.04949994469515,WH_East,2.4307538913202102,30.16447710040922
10.32452327048237,8,2.1883404619128637,19,3,clear,van,4.0119971632585525,WH_East,8.248894492107219,43.38544664644927
7.362149561352291,3,1.5524201986706365,15,3,clear,truck,0.17713738310801697,WH_South,4.162515832240404,52.360434744329204
6.888999151846319,3,2.52370795866711,10,3,clear,bike,9.365637649180764,WH_South,6.852230338241967,44.44744020321453
9.192149896165864,7,3.831284612005398,20,3,rain,truck,9.377974873460314,WH_East,2.1821625707692567,62.14731020340308
10.539539988119094,13,0.8423377111893283,15,4,clear,bike,0.09646170623656314,WH_South,3.357559439179786,76.20693371436789
8.785858852498645,4,1.9231154717186998,11,1,clear,bike,10.36316645694199,WH_East,3.1939101285738873,37.581179315093166
8.263242667440299,3,0.8206287770033643,9,3,clear,van,10.577262773176844,WH_South,8.34245603986218,40.12484338128315
4.9601864571978735,22,2.155553644618269,14,4,clear,van,3.8477451894694616,WH_North,2.968417468899164,52.62625685647484
7.532796980780617,13,7.676166846240874,17,3,storm,truck,0.20695492444655406,WH_East,7.640145875858822,90.46616088502826
18.448283520876423,18,1.4473271821823788,18,6,clear,van,10.512245302413339,WH_South,,82.07919411300044
4.8138242516919085,19,5.431480898595558,8,5,clear,van,0.8462167135300067,WH_South,5.603660208994935,62.99876955358391
9.348821592390488,3,24.39010675260011,13,5,clear,bike,2.7864528353428084,WH_South,2.3074625201538868,49.90133115021176
15.369197672743766,16,9.184127220431293,20,5,clear,truck,6.510893231771636,WH_East,2.774521757479566,96.49418403846109
10.590281949961554,22,3.645375457300083,16,3,clear,van,9.798414701426886,WH_South,3.0621651377465033,66.72187524041621
13.457922810159355,12,6.055119539307751,8,2,clear,van,9.381810131773339,WH_North,7.928461513586278,67.88966665403885
3.699915299094544,22,1.272803615078905,19,3,clear,van,8.17411639728633,WH_North,6.268862303784727,47.09307701986427
9.362739863089937,24,1.103635513593483,16,6,clear,bike,9.944102146398091,WH_South,2.8064726646531164,92.90045727885277
6.652326342879464,14,3.387488110403165,13,6,clear,truck,8.22517682646365,WH_South,2.8168855027617576,64.63054803364193
6.827972018902498,3,4.3886751545770135,17,2,clear,van,7.652266857590289,WH_South,6.496937265627804,26.21556069795318
17.590891394824688,16,7.142643878909737,16,3,clear,truck,2.012376368376167,WH_East,4.005549149213469,119.66438181698902
6.894869406034645,23,2.2296987820153173,10,1,clear,van,5.279060257210673,WH_North,5.8478765491502696,78.13764559264914
9.539445425825475,15,3.801428203141884,18,0,clear,van,5.416587398479104,WH_South,7.183315963311655,68.94342797037446
2.1110500167673645,21,3.7112846724826136,10,2,clear,van,0.2219804770309608,WH_North,8.508739935029215,55.6749623081103
19.79667470761259,14,3.0283688041563774,10,0,clear,van,4.866228353500439,WH_East,5.797447742092851,84.69382879702437
13.021933176807497,11,3.155880654085059,15,2,clear,bike,2.725065977474289,WH_North,4.403911477876267,73.21359886264283
7.703318271441377,24,1.825231536226243,7,0,clear,van,1.0760131241540623,WH_North,2.750650632505237,85.44487415067363
6.470821400471881,4,4.038184403432958,15,2,clear,van,6.555851316894344,WH_North,3.268597508208333,28.321686540427557
11.207362063184128,12,3.805833366549305,14,5,clear,truck,2.8441408150229166,WH_North,4.2659039125507565,61.907243780436474
15.265475626939145,4,2.439984687890668,17,5,clear,truck,2.2845392592471474,WH_East,6.435760484062195,79.41973924989846
19.945687795702725,17,5.291183718849763,9,6,clear,bike,9.44154122734533,WH_South,8.452390563732035,147.93367814761032
12.780484471214153,24,6.817426890646899,15,3,clear,bike,9.721118630325677,WH_North,3.525259936787128,91.82397860398218
8.330454983322841,25,5.334330619156305,13,3,clear,bike,7.930283029350075,WH_North,3.7238472374936387,106.9868529591943
13.893165039168828,6,1.6004577402032307,9,6,clear,van,2.2760255047791165,WH_East,7.758033761995228,55.604352094973834
12.47737227749493,19,3.5599697114333084,13,3,rain,truck,7.592321799943454,WH_South,4.289660665961978,93.04637871396613
8.349855561395996,22,1.7541736757258208,19,0,clear,van,8.559869034788708,WH_East,7.938683813024688,80.29925219695377
12.271100861095405,21,3.552275281005043,18,6,clear,truck,2.7997185223702363,WH_South,6.583008297306318,113.0122300740226
12.140635482494233,13,1.758962791089148,9,4,clear,van,1.595322120578218,WH_East,6.404220400943268,63.89925395524682
7.676460085387489,5,8.11743596254101,18,4,clear,van,5.202328754009905,WH_East,6.448034579438577,26.1214002793769
5.720099147525794,12,5.745012162253538,14,0,rain,truck,5.091682925279125,WH_East,4.981846830920885,60.62894482179328
11.54734565827561,20,7.441649369613275,7,3,clear,bike,1.8396361856638892,WH_East,5.3294944550712495,89.28899844422457
3.9905623043480256,16,6.932395768074483,19,3,clear,van,2.3005792898872457,WH_South,7.916620093942173,55.38857720565376
3.397604721251003,10,2.747194480159222,14,5,clear,bike,5.9954064616701475,WH_East,1.4036778251253879,31.97868722767973
9.627944606100055,6,2.4647075994128924,19,2,rain,bike,6.329072264276066,WH_East,7.104951710624796,63.55287502757823
11.36825071396207,17,11.236941288675085,8,2,storm,van,6.454303300585935,WH_North,7.0602956010391145,97.94478703844517
9.585643979947667,11,2.9577127347370373,9,4,clear,bike,11.784402934935393,WH_East,7.29979888189931,67.1780475387267
10.203769424731789,12,1.2863304472962445,19,0,clear,van,0.4752958509221896,WH_North,7.003770891531259,55.81578064067027
11.258047004814935,24,6.7209311811987416,10,5,clear,bike,9.435485773782613,WH_North,7.4685354130129245,121.46318818654636
17.627839425259616,1,3.6716566657887735,14,0,storm,van,4.221696049373435,WH_East,4.022654154108184,67.65619790478425
12.905386167330356,6,9.527295475537692,15,1,clear,bike,9.034888915787636,WH_East,5.2220564663253395,69.33521656168936
12.685489347426719,23,3.9356607133052135,20,3,clear,truck,8.82528148836243,WH_South,3.4497619301911957,105.37502784017362
9.195956142885747,24,3.2739557355191935,11,1,clear,van,7.438144304686993,WH_East,3.980164070639069,65.83644746095062
9.398835822964472,8,9.662810675904659,17,0,clear,van,7.573850110925024,WH_North,8.467015415882216,46.31219866178694
7.298806258086811,25,1.1309676101394852,17,2,clear,van,7.963158686547802,WH_East,,84.78391886772665
10.029064030324697,6,2.203939380887501,16,4,rain,bike,8.971221908326605,WH_North,2.6885854019365523,56.12023856315151
3.8540490039963107,2,1.7839783879405788,14,1,clear,van,1.5794402374229528,WH_North,4.164359548209941,14.05252057327137
17.673558318757003,8,0.7142259965107123,7,1,clear,bike,4.3300661835139405,WH_North,3.931992501324098,89.43232629823784
4.610083613701752,14,6.117928137677699,10,4,storm,van,10.104103582594124,WH_South,8.072516738260681,64.64256480080593
12.890575377089583,1,2.247474429997021,14,6,storm,van,6.574610024738532,WH_East,3.0536729147436374,57.37282062331784
16.43638858104581,5,6.257355358487993,12,3,clear,van,1.6432285819404733,WH_East,5.341584573357283,66.86822341637289
12.873311375015241,20,4.359513828262158,9,3,clear,truck,11.539784643443681,WH_North,6.998245297484757,116.7995577421263
25.679173967247994,16,5.078417648940489,16,5,rain,bike,11.85403774680468,WH_East,2.1449968683156566,139.46773107141317
1.6516749057948747,16,2.4138436761989652,13,0,clear,van,6.152126547553952,WH_North,3.0611243806669264,34.45608266606247
5.960704641936344,25,1.944541660574759,17,6,storm,van,6.398328840289067,WH_South,6.738821264841594,87.53061663238847
16.283190814618493,6,3.5354217976966624,14,3,clear,van,3.504288104058973,WH_North,4.06398531211004,47.806876119074275
3.3014073381505264,23,6.31809493457578,12,2,rain,truck,6.193941918446681,WH_South,3.3894719571976393,92.98802992589023
4.706118296949574,9,3.2050657217267706,8,4,clear,van,11.625417587711937,WH_North,8.7056808709578,47.10148512701645
10.85255856093479,24,2.0312362018905055,8,6,clear,bike,3.0548256526507602,WH_North,6.996848312853014,106.89995678315353
8.269242337951699,20,1.4343149321492101,14,6,rain,van,3.6554023641930584,WH_North,2.913261520692428,79.91386758309264
10.468153140040226,6,3.8301888525115833,11,5,clear,van,10.770012386092086,WH_East,1.8027821933248178,45.48796896329166
8.696532391070111,6,2.2527523280313813,17,3,clear,truck,4.612743441516811,WH_East,9.438981003570653,62.21006722696544
9.176259046614744,14,3.157503200395227,15,1,clear,van,11.670327625632357,WH_North,3.7572935873124265,59.24755603396322
5.020575803495785,13,2.809073889761269,10,1,clear,truck,4.195063149984578,WH_South,9.2733944471413,72.37496280996973
9.003241323016287,6,2.4324483893261224,17,5,clear,bike,0.055587889717910066,WH_East,6.439962058016746,51.46705555454632
6.221948767607519,7,4.078227641860642,14,0,clear,van,11.444709650193317,WH_East,4.547560907851344,36.67548786857709
6.767053188766939,23,4.894699372617496,19,3,clear,van,2.843860359929629,WH_South,7.293639366895451,86.42863090477178
12.790736194718836,19,13.140450029042261,20,2,clear,van,8.329445785152025,WH_East,5.437137872136665,73.00956467577758
3.1811758839324598,5,5.643911764022534,20,4,clear,truck,0.5686024530183804,WH_North,4.80869446706495,37.33099692947749
1.148734832444519,19,10.130773073818503,8,2,rain,van,8.979034975560168,WH_East,8.564584200599212,64.37838067980682
12.26175247804991,4,1.8719482623104222,14,4,clear,van,2.6408280084969014,WH_North,3.1477559701121374,47.5440492037114
9.008616956188169,12,1.0825708839839951,7,3,rain,bike,9.603015732686496,WH_South,5.515994111513518,78.21067002091526
16.426300235716926,1,3.286748640604795,19,6,clear,bike,11.599199914549143,WH_South,8.834178878431562,87.70160773424035
4.791518932247056,17,6.053393784639133,16,1,clear,van,0.5427171161651634,WH_North,3.4583214797758837,46.17221779965859
7.529042547036154,5,5.42388963396956,10,5,clear,van,4.415904875898997,WH_South,7.145496598363886,40.383156433873566
8.459867133074221,6,7.7521257852836385,15,5,clear,bike,8.589342165007597,WH_East,3.8341303712162933,54.31302881992401
5.427067368627917,5,0.5623776097247642,14,5,clear,van,11.957223075747105,WH_East,1.2250387855755802,28.437394167719656
4.39016624629499,5,7.981160495733352,14,3,rain,van,4.356536616240854,WH_North,4.831283151006007,37.145679011147216
12.61780304255458,2,4.19890525818655,14,2,clear,bike,11.939757568776404,WH_South,4.721306574843029,56.909689881553135
2.95947983156119,14,1.1265846906622807,20,3,clear,bike,10.790220463559866,WH_East,3.2931703732487243,41.03282336947951
3.908470822644742,22,5.509479712760695,17,6,rain,van,8.631742014705797,WH_South,5.026916895449266,69.56755219417722
7.37483963048386,8,3.7383255743520927,12,1,clear,van,4.582761889213456,WH_North,4.099864186095612,32.705636459518544
13.463872673705453,20,4.335602167996414,17,4,rain,truck,6.4429805867964065,WH_North,6.779704028463417,133.1186816303758
5.659128069160074,14,6.6817264531136775,8,1,clear,van,8.644161233110275,WH_South,6.37061621155909,53.46492817997093
5.203708551600867,7,4.487037829642116,10,5,clear,bike,8.22874625561856,WH_North,7.333637885497953,44.93638755883387
7.108248126977429,2,1.1841467003050379,8,2,clear,truck,3.460800360581983,WH_South,8.986160739652451,46.804553272263924
9.907260818397884,20,3.0038103852437916,19,6,clear,bike,6.68661087557673,WH_North,6.802961421809386,84.16317817330328
6.435459441411059,1,1.0699890132221068,7,1,clear,van,10.020297242467844,WH_North,4.86662539584816,22.095829378997742
14.449970587699465,11,5.22964457246214,19,0,storm,van,5.700907158688006,WH_South,8.397721192700018,110.6489308061242
14.796897132510708,1,8.833746078574693,18,6,clear,truck,6.7949135098123525,WH_North,5.764129039130108,59.21209977688716
7.374603536085134,20,1.392336994292691,20,2,storm,van,3.9304158572918597,WH_East,3.3012897644290007,77.27706023775653
21.8697251975519,25,2.075029494144765,17,0,clear,bike,1.9212319118166161,WH_North,8.771341396169383,135.3496534310978
8.344733224269607,9,1.790225295274667,13,5,clear,van,0.791755531272138,WH_North,2.4939634466104517,36.82003711377871
14.515591804983295,8,2.4163697477330057,18,2,clear,bike,4.872666984565534,WH_North,8.53719600703253,85.65368260915784
9.745154887632117,15,4.43131425111332,20,6,storm,bike,7.5812379487516175,WH_South,2.630865657857861,112.60395004412246
9.638472909657118,13,2.4347683402373996,19,3,clear,van,9.120169356293523,WH_South,8.44912973679554,78.24365481314376
2.4661848945633547,10,5.242356551935114,17,5,rain,van,1.008652105585683,WH_North,7.386194029749932,23.906138712010545
3.679580409939767,10,6.998989902870396,17,4,clear,van,3.821853362002069,WH_South,7.576537064101858,35.97623114994189
6.6479068822341665,5,7.179512493620252,16,3,rain,bike,9.694863733705363,WH_North,4.423749506453363,35.59851390115398
14.733511627564665,7,1.5178171743890365,19,3,rain,van,1.3470642241635375,WH_South,5.856113793206274,73.37657953688685
9.827178091385132,15,8.759600169284596,13,1,clear,truck,11.919366452637288,WH_North,2.8228964048674072,64.84023317870636
6.6862056089671364,19,9.265062443308972,14,5,clear,van,7.592263815276082,WH_East,2.5827346144135155,63.862516397292154
11.432830686981392,19,9.844136038495462,18,3,clear,van,11.28021117983208,WH_South,8.855432119264307,77.86296113062849
14.425491870197476,13,2.97287538093795,10,0,storm,van,8.763374678958863,WH_South,6.498443384887533,104.97213049920818
8.031095137514091,19,1.96150153392368,17,2,clear,van,11.566532964584303,WH_North,7.7687798980084635,55.95485220411297
9.143383013546101,15,1.6670092722053251,8,2,clear,van,7.983993789719894,WH_South,8.085689283868142,89.18208000122374
8.456783576730883,9,1.5353434153895429,15,6,rain,truck,3.2169178181198337,WH_East,3.22278816255534,67.88968987841388
7.725032169162233,9,3.347397856218635,7,2,clear,bike,9.60326074572483,WH_North,3.7112713859177324,67.21412740478111
4.756699600150995,13,6.010430036871649,20,3,clear,bike,2.712837261151195,WH_North,3.241474501738415,53.46484932649138
4.51143933556067,8,8.286195262188393,18,0,clear,van,6.7800693113149455,WH_South,7.577996494921175,48.452363752451
11.39132858932432,20,2.363420699512586,10,2,clear,bike,4.476492782810519,WH_South,8.677288774907108,123.23184629796748
14.581624155129639,5,3.2314088320202776,9,1,clear,bike,9.5893013574584,WH_South,7.180526501737041,76.79552259283408
6.6780157707229675,2,3.08659552793466,15,3,clear,bike,9.113877855259943,WH_East,1.856593099441039,29.019318048899407
6.581094986068015,13,2.1282580433367575,19,6,rain,van,10.366731623407858,WH_North,7.419556514487054,58.28285289938754
1.9640747597829469,2,5.55681260186292,11,6,clear,van,2.963367359110803,WH_North,4.346256820359118,17.066428160009096
1.6735217854992708,5,4.280174469378051,20,2,rain,truck,11.970676122333392,WH_South,2.853904696397046,25.315095289739695
16.71427069104235,10,3.6666418744131826,13,4,clear,bike,9.664448837930795,WH_South,5.0246757294216025,100.27699837832924
4.96759155425822,1,4.266585281542864,13,6,storm,van,4.640438299411249,WH_North,3.4686005988524062,22.585774475531117
26.680784193613324,6,5.10804053418375,11,1,clear,bike,1.5319649228374073,WH_East,2.7592712339572563,114.54676842281062
5.559866196459104,14,5.072358584087318,10,3,clear,bike,4.19310646140036,WH_South,7.1666430175864395,52.67727970380089
2.53069827970441,10,1.846066262683667,11,3,storm,van,1.274189415721855,WH_North,3.127217231017643,37.78260636415501
8.49730084755927,23,6.217886040546705,9,0,clear,bike,7.384466204284816,WH_South,7.952127415432882,94.8280188989402
12.533167143931577,3,3.9699610452699696,12,3,rain,van,1.3550687449262115,WH_North,3.636845995481516,38.01402354787578
11.741086442694447,18,2.4492176903713463,11,0,clear,van,5.166151557724886,WH_South,4.795011359560194,71.72259522314492
13.253693616951704,15,3.9116558836929562,7,2,clear,van,8.010809443263453,WH_East,4.564434776589061,73.87318433503997
4.1263192425430795,17,4.225485788421457,12,0,clear,van,5.436847954533377,WH_East,2.4092391974100096,57.652331101780966
16.49047420321652,17,7.079820590182742,7,5,rain,truck,10.57980759102322,WH_North,1.7229356331669772,97.11170647627338
17.03624530566772,2,1.5963041643882994,9,5,clear,bike,2.89191069934721,WH_North,7.5528497377811465,109.21728026934622
17.45500167400122,20,8.393763986253079,17,1,rain,truck,6.286704081614883,WH_North,7.336110187393728,158.07985432269976
9.332911454574253,9,3.3743963511772264,7,0,clear,bike,10.958169210528274,WH_North,3.642611798000937,53.63305261369117
6.35535012436251,17,2.3295910204710237,11,3,clear,van,4.238397733711404,WH_South,4.291902548681247,67.57258502886111
5.997561884224425,8,2.2802140727139157,16,0,rain,truck,5.672513884634833,WH_North,4.572625560961487,41.92782749007351
2.519795076736864,10,1.6471434895380137,7,3,storm,bike,11.194136735324596,WH_North,2.6899539302171744,29.72866245633512
5.640203800223447,18,0.9815322395026138,17,3,clear,truck,5.991763374020978,WH_South,5.800551576159548,66.05982026967914
1.069178578850094,24,5.334418684713469,8,3,clear,van,10.370892715619696,WH_East,7.698168085047995,57.63238775115469
2.2558339594523287,22,13.284799412409933,7,3,clear,truck,11.285524110062438,WH_East,3.030642355513877,77.53983032515077
9.275682213250315,19,1.0700113499151889,9,3,clear,bike,3.0732278697556312,WH_East,7.859625390026448,113.41103515713345
6.821801858484001,14,1.7069368678346903,19,1,rain,van,9.430089237992327,WH_East,7.720249899712544,56.60732978235983
9.038334062070591,14,5.618744455217623,7,4,clear,bike,7.845059669721575,WH_East,2.9221304059829745,63.93584465476617
11.986508331471656,25,3.2157292647607276,8,4,clear,bike,11.840630087381577,WH_South,9.678176997537996,130.50410061340463
10.038431211159214,6,5.954179855188592,20,1,rain,van,7.026850163386664,WH_North,3.815301183838028,36.49902250841891
9.54178143068828,24,3.091930440276858,15,3,rain,van,9.513325272190501,WH_East,3.2836203607766885,85.5858493981263
7.580867886225371,17,2.2112561561765043,14,2,clear,van,4.148316213701737,WH_East,3.891290393129409,66.38914304508344
4.847175754223477,16,2.834627463943562,7,2,rain,van,7.276697750876787,WH_South,4.27689066466417,66.68002194089419
3.3209303523045666,15,0.6265901655180374,12,5,clear,van,9.342964125951113,WH_South,2.4307150144108833,54.397133546721854
5.737779441143293,21,1.4911698677705154,15,4,clear,van,11.602960083311693,WH_South,5.88823051545684,70.78798336523761
7.658709951251723,18,6.448164792021795,14,6,rain,van,3.0220908116333867,WH_South,1.6296748956221558,66.59759076124907
8.253168507239947,3,7.647125999610185,14,3,clear,van,0.9467373718678993,WH_North,2.492246832212582,28.493044501651166
13.269950651124807,20,8.884571548602587,8,0,storm,van,11.715656532083202,WH_East,6.360599238634838,115.54357361921555
7.243096935357617,19,4.5204364210536605,20,4,clear,bike,7.23169988853928,WH_South,3.8035020762162155,73.35719961317992
10.998733907846166,23,0.684375721315809,16,0,rain,van,0.20701030463422443,WH_East,4.225659367270028,88.30978738941991
2.7960968540547286,24,2.128665866170053,10,2,clear,bike,6.239874401592985,WH_South,7.502587895843668,61.66420672434805
9.35359504225272,24,8.391833021757698,20,6,clear,van,11.232519472275836,WH_South,3.4229777267462453,91.48295280653139
8.966544943553654,2,10.341221205410971,11,6,rain,bike,11.813096258780048,WH_North,3.4109014327574467,47.00851039585446
16.49366231150291,16,8.618003282695275,8,1,rain,van,3.9085339734242517,WH_South,7.475312839848655,98.64273517513374
6.8255921770213845,24,2.8140459135111664,19,6,rain,van,9.382909170256731,WH_East,7.384661781987106,96.99976179617053
6.645363968424585,25,1.330289906639906,9,6,clear,truck,5.504382687614444,WH_South,6.823198545339689,101.10000653014245
12.034984007037004,14,3.22701605100638,7,6,clear,van,4.776117492778692,WH_East,2.6318786009077284,52.463240703672525
3.5093760725992746,23,3.354708605197561,15,5,clear,truck,9.098321286588824,WH_North,2.5513418980768594,86.27939020988926
9.209780756943424,23,9.933326074262279,10,0,clear,van,3.239611076599446,WH_East,8.009740476700836,86.09655052993051
3.381536707609215,1,3.894066210772686,9,0,clear,bike,5.116527428817333,WH_North,8.896012020744601,23.012141712739215
20.65070614078639,23,3.3591125773821466,8,4,rain,van,2.95838163746935,WH_South,6.715471668074256,129.79501560917564
6.097774801131113,16,3.4953957543160077,8,0,clear,van,1.7116514142388177,WH_South,7.367730734872949,69.07966009492795
3.2221555478854826,15,4.39251159513811,20,1,clear,bike,4.55158672862243,WH_South,3.94639989840225,49.969676603340226
5.711060663681672,5,5.147484044438865,16,6,rain,van,11.510740668101928,WH_South,4.581173776096786,36.741858931839815
9.24324568363696,23,1.9993533358210955,18,6,storm,bike,5.026574616209969,WH_East,7.388522618208351,107.54731515779793
10.799948942187749,8,1.5835445551950562,15,1,clear,truck,8.19869545758709,WH_East,3.068565542091407,46.97012765960256
16.00855058817086,11,8.665858239833325,14,3,rain,van,3.4208737933436706,WH_North,2.968492125106872,73.80904687403864
5.2689586662210015,8,1.0526082102672634,10,3,rain,bike,10.384284605040467,WH_East,8.68658558651544,49.206229470143825
12.349832905761225,25,10.448132156639822,20,1,clear,van,7.498804187722735,WH_South,3.51773146423855,94.91667985435433
2.257668962286924,13,0.8715560618637038,18,1,rain,truck,11.40544818550537,WH_South,6.692181082654653,55.58126731498348
3.9274517249578946,3,2.2052066140329663,14,3,rain,truck,3.911425151603887,WH_East,,23.016050214209027
2.855810754496268,1,6.555456651578965,8,4,rain,truck,6.456402862175092,WH_North,8.077366138344999,15.626578860781542
4.663383911937573,25,3.3209115960244278,17,5,clear,truck,2.292547916816155,WH_South,5.925267356626549,94.521786207329
12.03127735818802,6,1.321102000760619,11,5,clear,van,1.6306108246259785,WH_South,1.7937052897356351,32.716025146399936
5.353359627315344,20,4.474970268920933,9,0,rain,van,7.024315604591816,WH_South,5.849125268207897,77.81258310357353
6.029605525109569,1,3.479550223317821,17,4,clear,van,9.64100095220016,WH_North,7.239860712635744,23.534274816651255
9.391039060804154,23,2.8541275168173037,18,4,clear,truck,2.397533944739641,WH_East,8.07412148074619,108.61312939204193
10.537172064211902,17,2.1452463546803227,15,0,clear,bike,8.434997887324121,WH_East,4.664498266645963,76.50343354770318
6.148092491111104,6,3.240656070914137,8,5,rain,van,8.058658777372955,WH_East,7.382448774032332,44.088082767094825
3.9083428456289093,23,2.2092539329487355,15,4,clear,bike,5.790585974213473,WH_South,2.625655125171055,65.80334271085027
18.771517160850745,8,18.25014213458135,19,5,storm,truck,9.20294101253915,WH_North,6.744664652142519,146.27159089709306
6.174308341060188,25,2.8066398747534635,16,4,clear,van,7.126877350694459,WH_East,5.086437732733357,62.22605720133646
6.5733091400233405,15,2.5558123857796895,10,2,rain,truck,11.357998684291903,WH_South,7.339104530890447,75.34728781732198
7.105171929544834,12,2.2724412591090655,16,1,clear,truck,9.164467143669055,WH_North,4.491983214963468,57.13942496831706
11.188394843174565,2,11.517476644362661,10,2,rain,bike,10.63911938161274,WH_East,8.380812710400107,81.2061550756971
2.68510583089056,7,1.0540640170070732,19,5,rain,van,4.336417534329854,WH_East,7.683835238941544,37.40369523878329
22.85806854157717,2,4.26995246700485,18,4,clear,van,9.731990173144588,WH_East,8.18807536637298,69.17908035436977
6.4586275397888135,22,2.808068890977515,14,4,clear,van,11.90429026698593,WH_South,4.481060631940992,59.76968107218646
11.408517996209895,3,1.2258321588939263,8,0,rain,bike,1.9615780457425478,WH_South,6.466602832691716,75.11950356798063
3.2497192794170546,3,1.8713246900842508,12,0,rain,van,6.134153344039126,WH_North,5.16379745997657,11.465116078134537
8.832673261575152,4,4.144854957161334,8,4,clear,van,10.348031797038303,WH_South,6.17407930207537,51.80860948565944
20.896208930953712,25,1.8128945126994755,17,6,clear,van,4.759516402642571,WH_South,7.2806256639396905,138.91290042361877
19.26849546822912,25,3.9816438025863006,16,2,rain,van,6.098798085888893,WH_East,3.7563922013940023,121.99677771864337
11.235624362538118,18,11.138496486445991,10,3,rain,van,8.971528307346652,WH_North,7.236930735286652,95.18257780026264
4.453140066293485,2,3.7412525959321727,18,6,clear,bike,9.896369518160151,WH_North,6.122355774792876,32.94601913892378
15.531600638525834,13,1.2002636788518255,17,1,clear,bike,2.3943657992857768,WH_North,8.294774690743969,110.64554095650497
2.24427899200208,24,1.8353636141143692,20,3,clear,bike,4.693319820726503,WH_North,4.521204241306831,58.25059663935221
4.343411330578571,3,2.718868994199022,10,0,rain,truck,4.734062474258323,WH_South,7.707232976573613,35.49528182016351
7.606922801320269,20,2.5946079253448455,9,1,rain,van,1.8338910228996488,WH_East,,74.82873568144863
2.4083145843976226,1,3.692891263840514,13,2,clear,van,1.0938198663269443,WH_South,4.953285028199431,11.382776991234971
5.702728658655156,21,4.131787241348766,10,4,clear,truck,8.93633054822102,WH_South,7.42046234343484,81.89281786825967
12.493809490700498,14,11.149220315311096,17,2,clear,van,10.223909076680851,WH_South,7.762036343712253,82.83798098968117
4.987605491799949,23,3.3114833613954042,12,3,clear,van,11.423023804375207,WH_East,3.6167539406063556,75.7555542484086
12.832908196159034,11,1.4821057597572982,15,2,storm,truck,11.475539918045747,WH_South,6.023714093854164,86.36951867983889
26.269409873645255,20,7.445905553475966,9,0,rain,van,11.936209965776115,WH_East,7.044020500761108,137.11871225082038
10.053628715932781,22,8.037492880248845,8,5,clear,bike,0.9959178436389267,WH_North,7.748286766280657,106.48228227689695
12.70556609105045,9,3.9067669533506906,20,4,clear,van,4.761568623825026,WH_North,2.2705846129552327,41.97165682328907
15.832434900012455,17,2.794138760523535,13,4,clear,truck,0.9858730152895232,WH_South,2.937866348087076,102.9776186878748
6.050910954380984,12,5.133473275209533,8,4,rain,van,8.134679724210738,WH_South,7.521710461725188,55.17020902289153
12.533138064295448,11,2.8640712610039936,18,0,clear,van,11.668698749579614,WH_South,7.682137037956385,60.89180487553963
5.956111515195773,20,0.7874178350704569,8,3,clear,van,0.4402037785314872,WH_North,7.553019812523031,63.393880725290835
9.639410436687204,6,4.925530566600843,20,4,storm,van,6.315956250646516,WH_South,3.7105322651555324,60.248426570937
13.629213600630191,3,6.200165801570091,12,3,clear,bike,6.399159971523316,WH_North,3.179875189885314,67.60886017412696
4.594986494655698,13,9.104429572192041,13,5,rain,truck,1.959299000409052,WH_South,4.158814451472272,64.71365174777004
1.166640152606783,21,1.990665669192363,10,2,clear,bike,10.001623245600614,WH_North,6.899620058043726,64.21166322448332
4.3020291539026205,5,3.889636548888236,8,3,clear,truck,4.736673510949943,WH_North,8.470009831112828,40.932216236734824
14.784893570987752,9,3.948989370066788,12,2,rain,van,5.045574950804351,WH_East,4.4098591574061885,73.10614654096887
3.938114647209204,17,3.5246029506008743,12,6,rain,van,11.543499903273759,WH_South,2.146945563195164,49.66958935488845
14.319225913128228,12,3.598075887196966,13,1,rain,truck,2.9686042968283566,WH_North,3.469705334847615,95.46274865126097
4.316887693719194,16,3.407555631896549,13,1,clear,van,4.625616225781959,WH_North,3.7977631760340764,44.9857250704823
6.963037577228567,14,3.8505830604580003,15,4,clear,bike,9.24180421442646,WH_East,5.307874714134545,68.38199894980008
7.9333307089495495,21,5.576028160758724,8,0,clear,van,5.759790397873365,WH_North,7.467743009734132,55.515752473553086
3.925104477412039,22,7.800604784850349,12,3,clear,bike,7.241039846194971,WH_South,7.06126650549864,69.1728211955485
7.011587860882578,12,1.9553462847754806,19,0,clear,bike,5.733757651304995,WH_South,8.491088774917529,58.447300163119706
2.5249719624584706,11,2.9428810533979686,20,3,clear,van,3.399906270823669,WH_North,4.109149501560053,32.86329297781593
6.400917900070161,7,2.469891731006702,14,2,clear,truck,1.9527258810038015,WH_South,4.595791662531143,35.921286708851405
7.538011213071382,12,2.234526502597682,12,1,clear,truck,10.201609843640172,WH_East,2.2532774388587544,56.742757869156
1.221243600772636,21,1.071198386657207,12,3,clear,van,3.302552198452092,WH_North,4.854689380785688,56.34141277775139
4.277034372042839,13,3.3768918624028488,17,2,clear,van,11.968408563530918,WH_East,6.609465573004393,41.89774656170259
9.465778663571438,18,4.643759423096702,12,0,rain,bike,0.12077165357117048,WH_South,4.582693383761464,89.59391956318804
3.6134929729744756,11,2.978530844267198,20,3,storm,bike,10.5833674052097,WH_North,3.266723633498221,47.93887470409676
10.400477675396957,18,3.299363174818016,7,3,clear,van,11.368419623646936,WH_South,3.0806592305992457,69.14660578819888
11.000617196350063,18,4.4500078024510215,15,4,clear,van,0.7044593424438079,WH_North,5.395258679396228,87.72766386954967
9.441448476860536,14,8.915432702695085,14,6,rain,van,7.530880104716115,WH_South,2.9103091170433735,59.64881876682192
12.447201295843128,24,2.4748129795165705,13,4,clear,bike,9.392149371698025,WH_North,2.422049177935515,100.51895113219845
2.3990543364250208,22,1.4620967271293979,13,5,rain,van,7.384361120373087,WH_East,3.8773074335905333,62.410991370639174
13.979422276327131,4,3.1164417838179435,9,4,clear,bike,10.561426338639542,WH_South,6.701412589167145,64.12644640820838
3.969321662269604,6,12.40987943920337,11,4,clear,van,1.5897632212702777,WH_East,5.02467327661178,31.097424394336336
8.495043542415743,24,1.4731008621487807,11,5,clear,van,11.385083276240358,WH_North,2.9854129322883733,74.07962030772316
20.432953327264016,11,5.233577019858278,16,4,rain,van,6.606100132579888,WH_North,2.653555006918503,76.86339659813265
6.313646136080914,8,7.467343104928903,15,3,clear,van,4.132476253929703,WH_North,4.5392003590446235,48.74537045526983
8.056230877231794,20,0.6338937321013423,12,5,clear,bike,6.302214314802194,WH_East,3.4690718590762444,86.13640125717808
3.986402324014632,16,4.424493313703625,14,6,clear,van,4.071780773770059,WH_East,1.088974452767306,44.94380676858813
20.319418485892758,4,5.065168709098569,15,3,clear,van,5.465317097908697,WH_East,3.7429257586317792,66.85906802946269
4.283608179880248,3,2.753479429542119,7,1,storm,bike,1.8775376271688264,WH_North,4.06896999739118,42.15909333989361
11.560444024867895,21,2.111699360022254,19,2,clear,van,10.135768732898972,WH_East,8.016475163516553,89.40772231443762
15.816534377972907,20,2.1957778410088493,19,0,clear,truck,4.675431481885827,WH_South,7.633739228706268,108.14598650268906
12.200509224832583,9,2.63794987476177,12,2,clear,bike,5.6041389746123205,WH_North,4.470483303594334,63.263686590586374
9.788361917055608,22,2.687288728785052,17,6,clear,bike,10.914911011953004,WH_North,7.512047095290172,101.2485442198352
8.416690212477729,4,2.3548006402661885,12,0,rain,van,10.884024317080915,WH_East,3.8280304287694813,38.59668779786438
3.225438343820753,22,2.608739939930724,7,6,rain,van,9.456985600541628,WH_South,2.787276092550534,62.03524244663341
19.81142320025159,2,7.641197079421439,19,3,clear,truck,0.36018649569894423,WH_North,7.933305590439217,101.76256418708682
9.31655023651789,16,1.4189254428479094,10,2,clear,bike,10.87652006912013,WH_East,7.256671278550354,94.77545956003519
8.059193682812419,22,0.9759529543021349,12,3,clear,truck,2.264829847536141,WH_South,2.879748860485098,103.4861289815141
3.749825703100665,16,7.727223206215624,15,6,clear,van,5.259503172450815,WH_North,1.9885783510663282,59.934808317687065
8.299490867284604,20,2.9025439263949475,13,0,clear,bike,10.835890368902511,WH_South,3.709988632269908,77.4911943970277
7.751798412934316,9,2.530045774496761,10,3,clear,van,1.140525770035234,WH_East,7.028039869886492,40.687610338908
20.43264799774868,8,3.07144462677622,18,1,clear,van,1.5972364934161716,WH_North,7.6570798346482265,85.92530726436188
8.056202071404904,7,3.8439238873906834,11,3,clear,bike,6.912692133396722,WH_North,4.997085779443687,50.453109802134804
8.218556148089519,3,2.3005866163844053,15,5,clear,bike,5.612582449160366,WH_North,2.813641979817083,35.59521423180939
3.782568265806537,7,4.731071877229105,16,6,rain,bike,4.676120725354707,WH_East,3.124351445461873,33.9883342188428
4.8732832680267935,7,1.6928545693911212,20,1,clear,van,9.715964396062242,WH_North,3.5941616807488157,23.73314274211942
10.774903707995335,19,2.6877963993576457,13,4,rain,bike,10.736156327639016,WH_South,4.975856095344698,102.99675901268617
2.051189337540767,6,0.7044856064681393,13,2,clear,bike,11.897141535639614,WH_South,5.292012772189121,33.814288421329834
13.93650961039026,5,7.542592791072526,19,3,clear,van,1.4755350873817408,WH_North,7.377422842702428,78.39992938704881
14.151347617321779,19,2.9350914534660637,13,1,clear,van,8.114951379866369,WH_South,4.455018961116091,85.87492538743263
4.533182429111898,14,5.307244978739043,11,5,clear,truck,10.456113594201398,WH_East,4.8820327651162625,57.33200013062716
9.80974933696345,6,4.634842458881687,7,1,clear,bike,2.886212559057496,WH_South,2.7554283314262342,55.4129149632343
16.10898908186207,18,4.878655386085525,11,0,clear,truck,5.76042820287069,WH_North,4.682292022752412,118.00415755996569
7.369541634194237,6,3.302095047787015,9,5,clear,van,0.08601581944362025,WH_South,5.433351259183292,48.41699820511387
6.536321389894396,20,4.356892940162039,11,2,clear,truck,1.6153515195984673,WH_East,3.8266619880311192,79.54004945009184
7.0502744460551146,1,1.6940140855699293,14,0,clear,van,1.5067713035933616,WH_North,3.673926721000266,28.15095543660206
9.303928627077104,15,1.462540527190157,14,4,clear,van,8.49075303239564,WH_North,2.2636873572692227,57.27451380047197
5.300726801774957,15,3.0932609143488814,9,1,clear,van,7.466990684754795,WH_South,8.7803065335034,53.311671573837316
6.187824580531844,10,2.0629903031674206,13,6,clear,van,0.4643669017244405,WH_South,3.1328719100011306,42.62899482709668
9.41444884590975,18,9.005404717627819,13,6,storm,truck,7.148334592620193,WH_South,2.165473700492814,116.70713095535778
5.866419272017738,10,4.31717434099631,7,3,rain,truck,0.8177135133097684,WH_South,4.095722987023941,60.746871699841314
3.5506473766629694,17,2.0106600010725693,10,3,storm,van,2.426399940683088,WH_North,8.613451175590873,58.03074629304403
1.9061853521211876,6,2.745386023782553,17,3,storm,van,10.816352442316136,WH_East,6.208098788846492,30.818043692653625
8.152420999749747,15,3.644082457342901,7,4,clear,van,5.367162786872706,WH_East,1.0,60.60980256968642
15.544343967865203,19,3.1657751245907755,11,6,clear,van,9.37615548806298,WH_North,2.962209723110724,77.32385109888926
10.10065875609622,25,4.015742344374457,13,4,clear,van,3.771740024733844,WH_South,3.1085410712482364,80.3313759933608
3.6493152164080698,10,3.483571919813952,9,0,clear,van,1.3292925241342597,WH_South,9.004638575637157,36.19120157077315
4.849405892312094,12,1.2542531252044689,16,1,rain,bike,10.658300020163043,WH_South,3.46662284347167,39.99239294474158
6.505732977940493,12,0.7366567776355161,17,4,rain,truck,1.9659248689917472,WH_South,8.078493834470539,64.63274112139712
20.799370025742697,22,2.556077018706533,11,2,clear,van,4.195698501502131,WH_South,3.631719101416614,103.75179046025534
21.432539915567663,25,4.915261189890924,10,3,rain,bike,8.414813952158536,WH_North,6.408641357394682,191.5802973012576
20.03370010352134,17,2.5762675767393177,17,2,rain,bike,7.101644018405864,WH_East,7.827465828091172,174.95132207774472
8.659378920861444,21,7.889990094315368,10,4,clear,bike,11.135880614590336,WH_East,6.606426327616704,91.45915369392743
35.86392041929075,3,3.2129172032040265,9,1,clear,van,11.852046490504208,WH_South,6.562386767136076,88.64212917151463
5.011276327252316,19,8.585178145980647,7,0,storm,bike,1.759570994447353,WH_North,2.8121796114703237,78.66571978248982
6.355089343772636,21,7.4359950745872005,8,1,clear,bike,2.719041833614422,WH_East,6.733206714326329,66.87998070625704
13.327813809714957,18,6.930284083295374,19,4,clear,bike,7.6699564106740485,WH_North,7.6105852397972376,119.7638699739393
9.44381320052455,15,1.4298104114189796,20,4,clear,bike,1.7607800004418377,WH_North,3.447206952950378,78.6054348121554
9.764796512458162,23,3.3601931840699626,14,5,rain,truck,6.506630219097326,WH_North,3.2557271922818734,100.1072361696843
4.089032439501716,17,7.814191012476047,19,0,rain,van,4.473949678281986,WH_North,6.383233202647333,64.34663996158866
7.717242827931636,22,4.0174256315449846,16,0,clear,bike,10.657559682791005,WH_South,3.573476105176679,89.12984968810372
5.060783644931682,5,4.894205398045327,12,0,storm,van,11.017137691638444,WH_North,3.366799811357951,33.08214269578589
3.061632381966896,17,1.2566869916892818,16,3,clear,van,3.105961137677347,WH_North,3.9812621288548047,47.64301488210852
5.4631781604331495,11,12.719712448744165,12,4,storm,van,1.1480173248728098,WH_East,4.024423992685704,45.859489829802335
9.445391241798214,22,1.9079663148971941,20,1,clear,van,11.892957599532204,WH_East,3.9406526414184038,72.21302265777796
12.09868357026198,23,0.8219320108359843,18,3,rain,van,1.7987452258995358,WH_South,6.908755934812339,90.80211265451784
1.8500684952918318,22,2.5966235943167657,18,0,rain,bike,2.0812176982038797,WH_South,7.82222149498288,55.4800376190108
7.939799674428199,6,0.5985539020918572,14,4,rain,bike,3.026079348454484,WH_North,3.3381176347826944,46.44291531915619
7.5039674409457096,13,1.553347684920832,14,3,clear,truck,4.090248997455745,WH_East,4.982780255225679,48.69867889384743
9.156671101259533,1,19.904747739976628,8,0,rain,van,1.773349811406281,WH_North,7.899286042601982,48.23300421928923
3.6979403211977337,25,2.544594882868702,16,0,clear,bike,3.8667724968117403,WH_North,3.8714414343229544,70.84351457490875
3.750261782490497,7,1.2220734708828895,8,4,clear,bike,0.26428838830157275,WH_South,6.647193990141317,45.79845919128175
15.780153969843147,16,3.379434948759043,14,6,clear,van,9.611804373495644,WH_North,2.468638007404061,79.68819859225226
4.573586596639217,13,1.7709876378909728,8,5,clear,bike,3.162624966479326,WH_East,7.232915186792848,58.01879812594744
6.161459358185891,23,6.080965238876359,13,3,clear,van,9.813411315055777,WH_South,,81.44152330762752
6.567885424634696,21,1.781255859244388,17,3,clear,van,7.7630611542430445,WH_East,7.719431034251702,73.51397918499677
5.124183814605844,20,4.012897693118974,11,5,clear,bike,5.766553161151341,WH_South,1.4216674542663952,75.16725006330599
10.582795293372646,17,1.487443202014952,15,5,clear,van,11.667514094567835,WH_North,2.267333068527237,58.583948549119526
10.06497787782936,3,20.477356226866668,10,6,rain,bike,4.640042508933677,WH_North,6.752570699463275,68.34307706031713
7.2992034617412065,23,4.723436487263837,11,2,clear,van,2.140658303945232,WH_East,4.881514090528398,75.27416006263914
5.322570602961291,2,2.9986012854509396,9,3,clear,bike,6.929271556473534,WH_North,6.098031167508527,41.82847319320591
6.945655792208826,12,2.7045329199930244,9,0,clear,truck,1.681796745583862,WH_East,6.860324036389131,58.93834370747276
8.34744659859009,10,2.2534897433913383,12,1,clear,van,3.321792019050871,WH_North,2.0916086565824035,52.06112102377548
4.85339334170063,10,1.9490860377935482,8,2,clear,bike,10.8928696780844,WH_East,8.092867550959122,40.64951156067478
11.042125287363861,25,1.9119473768322275,19,5,clear,bike,10.705903174480294,WH_East,8.067541485752958,112.9484516505328
13.877749182078617,6,10.749187768745388,17,3,rain,van,5.588702565505773,WH_South,8.124467902987902,73.49942783938721
17.30098470812078,15,2.2550456791869595,10,4,storm,van,5.73924908453869,WH_North,8.319497010849526,117.16663917412443
16.710800015222187,6,0.7478198033464417,19,6,clear,van,6.801404199327196,WH_East,6.071168124187793,58.60428481275012
6.541460805938573,23,1.4678850090054467,12,3,clear,bike,1.0101682033647292,WH_North,4.132487972819456,81.4983996615189
8.598415168435029,19,6.35605075492788,14,2,clear,van,3.037872637616905,WH_East,3.1047794458019387,67.25421652582078
7.213292439262364,11,2.782564989436931,16,5,clear,bike,6.959823786731536,WH_East,3.053773040717949,46.9084396751759
7.197018371281045,3,3.0226770523476314,17,2,clear,bike,3.8539940803106805,WH_East,8.252180248818894,57.111070835328896
6.91521375252898,4,7.529812310926328,7,2,clear,van,2.5606892293362056,WH_South,3.5372649993958976,32.30341537486865
8.029511809290849,7,1.9270366097773322,10,6,clear,van,7.768329857268699,WH_South,7.738148174588323,48.885836446320425
15.174429382254711,11,5.16906802075414,11,3,clear,van,6.7972295153575075,WH_North,3.652767159441843,72.72947283321204
9.614706602048322,23,2.0802369284787448,15,1,rain,bike,3.924873816222831,WH_South,4.046263656770227,114.72522872202113
3.5827115075213927,3,4.968478446879335,19,5,clear,bike,11.248695294449579,WH_East,8.701874829376237,18.61804281853467
13.547169384895042,15,2.524909762490613,13,4,clear,van,9.33227616778289,WH_North,4.247739498919643,68.0307966877886
9.08209515213222,9,2.80363160223671,13,5,rain,van,7.153699799768225,WH_East,2.3255528703447306,36.96132427343643
10.653150638130935,2,5.894935310208105,8,2,clear,van,2.513586504178183,WH_South,7.367571752229453,61.50930221877879
9.502941779910262,16,5.604766325995679,14,5,clear,van,7.777159492288571,WH_East,3.7857893610214237,65.56008332340755
9.760646139049962,18,2.9570744266940854,13,6,clear,van,8.252862187018934,WH_North,3.9384356680798187,74.7903273457521
10.026170127865765,24,2.3865848977628668,15,1,rain,van,6.975198077793273,WH_North,3.76718903776043,79.03256446076963
2.178793507067564,13,10.16960438530487,18,1,clear,truck,7.655523476712384,WH_East,,49.892264495507845
10.574849928754723,9,5.015492229527857,14,3,clear,truck,1.9467421128293672,WH_North,2.9447718425706446,66.53847937170666
4.993946325294727,22,2.5248981718640136,7,5,clear,van,4.019918409204967,WH_East,3.162670550344553,70.23949212865966
5.855315517069254,7,2.1018984196100954,18,0,clear,van,10.688938990489984,WH_East,8.322340415426922,48.6189714793577
7.99059836402852,18,6.803439239646464,13,3,clear,bike,1.6453439622873898,WH_North,4.704293915991412,69.25747299665339
18.822926002246525,24,3.5994464157581594,13,0,clear,bike,7.076293478722594,WH_East,1.971027961659405,116.38916913020167
4.025709889558573,1,2.9609581148557056,19,6,clear,van,10.77186395288141,WH_South,7.784322889844668,22.608670334984726
7.826808785800403,24,3.5983759651824396,15,5,clear,van,0.1698694822343847,WH_East,4.284306713380266,86.35317967020143
6.810994679508419,6,4.2057717674569925,18,6,rain,truck,11.605458347278766,WH_East,4.845797460545201,46.83786956755576
13.43658642503458,13,3.190946549609671,19,1,clear,van,10.600104015341612,WH_North,7.795220829709343,62.18598858859096
6.693024028119371,7,7.710482809262966,13,5,clear,van,8.580785910543135,WH_North,3.681998877369996,30.010847601951397
9.143609414782446,4,8.01678070828673,20,2,clear,bike,8.509615926261814,WH_North,2.5297184268455313,45.89588051208434
4.033872182860511,18,4.817820673757008,9,0,clear,truck,10.412678189463769,WH_South,7.350531065425018,59.68435815907766
14.723840706065518,13,8.691132850699406,19,3,clear,bike,2.0519098533167477,WH_South,8.304187038205296,108.85667938910022
2.872835990993524,13,3.3399229494539626,18,3,clear,truck,8.39921341616836,WH_East,7.3295459019749805,52.14045837062897
10.491520246839189,13,5.3829239060429375,8,3,rain,bike,4.121319499988842,WH_East,7.472732664209927,88.54098574879599
9.177710349671251,19,6.706783139990118,9,5,clear,bike,10.507665723988826,WH_North,7.198726402588561,89.94681105381488
9.977847298466202,25,6.775592359035092,7,1,clear,van,6.399972707420477,WH_North,2.7471806170544824,84.19177636644538
2.904067436050094,13,6.3040948813434206,10,4,rain,bike,9.189800329414478,WH_South,6.839795227067477,44.81648424697792
6.607165058384361,4,5.164624690056442,20,1,clear,bike,2.004309582008601,WH_East,,36.14856079653039
13.067592492045243,9,13.065689614690863,8,6,clear,van,2.9044763655509054,WH_South,7.854046996355912,83.41754828737515
20.403451518748682,13,2.2755299044525015,7,3,rain,van,10.058017716411985,WH_South,4.158668460534119,94.80069129449898
7.474366177827343,3,2.9782784990419318,13,5,clear,bike,4.74281369323068,WH_East,4.225111773059098,42.4874596003647
12.375347042532269,6,2.857201548734896,11,1,clear,van,6.333896010980682,WH_South,,49.93515949308997
8.657862485525833,6,2.566012143551601,15,2,clear,van,8.706433344022454,WH_North,5.462328938849646,33.592907632274795
7.713075789318226,25,0.8251909784633259,15,6,clear,bike,2.0362399663858377,WH_East,3.059210606853889,79.21812781095187
6.136448229268355,11,8.692020005544043,18,1,clear,van,3.630286790051817,WH_North,8.027424980819168,34.261964673194996
8.014673033799937,22,1.618940104538796,12,3,rain,van,3.9077840935463817,WH_North,4.162882489925098,70.21474465263512
11.752182244107198,14,3.739195330937955,13,2,rain,truck,11.00014397891967,WH_North,3.234769484465994,72.6860114218315
12.306183888915623,13,1.227153396733689,7,2,clear,van,1.6510646029512333,WH_South,3.101538590141984,68.52124305147235
3.3473312178048573,24,5.126899094979427,20,4,rain,van,4.455819194901316,WH_South,2.989923980508765,66.51699771426937
5.789063836830021,18,1.9159676108555224,9,5,rain,van,11.511800717373555,WH_South,6.499842210655513,71.08676835419196
3.894812396564744,6,1.4990426231767662,15,3,clear,van,10.01844006003077,WH_North,5.663678149412277,25.223196565251214
8.258327736122247,8,3.803951615154925,19,4,clear,van,8.04557377012488,WH_South,9.439331487976368,55.654398221419896
6.460722637286772,17,2.0329456363062994,15,0,clear,van,6.587183800527833,WH_South,3.504864796315244,59.0904746684397
9.783229041753541,1,2.2212911651480054,15,1,clear,bike,10.064767245214448,WH_North,3.421520832696155,44.78497330282953
10.18038416583479,4,3.7443675741017635,9,5,rain,truck,11.356756950033386,WH_South,5.0678316775502035,59.51748756067289
1.3673832457636594,2,5.812394484498197,16,4,rain,van,11.088857929035157,WH_North,2.905165441092679,7.542861964562819
7.977324621781049,18,1.872210200773696,9,0,rain,van,7.669490889406362,WH_East,7.071596832800436,87.64627431339918
15.342650079402848,12,1.6589174784115421,16,6,clear,van,8.73453259330368,WH_South,2.6042841183529175,58.977281226668545
5.790578942049007,1,3.3751459460972133,15,2,clear,bike,9.303675088402661,WH_East,3.2872861795660926,26.70822816550029
5.6824284906779345,19,4.8427212583064545,13,2,clear,van,9.712168423302389,WH_South,3.993282961577411,59.59038683387793
13.868776943390106,17,9.243574248638687,17,3,clear,van,8.796857522313614,WH_South,8.497453930050073,108.97928897309737
12.631705515480224,18,1.568420843795531,17,2,clear,van,2.1593889737598997,WH_East,7.144983200957926,74.80305635028041
4.174897690809072,5,2.6575988551961003,9,3,clear,bike,9.114963593820846,WH_North,9.093233503680949,41.31166634248644
11.93345222626273,22,7.561353568010183,12,1,clear,van,4.684529453924608,WH_East,4.111100215860836,65.88127432811388
4.816386759888392,5,13.212537313483804,13,0,clear,van,2.3975815653935717,WH_North,4.599452118323724,32.591514022435526
5.644507572202555,15,1.6567142949332698,9,6,clear,van,1.2303881257949811,WH_East,6.6044078219894935,54.122131078526714
4.1722519619268414,14,1.9794749962447988,11,5,clear,bike,2.8837669781106565,WH_East,3.4918141525592907,46.99124897239051
3.328340827023777,6,4.335210061825045,7,2,rain,van,6.092998377172366,WH_South,4.208159391844108,26.10055098988107
8.549274426229974,10,2.215725303008068,13,5,clear,bike,2.9625463913440884,WH_South,4.320826769865381,61.54904594459079
2.9717810907531272,2,1.951381867970727,9,5,clear,van,7.990920571993348,WH_South,7.587423643151919,18.177545702077047
8.756756577884467,12,3.9397978877087754,10,4,clear,van,11.572716652033886,WH_South,8.568337668968619,50.88663177971439
8.593903014385665,17,9.821697487066496,18,5,clear,van,0.5285602536966558,WH_North,6.523890045051704,65.02642661273323
7.270471954004476,8,1.3275861831635127,8,6,clear,truck,1.5678430291022685,WH_East,8.076330780419124,61.79815575929975
5.965651512672357,14,9.47667840305992,8,5,rain,van,2.9673755393616448,WH_North,5.851461256490197,54.62136481743017
5.240263413704869,24,2.220342685905589,11,1,clear,van,9.652340562362525,WH_North,3.2842640904483726,62.36790652828247
3.8137680485028795,6,4.229375494314095,7,5,clear,van,3.255245206299541,WH_South,3.2531710783653294,29.163808521523677
17.373379331340153,8,10.110712494385568,19,1,clear,van,2.298336090450245,WH_South,6.762564333720553,83.38841852933136
7.073705682612316,3,4.169209771484097,20,3,clear,van,1.8343954986532918,WH_North,2.969138673716077,29.786379303582812
6.928454870116705,14,2.695965149600781,18,0,rain,truck,1.7990138619432483,WH_South,6.969588503330934,78.50858740506574
4.309413655540854,6,5.4888729109139005,18,1,clear,van,8.63782554759248,WH_East,8.140797891756783,38.798359422394725
16.357756703818676,22,2.941099992157167,8,5,clear,bike,8.497467384557623,WH_North,6.856941589151018,126.22464365551959
5.456680739925223,8,4.782415409724386,14,2,clear,bike,3.733579285469539,WH_North,4.667358887400259,41.500330578125975
9.254539090211487,17,2.8769286989442606,8,1,clear,truck,5.393306355822494,WH_East,9.492531296393016,102.72454605459797
10.311917583621039,5,6.066652849713701,11,6,clear,bike,7.538293764573629,WH_North,3.2433935772337272,46.90138010041037
8.553105155304996,9,1.2511183298422741,13,6,clear,van,11.700706948808618,WH_East,2.539669770733242,39.764790221352676
2.919449800262546,5,1.6331895192521404,16,1,rain,truck,8.917759864673144,WH_East,4.13149978014478,20.161770539274723
11.64592927028426,14,1.2383131648750463,10,4,rain,van,9.636349064665252,WH_South,6.993865436400167,92.26182436223718
5.420683283466973,1,3.191526725249663,10,2,clear,bike,11.732753024529941,WH_South,7.742702152749163,45.770084824765654
12.560453410927675,3,1.1380579383396674,18,5,rain,van,4.57316549115626,WH_East,9.21602659853668,64.58168102021592
7.675863129135053,13,2.0456547255608943,10,4,clear,van,0.8291971858617355,WH_North,7.617213382529346,63.6527494655909
10.675639600524434,14,1.5291988591586783,13,3,clear,truck,8.962792778834547,WH_North,4.072385716888195,77.22123457912197
15.75714665138854,9,9.353712849455137,11,6,clear,van,1.4531559196920347,WH_North,2.8546266021357893,63.748259043234526
11.401334619269033,11,1.6595122825011777,18,5,clear,van,5.263144817979547,WH_South,6.631375938865849,73.3288951326601
10.825402039892081,11,1.3490734290505084,14,1,clear,bike,8.860484699963571,WH_East,4.232811855367368,58.39539625575513
11.947251912513282,19,3.950479538262,8,3,rain,bike,6.700252884474793,WH_South,6.656181734823008,110.17064442924071
4.7045254489085995,12,10.813277835275782,9,5,clear,van,4.405744574487873,WH_East,6.850431616195127,35.23551272627669
12.862551379665177,22,3.061034848351051,20,3,clear,van,6.172232160924016,WH_South,2.5782970449477096,75.13743191920541
6.741515409045642,6,3.23133862209641,20,0,clear,van,2.942706678784138,WH_East,5.190026558410997,27.385987792086766
6.8789673959227216,5,8.19504925668018,17,5,clear,truck,0.889663983498532,WH_East,7.888486536581132,35.39253477672036
8.393236850932146,11,6.1396057914530076,8,3,clear,bike,4.949847500733375,WH_North,7.108645541607009,64.62320320712145
6.357451653254927,3,4.4717976616729525,17,1,clear,van,0.6997750908948084,WH_South,6.129751442080994,33.67013589561673
4.068373306619369,17,2.208605873755152,16,5,clear,van,11.755881271332346,WH_South,3.441331893804299,48.83571834029126
8.015238388717382,10,4.568434264071019,20,6,clear,van,5.371633462497535,WH_South,2.9606546812635957,44.013145085885256
6.89939986589652,10,1.2807567744373873,13,4,clear,van,10.588418023774423,WH_East,5.819393082018806,40.16404727406139
6.74815778909535,14,2.14561691142817,13,5,clear,van,11.421453163878079,WH_South,4.261561376055159,54.14980741467865
7.527341751292067,3,9.043297319830728,15,1,storm,bike,5.392445281802557,WH_East,4.371634083634501,56.054878164536774
1.4960919018354994,10,8.259754613796533,9,5,clear,van,5.044298089052061,WH_East,6.524585340799322,27.979881673034242
6.779177508882053,25,4.50973904100113,17,6,rain,truck,10.721101730706625,WH_North,6.76456495057343,112.01448673217628
16.85755530016711,16,0.8602367774921172,13,1,clear,truck,0.41618334295784054,WH_North,4.071897989546147,88.7309987476408
16.11768639007194,15,1.4251041950940868,9,6,clear,van,5.846441794489673,WH_East,7.31952963938734,75.33700208859173
8.183767829286882,13,2.063429284570767,18,0,clear,van,3.223375458401771,WH_East,7.163099668493302,64.91825154871472
8.01861217406448,12,2.9441221113982152,10,3,clear,van,9.033101184978978,WH_East,6.572345464065163,42.55160801100739
1.1676520081350674,24,1.3836323718659576,19,0,rain,van,10.040673060071537,WH_North,9.535404293830553,71.21367975601676
5.6231478785518245,24,2.794296550382085,10,3,clear,bike,7.4400224320196795,WH_East,7.830472778253356,73.49140839040149
11.879413893072229,11,11.439893388357959,13,4,clear,van,4.883212757638559,WH_North,4.181770543190596,60.72954455452977
6.261371956161945,24,4.395516806191104,13,6,clear,truck,6.659999751739855,WH_South,2.228308384482345,81.71433557081605
14.182601693413709,3,3.8697064067412326,17,1,rain,truck,6.8897124301076715,WH_East,,82.30538432025665
13.703449290994214,8,1.6285844577518203,9,6,clear,van,7.621610747538892,WH_North,7.936071699327388,60.36254169414557
5.552525019249445,8,1.054124589300938,10,6,storm,van,11.066316301599594,WH_South,7.05442840631692,42.904414648931905
8.55421876712231,18,1.4053164406942802,9,0,clear,van,2.9894789994822384,WH_South,7.989101540329554,61.42805162741212
17.603001989277654,16,1.0247283943669832,10,6,clear,bike,2.418859469098263,WH_South,7.256485294475959,123.17965635716983
2.8707523003009867,12,3.4991661021145024,13,6,rain,bike,2.2827058036198844,WH_North,3.0883656463266096,43.87092149403599
6.349090256611392,7,4.343671955477121,15,0,rain,van,8.367028606093722,WH_South,4.302115003281118,43.947824889277854
2.6546525416950537,13,1.6892709292214343,19,0,clear,van,10.858666209451126,WH_East,8.138927422313753,37.730923807947526
4.48039735017733,7,3.6823220238532666,12,5,rain,van,3.921472747412126,WH_North,2.8416875954471994,27.41347858729449
20.470941398610524,13,9.284029550558616,12,2,clear,van,5.048089567170797,WH_South,2.7482792848120305,82.37118708369584
6.347735448989405,9,13.070896789695563,9,1,rain,van,11.618250019645714,WH_South,7.777194929060519,51.72892754609374
1.8203572071171035,23,5.693284062484175,8,2,rain,bike,1.743368346816263,WH_South,8.475233548650413,67.62252229536597
4.039648324110576,19,2.9376550093814293,17,2,clear,bike,10.554658102069787,WH_East,8.404942396002397,61.576210249960724
2.4424780506767894,5,5.56597944819342,15,6,clear,van,11.511422448652425,WH_North,4.181172759126109,18.803070655201484
8.750434496077938,24,8.552870764940492,14,1,clear,truck,9.594058000341382,WH_North,5.076410538647084,98.8480487555893
10.224419966273405,17,0.8145986863073968,13,0,clear,truck,4.036870302652846,WH_East,4.431461955307888,59.635980906863665
12.960056335951212,9,9.369393126694831,14,5,clear,bike,7.842973315201629,WH_East,3.168698165171082,68.65632731231742
11.518113215643794,14,2.2677524379957017,18,5,clear,van,3.497037066225353,WH_North,7.309153197070429,77.63065689712535
2.9741314043461995,5,2.2830811940468765,9,6,rain,truck,1.4500378500937328,WH_North,6.483064501874935,36.62041130756929
9.926718699552632,2,2.58972170256179,13,6,clear,bike,1.2884746189884582,WH_South,3.719349233451166,58.40299793370967
7.328990084012565,11,4.153946711538356,10,0,clear,van,0.11212190226632224,WH_East,8.99130712283856,58.71000572052502
14.020438607470803,20,1.525194621253794,8,5,storm,van,11.740276212027425,WH_South,7.937464923295119,105.22361500261549
12.266233049022418,9,2.7199953635148755,16,1,rain,van,7.860970826216629,WH_East,4.300724373569313,55.50431185732391
21.9605738443628,10,4.79557704686104,16,2,clear,bike,3.8548454304696946,WH_South,3.5834114555934904,104.61130893637002
4.2652771299924295,25,3.869014697482274,18,3,clear,van,6.9489431654405855,WH_East,7.479625176775323,63.27790856240325
3.8548168589158065,25,4.334343513185747,7,6,clear,van,7.428887399176755,WH_North,2.856193645413952,61.84432757515313
5.846709741336336,12,2.6464573626275762,9,3,clear,van,2.195147515332013,WH_East,7.142849510384313,45.431904946652395
7.50877266861907,2,5.395671007159297,15,1,clear,bike,3.4664181786426878,WH_East,4.047206930702381,31.248052593084346
5.13075666915438,17,6.955211852711455,18,0,clear,van,6.56733304744539,WH_East,5.283139702252485,65.62789650377462
4.418546733890283,18,6.66925072485916,20,4,clear,van,10.077533992893082,WH_North,3.3150900131836645,60.28460609804874
9.54780524301131,23,4.478674638289547,18,5,clear,bike,1.5550639821857062,WH_East,7.0613307339034606,101.91241361080532
5.8352564145413695,24,6.405934498469893,19,4,rain,van,10.300028942834128,WH_East,10.0,91.52784937303562
4.988752674096515,16,6.108873637941162,18,6,rain,bike,7.3078333045558335,WH_East,7.0039837346548675,69.70631537924575
2.9700254846963676,3,21.618631983037528,11,0,clear,truck,5.8759121302439805,WH_North,3.8371484001382172,18.590993089506547
1.2650720262031339,7,7.788489580937764,15,2,clear,bike,1.7272847986191961,WH_East,3.049823096314245,33.074888977356515
16.404700437295855,18,3.1201438432215483,15,4,clear,van,6.598846283789833,WH_East,5.347582487630059,81.11810416490043
16.1342554909516,16,1.753869515860979,11,6,clear,van,4.243579293156013,WH_North,2.2679490520333117,59.873751473391906
12.47874594488717,11,2.765445717130677,19,2,rain,bike,2.2676059882518045,WH_North,9.62951867312018,123.62753594630546
10.85113647573742,11,2.6320173386649057,17,4,clear,truck,10.559681355610689,WH_East,7.134051931603762,76.91874052084277
5.494492047866009,18,4.749293154565297,14,1,clear,van,5.526871809153017,WH_East,4.647467687215494,58.21959376499257
11.10666043938086,11,2.0336264510332236,13,4,clear,van,0.9570723867231461,WH_South,3.748972223265993,67.5630012627114
3.6638855734709415,4,7.648610673701602,18,5,clear,bike,3.625664305825165,WH_South,6.493860282519442,33.42892343706198
8.4313161298863,25,1.255213773933203,10,5,clear,bike,2.1780585617189967,WH_East,7.908630818042616,92.78116868122673
4.7116595467008935,9,1.0589018754451154,10,3,clear,bike,11.27094198601354,WH_South,8.995649900384718,46.341737630436214
11.133198182781959,7,3.020489168070253,12,3,clear,van,2.9167436545543666,WH_East,3.633023546506571,48.44470594815713
18.265261525499888,2,1.840815473506079,8,6,clear,truck,6.07676049074069,WH_East,6.978233193157465,74.23285838679183
4.0289730102279595,12,1.3760764563990229,13,3,rain,van,8.946269893443727,WH_North,3.428652729111506,47.76069508643931
5.670507153959487,25,2.125593444730158,13,2,clear,van,1.9021305156747408,WH_North,4.0016502424813485,81.05738355631888
8.337708649405922,4,1.9483053036208677,14,1,clear,bike,5.24985114727677,WH_North,2.814803937027633,32.30376277319486
2.0099685562027743,7,3.3437536788017046,13,4,clear,van,7.839376832917839,WH_East,1.375954056152302,23.844263661119314
2.534282465106331,5,2.1504356471178365,19,4,rain,bike,10.583444692413389,WH_North,6.116794652649719,20.15033584698498
17.968834924262627,3,2.2764243609751356,10,3,clear,van,7.849238066069395,WH_East,7.6010443675248505,78.16991307887218
9.572408362695368,16,3.3088278316024415,12,1,clear,truck,0.961006177206928,WH_South,2.8371060167127853,69.75128353933806
5.299168180098505,8,6.75288012803482,17,1,clear,van,3.8587375573463762,WH_East,7.694169382819658,42.09246473820491
7.812683148965504,19,9.295420186893129,10,1,clear,bike,4.211186422379587,WH_South,7.33876768746557,81.97537361176168
5.862470827576441,11,3.681930819286668,16,0,rain,bike,4.659281390757339,WH_South,3.164267852995282,41.34370332614247
8.486778581646714,16,3.887942833372349,20,3,rain,van,11.29942247070396,WH_North,3.2160400572199586,51.8788054801584
6.0032502576215805,3,2.92054162733584,12,2,clear,bike,0.4284402259166784,WH_North,4.670483159968628,34.18954741645991
7.4474085157951935,9,4.6500316872636835,10,2,rain,truck,3.626083372617197,WH_North,8.011751861261052,67.94360763413637
11.701623106266437,11,4.362972331108509,9,6,clear,van,5.909471056001813,WH_North,8.408454597800558,72.51631689268194
11.274347826555424,2,8.398838127787412,7,1,clear,van,1.0367522909331472,WH_North,3.8929343035690778,28.746266880164875
17.408062393780927,11,0.8850658407544194,10,5,clear,van,5.802455528769135,WH_East,5.281044519745564,77.30424383983788
9.97027618883797,12,2.81750454313693,18,1,clear,bike,1.2855470065266128,WH_East,6.860578607374395,88.92060978101108
8.114963552137832,11,4.209874799387904,10,4,rain,bike,10.053386576388846,WH_North,7.903614515779563,78.97435750005758
18.850636522298462,13,3.2595893778173024,20,6,clear,van,3.2410127024187143,WH_South,3.217780396461603,76.92390975584888
6.978711267758471,20,1.7204379448817664,20,5,clear,bike,6.276134190062669,WH_East,2.472609222146558,70.34939563987017
1.3819110582024623,20,1.3370200904635998,16,4,rain,bike,7.419814252447175,WH_North,3.083834650313902,50.29453236956179
12.56645278544859,1,5.838218495840644,20,1,clear,truck,3.668707404685381,WH_East,3.2528232977894884,50.17775114609512
9.290723487079326,17,1.9545342010620472,12,2,clear,van,4.215776397393952,WH_South,3.669987502241845,79.96186170905327
7.886717479137068,23,0.9719699952777969,20,2,clear,bike,6.126192646973136,WH_East,3.7558882039733112,87.09722136586346
12.75513725108453,22,6.047234148701936,14,5,clear,truck,9.665216386142298,WH_North,2.0119113046168438,99.31619499267799
6.036093507911534,9,4.578118154128105,8,2,rain,bike,5.432302524189939,WH_East,8.021628413874552,61.53048013668437
1.4458049267376558,20,3.061448383065592,18,5,clear,truck,5.890751092025697,WH_East,7.213324946423307,67.50504479324742
12.897969387996955,21,1.7503467043201824,20,6,clear,van,7.1503792381051134,WH_North,2.901046156411913,80.5897753904541
5.177516637792523,10,3.0666660357116244,19,0,clear,van,5.102537277954604,WH_East,7.178107496404181,40.10599926078751
4.141456276777747,22,7.774983379385847,12,6,clear,van,8.712940275315908,WH_North,3.6044152335711437,81.71879498134024
1.5170946633889877,16,1.0721977348389413,8,3,clear,bike,0.05889128752947714,WH_North,8.991259020461124,39.67267701412721
12.290567864665526,19,1.1109501812381473,15,4,clear,truck,5.796236814159004,WH_East,3.3965853291582344,103.44510866494639
0.96225021045329,19,2.1394831345732084,19,2,clear,bike,11.076194160930486,WH_East,7.234354385642025,33.57600257152263
15.687522713526237,20,3.258768682399462,18,2,clear,truck,7.390845217847974,WH_North,8.219326189585766,116.78369490637184
6.415406671119063,24,2.3457276950573784,15,3,clear,bike,5.836796909339078,WH_East,2.746473938601517,73.96877262172107
12.624344438939598,22,5.206831964678437,18,1,rain,bike,9.264298025657597,WH_East,6.651092384823931,122.3948651355013
10.146626378512163,11,7.114847239544897,7,5,rain,bike,4.716008910382703,WH_North,2.416042020813321,67.08593563622823
20.78861920337441,15,4.035532011500439,15,4,clear,van,5.606947376681383,WH_North,4.078535366051357,101.65209301865201
9.987261202262692,17,4.915053510044435,8,0,rain,van,2.3419166568897887,WH_North,7.007602022533782,77.27182860320318
15.363676210647707,22,4.016736216446663,17,1,clear,van,1.4904498108953375,WH_North,7.783122502322587,94.10201431016466
5.555324589333264,10,3.3422882046747198,7,3,storm,truck,0.30627269005626045,WH_North,1.9915987305892762,48.415164927423056
2.526320272282595,8,1.3424669248708974,15,5,storm,van,8.778106846265198,WH_East,3.5551131085499756,29.168559095362838
13.737202586639365,19,1.616730345829055,20,2,clear,van,5.618281370147027,WH_North,5.096410587160534,88.03080720122885
2.467682898056622,24,1.2896322060335623,8,6,clear,van,11.27223899516374,WH_South,6.181116949838581,73.32319394214831
12.21359067698406,23,2.9923129299410673,12,3,clear,van,2.1217925962915998,WH_South,4.199692706174839,77.98612245794052
3.805392918282892,4,3.9063155762359165,7,3,clear,truck,2.927801156208116,WH_North,3.612749071635349,21.489908994485834
9.397484213993655,23,1.2038398591056594,17,0,clear,van,7.664711358415506,WH_East,7.895551373705469,75.52577512223472
21.00482768535595,20,3.493194101436241,19,4,clear,van,0.6551722275682561,WH_North,7.578696617308603,115.56884011799063
11.67517093588286,4,1.7992116022773579,7,5,clear,van,6.0409590482297535,WH_North,2.726846056920984,43.354618889239305
6.997623241443516,1,1.5707613836172158,14,1,rain,bike,1.4829782089377153,WH_North,3.0501785994884614,38.181683896710126
10.284102559431513,6,2.143104349316588,18,3,storm,van,1.9367694510778533,WH_East,6.816415024171408,73.65826144592565
5.687118577087298,24,1.5153803312105492,7,0,clear,bike,6.1451984801141055,WH_East,4.789449400250864,83.16733746439965
25.489796920262183,19,5.076699687102248,13,1,clear,truck,6.828849711749003,WH_South,2.2888472438878456,117.90029324943869
4.92207218679166,15,2.9517461407684764,8,0,rain,bike,2.544416939016276,WH_South,7.78318360817271,58.27885577990551
7.47712433760838,16,5.874669715968291,19,5,clear,bike,3.254863390417334,WH_South,6.94229252225415,72.80353786526898
11.082809288007045,11,2.4340403048430135,14,6,rain,bike,3.409291051605569,WH_South,2.95776706431288,85.24590964740128
9.854842845358268,23,2.4993226537943167,14,0,clear,van,1.701717935969139,WH_East,4.398380135265327,87.83650528208193
10.5080097216031,4,12.321772858062658,20,4,clear,van,11.588650226096458,WH_North,3.4663354016311376,36.59618845475087
5.763984460044478,8,1.0659406724403773,18,4,clear,truck,8.306399170305829,WH_East,8.387701137998425,55.10856975135128
6.819224584939116,6,8.159124490540338,11,4,clear,van,1.3301019771262128,WH_East,5.587289796533841,39.23702719799095
13.380965893518042,22,10.571554184037485,15,3,clear,bike,4.2859221830618175,WH_East,3.663009462958624,103.24827444196096
13.009545430356466,14,5.675009556796482,11,6,rain,van,2.0712335472000802,WH_South,1.1712191706783355,58.563888950845396
9.992393424149178,18,2.634440094187786,14,0,clear,van,2.8126335998990184,WH_North,3.6717082181639222,78.75935891889377
16.43377974517177,23,9.01447348134247,18,1,clear,van,11.273733313560568,WH_South,7.583322392008055,110.34660411704935
13.681949939444538,5,2.6505496884119437,20,1,clear,van,1.641035439544137,WH_South,4.161815170445812,49.17972235382957
12.788070581093884,25,2.0257704351474937,20,5,clear,van,10.557740756200698,WH_South,1.2053378353642001,86.14449821750205
2.431243752557673,4,2.529981926570364,13,0,clear,bike,10.102020418225347,WH_North,4.092047548712144,26.998796711688207
9.922028390854114,19,2.227465479038721,19,0,clear,bike,8.924019022857406,WH_North,7.420717159811443,100.6022185153799
8.90020037170627,18,1.7114891038866413,19,5,clear,truck,5.960664287050622,WH_North,7.722462366176418,83.11427947293329
17.60845440219617,21,7.2210869154196855,14,2,rain,bike,3.1004118572481536,WH_East,3.333390370713462,137.20991890247427
0.5708156155927158,4,1.9320587672611578,7,4,rain,van,9.971758388314061,WH_North,4.581186629784174,18.35733190390722
7.220184239502897,24,3.251924931924368,8,2,clear,bike,10.008899587671788,WH_South,6.44034463329198,91.41571612134393
8.470328163523728,20,1.2084755356871546,16,0,rain,bike,6.303791944153497,WH_East,3.8160048035813117,84.5669578115286
3.770270241312841,3,3.3925012365581537,18,4,rain,truck,0.5713606369940183,WH_South,6.9253523851100125,20.523213186389157
4.299867516275915,14,1.47823937633627,19,0,clear,bike,2.3155341664359765,WH_North,7.360698662922756,62.80855879473468
17.63982577280641,21,1.4530429213301008,10,3,clear,van,0.6730015140722081,WH_North,10.0,111.2972872149496
10.48472878624559,12,3.075595259756231,19,6,clear,truck,2.1580562157255687,WH_East,6.145387392976259,58.42770606439751
21.031157395818667,10,6.957920045364045,18,1,clear,bike,6.101055369292924,WH_South,7.464664146401473,110.96857662713349
7.138829626277503,7,4.518994807620985,13,1,clear,bike,10.250081473297952,WH_East,2.7706326479306638,38.79864887832746
2.8902526011150433,13,4.741645703561171,12,6,clear,van,7.838841989654705,WH_East,2.7237041113828004,44.08783592465042
6.515457453460901,25,3.0315012959211947,13,2,clear,bike,7.210835634280332,WH_South,3.6650352336209857,92.91631561672715
5.825028055022281,16,2.624923661781534,16,2,clear,bike,8.97544250514114,WH_East,3.1388848913591705,60.84512707440305
11.908553526366152,19,5.776502795855724,18,4,clear,van,7.6789376947022125,WH_South,9.218729117792222,111.1197105045655
11.636513448608659,20,2.2384328184221114,9,0,clear,bike,5.3211271734548085,WH_East,8.83965216892126,108.46296076542166
10.78672610458241,20,5.954242008343148,11,0,clear,van,9.784361343157238,WH_East,2.9478724392165514,73.23066982393607
24.649391923503767,11,7.886582180190762,8,5,clear,truck,3.7222136454411214,WH_North,7.735037072462493,105.6031627305733
15.903681343841338,20,1.8423266415006483,20,6,clear,bike,11.137378887383143,WH_North,2.567919801700268,91.68744607435191
4.509361018808601,9,2.0419151225918095,12,6,clear,bike,1.3942869902075956,WH_East,1.8936198878171293,27.471172547029063
13.935012362417323,15,2.2659931632706924,10,0,rain,bike,7.652158714371476,WH_South,7.153930961616812,100.817048878623
8.138066859544075,8,1.1890161042389154,9,3,clear,bike,6.00619623648164,WH_East,6.66963103922968,64.19281880685172
7.017337684540186,24,2.3902981039614457,8,5,clear,van,5.109139880119985,WH_North,7.847069229287485,64.76124189408384
17.01488635682488,19,8.256615980966128,13,5,rain,van,5.156596557538963,WH_South,2.211245725223434,79.61227805670215
4.314067443620333,15,1.5969524917650744,17,2,clear,bike,0.5064902884685671,WH_North,8.959319742537126,46.93825748194005
13.41439937877052,12,8.395008273513817,11,3,clear,van,9.018165658353741,WH_North,3.9267852556648735,69.4133788006003
12.236143707773465,14,2.451227401796144,12,1,clear,bike,4.228164961944779,WH_South,3.43678217494118,97.0040463808167
4.25737070444758,20,14.582540340008649,15,0,clear,van,5.719636283680524,WH_South,3.348112382383131,67.95435636495775
2.3649962575222547,7,2.0600512358812377,11,2,rain,van,10.171129043646296,WH_North,5.3773782057023265,30.3820156431154
7.598110282619446,21,3.0018015801011404,17,1,rain,van,6.925302012964405,WH_South,7.80927593216455,71.7615523875733
0.5,8,1.7557074030515847,11,6,clear,van,10.217239141885997,WH_South,2.5460965158339803,30.62994267061925
14.843067779215216,4,2.051578421296352,13,0,clear,van,1.6449527347531183,WH_North,4.568097631996107,45.96582885247681
9.899747806478834,19,8.47165103281427,20,3,rain,van,3.381810596334063,WH_East,4.326993231681283,86.54529983028293
17.320685145625937,18,4.628235433578614,18,3,clear,bike,2.7351889731735426,WH_North,6.910716686767616,128.2333317867013
9.506685538786652,9,6.822134813792234,15,0,clear,van,10.636011368691047,WH_South,3.804721679684464,36.650642216159845
17.965872841667682,17,1.3219229929369662,12,3,rain,van,9.378686341765803,WH_East,2.1721769980171075,77.65694024477413
5.431532337360933,19,5.250797223710727,20,6,clear,van,10.009210282810777,WH_North,2.969893770816243,60.73239040590437
10.766997638957566,20,1.682010288396411,13,0,rain,van,6.8242027214413215,WH_North,4.082783980397242,61.54129551715398
6.215723813693807,24,1.301968097602847,11,1,rain,van,2.64898694134664,WH_North,4.20307852346717,77.77409140674783
7.453430618384507,22,3.9240971417623083,15,1,clear,van,4.5239804920451006,WH_South,,61.96459732684937
8.452831011249994,11,3.896103041242193,12,0,clear,bike,6.603610478173217,WH_North,3.1353046147568278,61.22716180019478
9.881281843616962,6,3.4464408139906033,19,6,clear,van,0.22774292646024463,WH_North,7.222654934091597,39.84370541729608
4.949319126373922,3,5.48650197179715,9,0,rain,bike,7.675707212903639,WH_South,8.925434454581778,48.481491726030384
10.470029791549884,15,6.119598087212147,7,1,clear,bike,10.258433962850594,WH_North,3.8828581165726845,81.38765949962692
8.198840802374226,17,9.288810813144178,13,5,clear,bike,3.9076239049623136,WH_South,2.4977034945776335,72.6267146767225
3.015172325369359,18,1.4430514025873142,20,6,clear,van,8.157474504935006,WH_East,3.8732014275088735,51.324737987849964
2.0891567672637787,1,9.501136013399321,7,1,clear,van,5.80275946698171,WH_East,3.9161816441291757,17.314255965963564
14.87418149895188,18,12.399027508317987,18,2,clear,truck,0.04772990360988105,WH_South,7.960860988022964,114.33942163702551
7.228660987293587,20,2.5693141317482344,7,1,rain,van,3.407906314990931,WH_North,4.517942671360297,65.77235502061194
2.7742510066117183,19,1.0325751439498916,14,1,clear,van,6.334323045910401,WH_North,3.713327330416335,56.30985545506044
19.60462246989224,14,1.2605533117132393,13,6,clear,truck,8.698901740495218,WH_East,2.1599168853946864,95.25644028956043
11.08914330326176,1,2.4029665422836675,9,2,clear,bike,4.8244052084891775,WH_North,7.660873408475049,61.528325236264486
9.727693314243316,13,13.597678956518301,17,4,clear,van,2.2349447462163465,WH_North,8.800923576698748,62.062349463639215
4.653520001977747,17,3.360050488300819,9,1,clear,van,0.7325966497959624,WH_East,9.50340616098654,69.5972584457229
2.982712218548762,15,2.1553887856837206,13,1,clear,bike,8.57630520120745,WH_South,2.7031365686964106,39.318093248718036
8.907985192978844,15,2.0548819872081805,14,2,storm,truck,4.380496084958493,WH_North,5.273525136664021,112.71088109254237
7.889379128933925,13,1.3153389281992631,14,4,clear,bike,7.765250446753285,WH_East,3.4697862521557874,51.26521495749247
3.8145490650601444,14,6.123924938474654,7,6,clear,truck,2.661022063089462,WH_East,3.0184120311482245,48.687075915706636
3.7188214205160697,9,3.11289100717739,13,1,rain,truck,9.056226445850996,WH_East,5.32988250376081,45.3346216343724
3.5849458836801302,16,14.438245983986818,16,4,clear,truck,4.132633988398165,WH_East,3.4312665900577555,71.41376468378235
3.4956359925402642,8,5.153863241807464,14,3,rain,van,0.6284241617230863,WH_South,3.553042760406155,29.82986100601824
5.313630071206652,13,5.935524636700958,17,5,clear,van,6.122801996578186,WH_East,6.421490475555562,61.83775726262658
9.72962677007598,11,2.8025413162054944,17,2,clear,van,8.77735976731084,WH_North,,60.79621306013819
10.700377383445012,18,1.5469399647057043,9,2,clear,van,11.189965895350435,WH_North,,74.34147961815592
7.790544475422583,23,1.801272417484657,18,4,clear,truck,11.650293371177755,WH_South,7.18163233384766,100.65195135345914
8.666036146253859,16,1.273192007960049,19,3,rain,van,5.477035285989055,WH_South,9.105324459737744,89.48363628042863
10.996919617627206,4,6.279411738458856,18,5,rain,van,7.342480284905225,WH_East,6.327405156692854,60.78831674796422
1.6620596013905522,17,2.53592729988903,18,0,clear,truck,6.6866511292529776,WH_East,8.248557118598875,60.68686396811872
9.075067905172084,9,6.46724610798451,9,2,clear,van,6.40249905646284,WH_North,7.8238908122959465,44.49025926199933
16.302668892339113,2,3.6515074473779254,16,1,clear,truck,1.374469382484822,WH_North,4.919350175433378,50.384580711387486
7.112143714889578,5,2.70479777814065,13,1,clear,bike,8.050380543030972,WH_North,3.0764619886761273,30.774942656307896
14.53483219241878,25,1.4641546065380389,20,0,clear,bike,11.58324298027862,WH_East,4.3152795887392,102.71729620687931
7.193966240283928,11,4.100639401243426,18,2,clear,van,1.5216346632193538,WH_South,9.978972150113197,61.74435970999156
11.42109014789683,6,2.8489681853133626,9,1,clear,van,3.7422540950033896,WH_South,6.502547058954842,54.75076726373183
9.61344120794249,4,6.243423998310437,20,5,clear,van,0.9245989866643267,WH_East,2.189472473730402,42.05524663795742
3.5428183671187776,17,2.0121675555714407,16,3,rain,bike,4.833394769213781,WH_South,5.67557539650732,44.240193272351775
4.160193660441626,20,5.110388565029633,14,5,clear,bike,5.780065392533951,WH_South,2.8792509487080142,63.591132790412495
17.96527254574594,9,10.47083623536891,13,6,clear,truck,4.296217094031443,WH_East,3.1022337789557133,85.28467635690137
12.86055084759183,3,4.0180195832536105,13,5,clear,van,5.718985730148136,WH_North,2.700961299182129,22.03285331084033
7.496749689149784,9,5.752899663021526,17,2,clear,van,9.635602399802588,WH_South,9.288765416229086,56.91284055733997
6.895718807857877,17,4.954633366072154,17,6,clear,bike,2.5670831191880934,WH_East,5.547761243966233,94.83544312477484
4.674875724907116,3,12.5367463418009,14,2,clear,truck,9.095660342051328,WH_East,4.913330250830192,31.33589319345071
10.098228068657741,7,4.306356966019916,20,5,rain,truck,9.519455970327185,WH_East,1.6702432123408837,54.66366651707488
4.950274339090387,1,5.419324605821525,10,1,clear,van,6.973597572844582,WH_North,6.389746002790043,18.09840618315843
6.339818536497459,12,3.236869891706481,12,6,clear,bike,3.78385425062299,WH_South,2.0217245953028247,55.06985334978091
5.299591164951331,5,1.9307876433401991,15,2,clear,truck,11.238009988231193,WH_South,,41.84043991288259
12.40623825188152,5,1.4251499268676466,9,4,storm,truck,4.366842673093223,WH_North,7.157113196135252,85.46804735977258
7.306727316343858,3,8.059462330717022,13,2,clear,van,0.5990542189843242,WH_South,3.103739523314737,36.86374461100502
8.705251550211496,19,1.639101851113786,18,1,clear,van,1.6330542238046104,WH_North,6.965171908256033,76.9533760556033
3.594287383322751,13,5.596297116568101,16,2,clear,van,10.699080067732975,WH_South,2.9807379799805407,54.32498199765024
5.275644608048028,24,4.442474945356725,16,4,clear,bike,1.7997177743807709,WH_South,2.9604416442062282,86.26570847525903
8.820479354989494,10,6.311982060585759,9,0,rain,van,5.368729699209139,WH_East,8.011375283011972,63.84318631382567
2.471709165812985,6,2.315675839385796,9,1,rain,van,8.30365872985758,WH_East,7.2276852828352345,27.333130718506478
6.970186934387665,6,1.9088272721752793,13,6,rain,van,6.883736411084054,WH_South,1.0,34.08869600554006
7.936780504827524,24,4.326938667057671,11,0,clear,truck,7.840460402577364,WH_South,3.7664363342954608,107.3494787203735
3.272323353633339,15,2.7057004596906373,7,5,clear,van,4.1857759743141125,WH_East,3.674475838795836,42.789931151337
14.172453770797551,9,1.4025333882575677,14,2,clear,truck,7.946833661263737,WH_North,3.549066626224553,66.75736517507423
9.816046005925312,17,12.89665376476951,17,2,rain,bike,0.10902690020943728,WH_North,6.665289008933971,99.60162590176029
7.273502471379443,14,1.9079212218329906,17,2,clear,truck,3.1590028375631123,WH_East,8.470529685655453,62.2872309133035
5.026338614444163,3,1.656086189835014,8,2,clear,bike,1.4831981220738033,WH_East,6.564710870749913,36.90247243974548
2.3967690692418255,18,2.802480624451476,17,4,storm,bike,5.463155727037945,WH_South,7.510941393129288,51.42429424053317
13.564412079335106,3,7.98049945948126,12,5,storm,van,1.7498769883270873,WH_East,2.980326440497107,59.8935070919946
5.969452466302806,5,0.7285387012502695,9,2,clear,bike,6.568452860059158,WH_East,8.771241874083042,52.96126305977631
2.889879177569182,18,7.530176869661505,13,1,clear,bike,2.1679804951115047,WH_East,4.319961429251738,57.16339721269796
4.931675886034207,12,1.7541221791788142,10,0,clear,van,4.9711760988452145,WH_South,8.014591350526812,50.25715228133691
10.42807324147072,6,3.995495765744738,16,5,clear,van,0.890658167915165,WH_East,3.8375360226350548,39.24799692871561
9.22675496594472,2,2.0684408828541825,17,6,clear,truck,5.279763247950261,WH_South,5.957797586225279,47.604088502124846
3.8268439405137498,15,13.387772599418978,17,0,clear,bike,9.695799350880801,WH_North,9.221974046326277,53.494477425011695
14.930889890805316,18,3.62275237183603,8,4,clear,van,3.8028151086281228,WH_North,5.04146719969855,90.59069383982036
2.8606720384383664,6,2.0225031243819025,11,1,rain,van,8.475800835658909,WH_East,5.084992356812434,32.690229859034076
16.668347003617033,11,2.689179355362109,13,1,storm,van,5.11183311890046,WH_North,3.042869119188061,74.0870683257268
8.995223799670315,9,3.535115430531721,20,5,storm,van,2.810541979615765,WH_North,3.3421612567327146,55.25979663040833
6.263223563652662,23,3.7598295556626495,14,1,rain,van,3.641743196421736,WH_East,5.103617085370471,72.83723989614326
6.826223314325234,20,4.513774576782943,16,2,clear,van,3.630939198412768,WH_South,4.304850115586328,72.0513000297575
8.391264243876002,7,3.3168541038274784,11,0,clear,bike,8.908546896136007,WH_East,4.135176770775639,44.95394344516792
10.900304939891877,13,1.2661569743003247,11,6,clear,van,2.4112315331458367,WH_East,3.7796948552364733,51.684482867150635
2.070469489787559,24,2.6164348068912338,18,6,clear,van,11.733258359994835,WH_South,5.668054328952369,65.49872677243009
4.823842370512494,9,5.076697046290572,18,6,clear,van,8.249811146161177,WH_South,5.803048239260978,36.745535066167356
8.230258571649099,4,2.0773271338203654,7,1,clear,bike,4.813853191742303,WH_South,,46.210461972173285
15.251120207659318,8,5.317200248725633,14,1,rain,truck,11.976048117545094,WH_South,3.622152984327979,83.06053404923921
14.926155919945318,16,3.394656891681965,17,6,clear,bike,2.594058577622255,WH_North,6.718471091297291,91.89318317679546
18.594869678582338,25,2.8507493520477647,9,4,clear,truck,9.154934576316752,WH_North,8.914380065339747,146.92817172865546
14.527278881428028,8,7.659147803661269,16,1,rain,bike,3.251242771001586,WH_East,4.83633290892905,89.49698701700126
4.581240449360866,2,0.9834465286412697,13,0,clear,truck,6.522773415754077,WH_East,2.9713383913783185,22.091244334323225
7.916821682804038,5,2.0694344786144945,14,5,clear,van,0.6530564229097084,WH_North,3.398178097396683,30.497945800092634
14.575982721622918,11,7.8671833144701075,15,5,clear,van,10.157509635628525,WH_North,1.5921109631239707,49.7865385570805
13.781879155597647,3,11.95362302227414,19,0,clear,bike,4.393822825252615,WH_South,,81.94152891635494
7.042628092346567,1,16.447849501446353,8,3,clear,truck,7.0138366903293115,WH_North,6.996437368898767,45.03133986642097
10.726144769331658,17,3.439234340710277,9,3,clear,bike,11.127405980414558,WH_South,7.752325911415885,93.35382279484449
5.947982864541199,21,4.574640725648164,11,3,rain,van,0.3629607046098249,WH_East,3.2122478387429076,64.56307134506976
2.690550861770988,6,5.883780391599187,18,2,clear,bike,11.616209242024416,WH_South,8.206093329561243,28.897806499898188
7.430280373120712,14,8.105579814532568,15,2,clear,van,6.302152186824172,WH_East,3.7862006021384214,62.85483618226341
7.15630167200619,15,4.133664717311803,9,2,clear,van,9.368958887137442,WH_South,8.802680116180307,58.23770752876347
5.765963492491628,17,6.349043974748046,7,6,clear,van,5.676537187270188,WH_East,3.4910746421362964,68.05984086789749
10.925417451477522,25,4.580653439417068,20,6,storm,van,9.790893332003726,WH_East,2.065322802887792,81.56692216194614
6.896661310422274,23,4.785338476222896,8,0,clear,van,10.566705931377417,WH_South,8.610562111868516,84.21303791243406
10.05802830526893,8,1.7456754081854409,7,5,rain,van,4.580088670478847,WH_East,2.2242415241718767,52.60343953995286
12.277145111790247,25,2.6367586967068197,12,4,rain,bike,8.671586767469575,WH_North,4.170322778102774,119.03065350871309
26.316512622656802,1,2.3026521362622923,14,1,clear,van,11.983416095272904,WH_East,3.3569403481545037,68.75457388728292
7.507526405690222,25,1.4445143606705226,10,1,rain,van,9.085580107133259,WH_East,8.991672386554093,93.67297264400285
15.371065387881105,4,1.0448531435492043,9,5,storm,bike,11.482557930534757,WH_South,7.658066697720408,150.77048147994262
9.148137658393326,3,2.4681299311378098,8,2,storm,van,8.839406760412531,WH_North,7.176641594113188,46.169365414341385
9.46232028531616,3,2.7601426729604213,12,0,clear,bike,3.9586432495372326,WH_North,3.4525874279098807,41.86759854497255
7.570350826884454,4,3.5734301228260894,20,6,clear,truck,9.925820098302465,WH_North,5.942381990189174,35.43083377687729
8.680393232961121,12,4.898928406202345,9,6,clear,van,7.996089176634664,WH_East,5.865143365365668,66.37985372292744
6.936796246726281,17,3.7874219771241777,15,2,clear,van,0.39681568141466705,WH_North,3.1520790070862694,62.6032295761492
13.88571976227102,19,2.7736445453165075,9,2,clear,truck,2.0692085413387695,WH_North,7.196085513011608,116.41767041846403
4.944326704872538,1,1.7496426707724986,16,2,clear,van,3.1352760943216356,WH_East,2.7569606917789646,17.324053920716047
2.6703127941328715,8,6.134621421370889,7,1,clear,bike,8.9227656860632,WH_East,2.851531754391214,35.334829370057086
5.643929970287328,4,3.091710346264579,9,0,rain,van,9.565591911558418,WH_North,7.702201237782502,24.081378608713372
5.2582554429781565,4,2.4506349236562124,7,1,clear,van,9.922625240525802,WH_North,4.228879680863981,22.412357775062326
5.641970143358452,19,2.913869731194738,16,2,rain,van,0.806576850431076,WH_East,,61.51964387345224
7.327106679112527,17,1.9879003015512653,17,1,clear,van,0.8658801776653102,WH_East,7.3487041015975585,63.00392646655099
5.65558520936395,6,2.289946039181284,9,0,clear,van,3.5933186134614794,WH_East,7.076411545653404,33.80000694074663
7.263281567212083,8,2.239559468543443,13,6,rain,bike,8.174920773262906,WH_East,1.9465634080092942,53.41904486066072
5.666998905674848,24,2.7151950906563336,11,6,clear,bike,10.106218906640283,WH_East,3.8962084448012924,77.05650728254554
10.18259090613962,15,5.254203746238402,7,2,clear,bike,10.432508005250375,WH_South,,84.03580209418789
26.18296741124707,6,4.414870262374097,7,4,storm,bike,2.4901837774336673,WH_North,2.567096415408308,139.17591528984147
9.039635774535697,24,9.80327178034503,20,0,rain,van,9.208983374200974,WH_East,4.592134347017905,104.56842994024842
5.8181089772576895,5,7.754011826639868,16,6,rain,bike,7.689299192995551,WH_North,4.1261165711298915,36.75015203489581
1.1598461203653088,8,13.059231016091992,16,5,clear,bike,11.12076023003342,WH_North,3.2138903836404147,32.11858497428551
21.412203022690505,18,4.910672686435011,11,1,clear,truck,9.27433252627731,WH_South,2.9532356419414483,107.96241229382207
9.341486729077431,13,4.85579897500821,10,1,clear,van,6.3434554100760145,WH_South,7.550103029199042,68.43979193747154
7.223376045445681,2,2.360347740031698,18,2,clear,truck,9.398331393904991,WH_South,7.210467355686302,30.481380275298434
1.2282555437320437,21,5.919254004763921,13,0,storm,truck,3.6993323362024646,WH_South,3.755547839212665,63.73638551332526
7.458298754970992,6,2.097441249031084,8,2,clear,van,9.433742872830432,WH_East,8.4443190932586,45.89275090364192
8.636359464907102,18,1.1861124765089524,13,4,rain,van,9.374021697149594,WH_East,3.7772950563053582,46.348374058401276
5.680445578803456,9,9.664181041089435,14,5,clear,bike,10.26250308481035,WH_East,2.99682524718621,37.165475302286396
3.0714370330231393,19,1.3848237618171026,14,0,clear,van,2.9087526445087177,WH_South,3.338223998971241,61.247486533983455
2.92050941709781,23,4.514056760844453,14,2,clear,van,10.188010078462778,WH_South,4.398378610339129,63.32196543869626
21.602005666502365,20,1.792780988374837,19,5,clear,van,2.028602621932462,WH_North,7.331457463554414,106.68868494375995
8.487749763096224,24,7.305791106774589,10,6,clear,bike,9.262795303882344,WH_East,5.345629702187991,107.43186525913129
5.677146872608345,14,8.037073223904738,15,3,rain,truck,11.159009869954541,WH_North,2.1966632753598025,75.87515841092193
8.185237133221753,2,4.808688881713821,19,5,clear,van,0.4295773753675678,WH_North,6.701519326036631,33.112434206112106
7.849900795594498,14,7.944304816257723,20,1,clear,van,7.512151764907967,WH_East,4.67360519068272,67.24407507067384
2.8110692578251735,12,3.3372127515857133,20,6,clear,truck,7.915100670673958,WH_East,4.049983074700204,56.38771152980608
13.369321256086874,18,15.861935995644284,17,3,rain,truck,9.781714830836187,WH_East,8.486653900800897,124.32570832963796
7.106839301436933,7,5.597475337213316,8,4,clear,van,1.2338807888344037,WH_North,7.664399122244404,40.07905239661392
8.557996327080474,18,1.7675844699151217,20,1,clear,van,10.913168153744657,WH_East,5.118411758243613,66.72086392085703
17.639826028463528,12,3.4858945466894564,7,1,clear,van,11.925445437110756,WH_South,3.149754140067807,59.21135046052966
3.1407350153738944,17,2.9839519559216594,14,3,rain,van,8.065263273916216,WH_North,3.4930798412195756,54.1405345119863
4.773452410041226,11,2.7862682594028625,13,3,storm,van,5.159195798039644,WH_North,2.5211597091104654,42.97698796016112
9.637978181731125,10,1.040813418344872,16,4,storm,van,7.620184729928011,WH_East,3.489197034173449,62.60362508848116
13.219704132173819,6,4.352738473262291,17,5,clear,truck,0.6564733963644858,WH_East,6.224450975206629,68.33112414943422
5.334754723451638,21,1.258565920884661,17,5,clear,van,9.036409994667627,WH_South,8.38408374138166,63.45273461708638
5.536580812115975,2,0.5667794112505554,10,2,clear,bike,0.8395990898321264,WH_South,9.006900524689188,44.342434568516545
11.492761130916477,6,2.6095830332947094,17,3,clear,van,3.871091981667231,WH_East,7.856951705040253,46.27941603254261
25.04476303120815,11,1.9559469364208364,17,0,clear,van,1.6727846743327683,WH_South,8.220251080052623,112.337786638081
8.349964473585057,4,1.816522739953976,7,5,clear,truck,8.712495055879138,WH_East,2.45621568207235,30.143186109927704
4.763202723305646,23,0.3782623920731032,15,0,clear,van,7.133139121179943,WH_North,1.5170138241680586,56.662727079640824
3.858208802902957,9,1.8301720646511825,8,0,clear,van,8.390445727861334,WH_North,7.113781931018423,22.128880263458235
7.31376739487649,7,2.9401208747885903,14,3,clear,van,0.7747935690860053,WH_South,4.473166470665184,38.71509029788458
12.875376033758606,7,2.129936659452092,10,6,storm,truck,4.444876041266279,WH_South,7.3943412470424805,107.0133032475818
31.166708892518315,5,4.35419859292884,12,2,clear,van,4.8740359945980085,WH_North,3.4471360535717603,89.29764222740211
6.571139373569805,17,8.80097449950221,10,1,clear,bike,7.2287823652272225,WH_North,8.465552269853239,86.56845579868028
8.358024906080338,13,4.765760893404974,19,1,clear,van,1.2279684085696516,WH_North,7.376255605464186,53.39014998536699
19.606751454535328,6,6.810571285645903,19,5,clear,bike,7.7668437510703825,WH_South,5.972549150082226,100.84299825784322
9.54452483268851,22,7.216634314231455,18,4,clear,truck,4.736382893222034,WH_East,8.46563274291851,119.69908863609474
9.07706939910142,17,1.6270970287394002,17,3,rain,bike,10.87103956237945,WH_North,7.249360519946149,87.35918303187174
17.515311841792588,11,4.514887568921299,12,6,clear,van,5.397709678067288,WH_East,3.923950866447566,73.75147796974254
8.476721651270019,13,6.663268616100092,9,0,clear,truck,1.2248588837316876,WH_South,6.002100688707003,91.62107862833372
4.084660269417957,17,2.446914065084819,14,4,rain,bike,1.240824254127507,WH_North,3.2874108644707354,55.041103936449545
15.534382502389548,4,1.9089652569651276,12,2,clear,bike,3.051546876818615,WH_North,4.337458826475077,71.63175536416641
2.460721729262378,21,4.812826403662009,10,1,clear,bike,2.877739553162927,WH_East,8.244478477297424,55.15707012955464
14.077517171070678,7,1.176871668647419,10,6,clear,truck,9.560234446154455,WH_North,6.800972208817091,66.53057934767455
7.9613383891018445,1,1.5502199000270231,9,6,clear,truck,8.668662596606334,WH_South,7.258589514766823,41.84117025202742
6.615168604892267,14,2.081878386642508,18,5,clear,van,0.9200726365508061,WH_South,7.126143180671199,62.96398569019065
6.508140082073341,22,4.551058982056673,11,1,clear,van,10.217208599479031,WH_East,2.459867036099917,81.14805579503019
7.296300864834687,19,3.8699390791224606,19,5,clear,van,1.1535605372212228,WH_South,6.672740914825999,75.42071979367095
6.0200364279363585,8,6.83912374304835,16,2,storm,bike,9.427533761528974,WH_East,4.004651872201945,42.26034317098268
10.369235691855197,10,1.7414027418943232,9,2,clear,bike,1.3394051532257918,WH_East,8.255596382661814,90.63049324552921
6.156273104186006,15,1.6772724294303423,7,1,clear,truck,4.516300128205874,WH_North,3.741390293256023,63.19306235252263
1.7971114528164678,6,4.790996264093585,12,4,rain,bike,9.011167467993465,WH_South,3.3032353339591523,26.374723120453908
7.9972417158124625,21,1.898251438900372,8,6,clear,van,3.043619889806814,WH_South,5.798952577085228,86.32049275252396
1.7030037163841247,8,2.1761282358070564,20,1,rain,bike,1.3599592988095481,WH_South,4.477502603403788,29.54335680255827
7.965185297823963,6,0.9050768810298092,19,3,clear,van,9.44634319800196,WH_South,8.37856296143899,48.71916521329947
5.942895197137803,3,4.069793255498677,16,4,rain,bike,8.291706860720016,WH_East,4.688510462526836,32.72912301388134
13.493990535317987,18,9.765964497059171,11,4,rain,bike,10.695215193898408,WH_East,2.8294663135947347,83.93268708922758
6.789030854222348,1,1.6152629464964252,19,1,clear,bike,7.698630352560713,WH_South,7.90981092083763,39.81642733952107
12.391167536198871,21,6.78824559993127,16,0,clear,truck,0.8874086393572131,WH_North,3.176960360509198,97.51824546530901
11.591354470418315,25,3.1849003247007728,12,5,clear,bike,7.663616004285506,WH_East,3.0418040218060143,104.11352718946743
11.775717785191706,3,0.964842651009404,19,4,clear,van,9.870084861966042,WH_East,10.0,48.06119524681968
6.941095152154744,3,1.7748061417729242,9,4,clear,van,1.0041425406403923,WH_East,8.613281512043285,44.92744855088169
8.284559553250919,24,1.6997358676793246,14,3,clear,van,1.6283196304245204,WH_South,3.1199261827073874,71.1417617689922
10.207953008590966,4,2.660277791941479,16,2,clear,van,8.130807083836617,WH_East,3.572634378168367,36.341243817385845
8.438712205417584,11,4.453365052189614,19,1,clear,van,9.495965732700107,WH_East,7.474126554693358,55.46162345110498
6.7983557113497275,22,12.112597007609729,8,4,rain,van,4.237812952484443,WH_North,7.911517367591005,88.58306932998632
4.349057177608126,4,1.2192037034558534,11,5,clear,van,8.823139214241184,WH_North,1.6284475588857428,22.66495496062143
8.053938577122972,17,2.3647110151589477,18,2,clear,truck,2.0084187905239155,WH_North,8.091331889943307,104.84210184783797
2.6780906417493027,10,1.7732489038879158,13,0,storm,truck,5.328063769076703,WH_North,,38.159341976671065
1.5938262919872441,11,1.3667209133608678,17,1,rain,bike,8.975688705814303,WH_North,6.294565501139857,35.31908289951192
3.6768905466207866,24,3.5495235408213412,17,4,storm,van,2.387833845069083,WH_North,9.601507143973336,81.02439745635449
11.697183719491465,17,3.3235583257143415,11,1,clear,van,4.186756146088498,WH_East,3.4753151447157036,79.41799450932542
9.1873790391392,8,0.932709355299624,11,5,clear,truck,7.54878998400808,WH_South,4.283621177667153,57.051982409593705
11.765070573789128,24,3.362569351046549,13,1,clear,truck,4.151942499447575,WH_East,3.0708530502065665,107.5730054832212
5.066462600182728,15,1.4279256617469913,7,3,storm,van,10.489899254577143,WH_East,1.908643838970191,44.055382135029994
14.28004452300668,3,3.3477196193097645,18,1,rain,van,11.48071338227148,WH_North,6.854387715607422,53.26755763535401
2.9223217707631495,10,8.07398807320512,8,3,rain,bike,7.7074741381993155,WH_North,10.0,40.608647052445434
3.776080030079458,7,4.591228212740452,20,4,clear,truck,9.388802870315182,WH_South,2.5303863997231852,33.31454749868362
14.138897676368476,17,3.75940975898125,17,5,clear,truck,10.880357977030195,WH_North,8.598837764638539,96.5870490542996
8.795267127652991,22,2.2930068009147746,11,5,rain,bike,8.422312051196696,WH_South,3.3106924903542483,83.92700806149301
11.805725041133044,1,3.4792173031137708,8,3,clear,van,9.279770129203936,WH_South,7.9078516141892905,42.49931299901462
9.210434599786094,20,4.924771883957837,18,3,clear,bike,0.9626304151383738,WH_East,7.126262628601832,91.18919827953358
5.5512826891309786,23,4.594759614995123,13,2,clear,bike,9.885152223108532,WH_North,2.9889085390949104,68.57489828716525
3.4594098447939796,25,3.0973498703203504,9,6,rain,van,3.2947753124035164,WH_North,7.507685068195374,65.37908103999021
1.9698635587692914,17,3.865779821994351,13,5,clear,van,0.8496542896488495,WH_North,4.187348137206432,47.681040441344734
20.53674938013164,8,1.3210233824754392,19,6,rain,van,7.073658261618247,WH_North,7.176661729841381,83.97959401510566
2.3854446341712885,4,1.9856856252614186,16,5,clear,bike,2.721443636261583,WH_East,3.6656117573360265,19.544088016664944
17.18494662860536,24,5.44823567432712,16,0,clear,van,0.958162329505027,WH_South,3.416969179828524,104.16370991981692
8.507351501712165,11,5.985997943997543,14,1,clear,van,7.314737225131934,WH_East,,35.5328742540931
9.379174473593833,9,3.5449321266740417,9,3,clear,van,1.1826279012828764,WH_North,8.014728033599836,74.06571760026165
9.018403354148436,19,9.349061968616127,20,2,clear,bike,10.6467303556807,WH_East,5.629880656985138,89.72681718539008
10.965031456341794,18,4.73799282566122,17,6,clear,van,11.631269797722984,WH_East,6.13131771307589,78.15737904210285
4.743902929583694,21,2.8202082718698573,14,3,clear,van,8.858307964219694,WH_East,3.7594903707105782,59.288946918481585
1.4042028759103875,23,1.4136472586370443,17,1,clear,van,3.451958901576438,WH_South,8.764345864775873,63.325759480145926
5.475649309014466,22,9.089439771756949,12,4,clear,van,6.750492632768811,WH_East,3.9278127708804393,61.68944770862591
10.430881477889326,5,5.6929138657851075,17,2,rain,van,0.37662824583958576,WH_South,8.265963188664776,65.10255202990022
3.802498138646839,5,11.690984579893094,20,0,clear,truck,7.45679420284308,WH_East,2.9199990670778098,21.684807230942823
14.479651237417844,6,15.131720243410255,11,6,clear,van,3.166089146361003,WH_East,2.63505583911313,44.51228570185171
7.379762191960701,16,1.348700835805014,7,6,clear,bike,5.460291382795276,WH_East,2.2122096389534907,57.503723183629745
3.5539765074602414,15,1.3511639134423585,17,5,clear,truck,2.146416833534619,WH_North,6.923025529710871,69.01298244635083
8.743650503786466,22,0.4474278699185754,18,2,clear,truck,11.838619981420653,WH_East,7.630439891219832,84.16863350756027
10.328543820844788,22,6.314531066259234,18,5,rain,bike,2.4890947067478177,WH_North,6.523863171402848,113.9871348940994
10.766534584358775,21,5.2568809797342215,20,2,clear,truck,5.003221300595234,WH_South,4.369111744594657,77.51193214083077
0.5,2,3.5553208064149775,11,6,clear,bike,3.055208758158932,WH_East,2.041344445265171,10.543953960533075
14.147845366915544,18,1.4073475158227873,19,6,clear,truck,6.499051309700308,WH_North,5.065727251879167,113.78599259156411
2.7524292419397565,22,3.1195114955158014,9,1,clear,van,10.864106007181917,WH_East,7.2855850449299515,66.77290959012659
14.159008185541467,25,3.778374333059387,15,2,rain,van,1.9606615669013503,WH_North,5.737162853057441,84.36353513797411
14.903439123738773,9,5.742576440271737,19,4,clear,truck,1.6897545714730362,WH_North,8.258908274201513,90.90965227206648
3.4649320253738667,20,4.019232002099115,19,1,rain,truck,0.8887816448806949,WH_North,,72.00583692981839
3.979765988380282,11,5.283881216136615,15,5,rain,bike,7.072215688051585,WH_East,3.4005318810933174,53.09029724933726
12.151333536383833,5,3.0438050412723685,14,4,clear,van,7.224923758684501,WH_East,3.6792670450394063,43.441352290388515
6.181224065732224,9,7.591561684282177,13,1,clear,van,9.856684515832438,WH_South,4.148863745054799,33.68709957617285
16.157306047692284,7,5.166580481977636,19,5,rain,van,10.031535973008214,WH_North,7.7926600279530005,76.30270774876058
18.713549792101958,23,1.446500007341523,19,0,rain,bike,1.2233094280503103,WH_South,7.97416210005877,165.07614834296774
3.5510610148440396,5,8.779805522628251,10,2,clear,bike,10.926304206538537,WH_East,7.908493169912962,21.971150123841387
4.680429409543246,4,7.829511077945736,8,1,clear,truck,9.95259727779328,WH_East,9.13785155866262,34.63992822386736
8.47360499242421,15,4.598969772616611,18,0,clear,van,7.766964875004021,WH_East,8.28570061340031,67.32100207718312
1.3671476648063854,15,4.041041248293263,18,5,clear,van,4.1647213214444765,WH_North,7.175354581930203,44.37877182081094
2.0194256255464493,15,10.601845589877403,8,1,clear,van,8.947032213857216,WH_East,7.837992617385956,55.17113847388574
4.321669142409847,4,1.0583181462880624,13,4,clear,bike,7.448084627572212,WH_South,3.290691410702728,28.671646298178867
22.35164832183542,13,7.9157715404237585,14,0,clear,bike,4.236557369923249,WH_South,2.6790172239210968,99.36547448401512
9.26327964923557,24,2.378940715290601,7,6,clear,bike,0.15906857855591117,WH_South,3.603359334048012,84.80315182491725
5.204886061155743,3,7.146510620566166,16,6,clear,bike,7.109531719592505,WH_East,4.148928779861388,31.394470004334373
3.957341222488485,20,3.6120052643623275,20,2,rain,truck,6.917892053844547,WH_South,4.185050600292129,87.26127581234525
3.436123254754796,4,1.3909010626247582,9,3,clear,bike,1.8549357200378198,WH_North,8.309340497943582,30.92985737369682
5.458705971892094,6,2.345353491015405,17,4,rain,bike,10.875913876787438,WH_South,7.001613872897332,47.345405037755484
5.254602163516858,23,6.788366587992893,8,4,clear,van,1.911316865328685,WH_North,7.263424841843987,73.00369421682946
6.898065111541958,8,2.865819888078277,10,0,clear,truck,3.445153780641292,WH_East,6.646364068980485,51.32437105686501
10.619547921072773,14,2.1489088672198036,14,6,clear,bike,4.4638565342828125,WH_East,2.775432910391877,88.57483976763129
7.573687185793763,10,2.1388740795855803,19,6,clear,bike,8.195587862553985,WH_South,7.8848839719874375,64.89182510203457
12.571122906509068,16,5.204757939279175,19,3,clear,van,0.9796815103068761,WH_East,7.172316241622242,80.07177547263488
6.5895965835265855,11,11.307254615530725,20,3,clear,van,8.42849324939215,WH_East,,47.769835252487816
19.52222749711209,12,0.7418424725900522,20,1,rain,van,4.973733171939772,WH_South,4.432207846741509,83.34851457859766
12.395238581487881,21,23.58189161704266,18,5,clear,bike,2.195355062972218,WH_North,8.087311412141014,107.53281751785697
9.112322267252374,14,3.829071556209379,12,3,clear,truck,1.34496560624804,WH_East,2.3176699154140117,54.95731915091959
10.640713925200368,15,4.983621794659125,8,1,clear,van,4.948032030751834,WH_South,7.37098185829584,68.22043886404967
5.55649520632754,21,2.4463980937760272,18,2,rain,truck,5.3517933003248555,WH_North,7.135549127956356,97.22776998073839
6.827595419937348,11,3.311957527440045,9,0,clear,truck,1.6476184004473589,WH_East,7.010969364706996,69.90868198400635
6.662275851983869,21,3.7990806699100848,14,5,clear,van,5.789589911431904,WH_North,2.65533563720557,57.28191468687776
4.799313803446112,18,1.5930219428279335,17,0,rain,bike,6.029263237200052,WH_North,6.047265396026081,63.87803825489428
3.015210485582795,23,1.8889535400503246,7,3,clear,van,11.772126213472863,WH_East,3.469159718988568,63.964110764355326
10.979938989733196,12,7.607976821356344,19,5,clear,van,8.559651637801352,WH_East,7.031509715304128,59.851091396792846
13.72108110937322,14,1.120031946150124,11,0,clear,bike,0.14602732983380262,WH_North,2.8611793664330296,97.50984499935608
10.078225018630322,4,4.520973615552683,10,1,clear,bike,5.7224183973448595,WH_South,7.366460619722933,71.54868278516541
7.559874705654266,3,2.561615626271971,12,5,rain,bike,0.2590779815581157,WH_North,3.01760163381391,46.62287133066533
24.48813705268357,3,1.6946987482101517,13,5,clear,truck,6.134555690857487,WH_East,3.107836656515074,78.04620554619297
5.161182960915719,16,13.201788282702283,13,0,rain,van,4.055245248763299,WH_East,2.329021385038774,47.86619306370218
9.298347241078735,9,1.70207519085665,9,1,clear,van,10.842081444715202,WH_North,8.430230253867972,62.58220006720934
14.856664860836382,8,1.5052042453454075,9,4,rain,van,5.919467944862938,WH_North,8.45187460705142,85.54485049315711
3.698449381825397,16,2.912812494938363,13,3,rain,van,10.198851144184552,WH_South,3.1318061454396373,54.742809243351175
11.473307301846473,10,1.9386831542542717,10,3,storm,truck,7.006469094254678,WH_North,9.31015335279329,101.30666068910534
20.246678535649345,4,3.334979258127373,15,1,rain,bike,4.758158224784124,WH_South,4.210246785123829,103.44461797253325
7.95015332737068,14,3.7016531148072302,19,3,rain,bike,2.7564836376501365,WH_North,8.080145754031143,89.15838219501528
8.806047403106062,14,3.9128290162641752,7,0,clear,van,2.1978851519805285,WH_East,4.414758109846931,67.74363594675874
5.181611198028216,4,3.044316491787176,7,6,clear,truck,9.534555554418255,WH_East,2.0703045928774597,36.76748138663628
10.56938474549613,7,2.030915766503537,16,3,clear,truck,10.595838684974698,WH_North,3.4819070536852212,44.96469999912595
4.720406181412321,6,5.208969949951569,7,2,clear,truck,3.8890208403313027,WH_South,4.3558403672639265,36.62191946703824
7.662905913411972,18,3.0704221596965438,15,2,clear,van,5.935350290858549,WH_East,3.081993701279882,46.973001794785844
2.7389176682866267,7,2.346835632889417,13,2,clear,bike,3.450019314205705,WH_East,3.4828030722095282,17.23778703595689
0.8247224597191103,1,9.355791743804922,13,3,clear,bike,5.463532814010626,WH_South,,13.38646130866723
5.8790092799085585,7,3.049817118658427,15,1,clear,van,10.433896477338628,WH_South,4.078865348760901,30.94393076577737
5.817844055914701,12,7.130566049078712,19,4,clear,van,1.6556946600189715,WH_East,7.818837387823101,39.44645532078321
6.208813201034298,20,7.836457736808307,8,1,rain,van,3.4978323219402867,WH_North,7.856315763465704,65.55426039535497
12.179895025415297,2,8.177373285448246,8,2,clear,bike,8.343258845393432,WH_East,7.642602175833379,73.30910381449348
13.942564143633977,23,5.386040240509448,16,6,clear,van,3.7275093670159207,WH_North,3.767497931643927,94.90450948393658
9.531728796314802,9,3.3186449505436846,7,3,clear,truck,0.9738740691320431,WH_East,5.68105713704672,49.63585005645064
11.68872458146758,9,3.1745656395481796,13,6,clear,bike,4.492863374208322,WH_East,3.2634046343127014,77.77170337126921
4.812490163051079,1,2.79859055452327,13,4,clear,van,8.116704003131824,WH_North,4.953821691301383,14.409973158558353
4.050583430904601,7,0.7284567898215398,12,5,clear,bike,11.808059215216065,WH_South,2.606963797523676,35.16823441243611
10.695641106458094,12,5.491298585233504,14,0,rain,van,10.7057159397203,WH_East,3.186588462996185,60.317471827471486
3.6633365819202233,16,3.9397839881709453,8,3,rain,van,6.7425340273603265,WH_North,7.090628750317554,52.858074527689816
3.375110486564014,20,5.9172214339721165,10,2,clear,bike,9.327997602105961,WH_South,6.97349044692734,57.535677651834405
31.750950119393003,14,3.059033186661844,7,0,clear,van,6.856658105313853,WH_East,3.5358182837150633,109.3613625597961
8.266397183950716,3,5.287669567530356,20,0,clear,van,5.926765032041347,WH_South,4.597498042814271,35.09760000694709
5.820254876738822,10,1.265851547764654,18,1,clear,van,2.0475912437059165,WH_East,8.702641670772223,46.708639353136384
5.395663158461508,19,1.4645002727356908,10,0,storm,truck,3.5060342095158017,WH_North,7.341312725872788,89.34527866831318
2.798826746479934,16,0.5866375451464798,7,3,clear,van,5.425282686576971,WH_South,3.5084686682486157,55.02244978141955
9.412584139774513,15,3.022110906616495,10,0,clear,van,11.827243751645442,WH_East,7.798159923177353,63.29827613514624
6.579592690901519,13,1.9333071555406125,20,5,storm,bike,7.302748642781933,WH_North,3.2106851456665035,74.01252426867968
13.71673082611939,13,1.7640859614547568,18,4,clear,van,11.338544773177103,WH_South,8.328037985215484,76.77510032445896
10.891664409609568,25,4.196524423847826,16,6,storm,van,3.1041950686469293,WH_South,2.6407686321006714,119.48598931849645
6.43814318596384,15,2.464884533642113,19,0,clear,bike,0.8276550878473592,WH_East,7.619618725050318,58.928691887617894
1.696174654233721,15,1.2175447065232836,9,0,rain,van,11.740500919344965,WH_East,9.019217826528143,52.86347744654108
8.279980281216163,9,19.714151752711093,14,6,clear,truck,3.9554914701868262,WH_South,2.749272288684394,55.40859062487735
7.832294071823349,13,3.2352058745278596,18,2,rain,bike,6.42367342967575,WH_East,7.282848287400993,96.18303669440604
1.4042259689483525,18,1.5554826183015171,7,5,rain,van,0.8537153361863115,WH_South,2.923019324929007,53.20908773949984
10.16563756022352,22,2.0773959813469007,13,1,clear,van,10.324698522115446,WH_South,3.8703339971530286,86.28832726341398
3.5746583951839206,20,2.941147824614876,11,0,rain,van,0.008161071536108011,WH_North,2.41320896621282,57.337281364181756
14.12678704777495,17,2.9368213600686235,9,3,clear,truck,10.872142724035475,WH_North,7.400688137333105,107.15220662740629
7.542217400311813,20,8.260746767484335,10,4,clear,van,1.9844503689278965,WH_North,8.17796810691734,84.16480774767115
5.295968271062245,1,3.1405534101373282,20,0,clear,van,2.201739343666263,WH_North,5.604048827836289,19.47761589242194
8.99438124810736,7,12.166006623284899,14,0,clear,bike,9.909593418683356,WH_East,3.324003034210819,58.458230408650444
8.663593852376927,7,2.4529808026890407,8,1,clear,bike,4.634765076710428,WH_North,8.48839133201407,39.39861534183876
8.472412215289461,17,4.474994972139424,16,0,clear,van,3.0722139059436127,WH_East,3.9612855834559637,60.04340135794361
13.069407878547812,19,6.789559984633643,15,6,clear,bike,7.157292432829163,WH_South,4.044011063023989,98.34583893960388
9.32438994041167,4,7.6645562168161865,12,6,clear,bike,3.0529377392972914,WH_North,2.4430346622228742,49.47265469587023
4.987803301898277,5,8.317074348603681,12,0,clear,bike,3.4385688508400136,WH_East,4.792868458666045,42.32005893467261
6.706599592964396,13,2.7444804383059176,14,3,clear,bike,0.5466040075318674,WH_South,5.061865194516424,61.07419079880224
17.012420073327096,25,3.3073839114352475,20,2,rain,van,6.472935355912497,WH_East,5.100149254765481,108.79361376104401
4.692315356961763,1,0.5853204543041016,17,0,clear,bike,1.553029268526851,WH_East,9.084667046606079,40.56648873842843
10.069336043745455,22,2.894443813792685,12,4,rain,bike,10.045456535210798,WH_East,3.9717808021356604,106.11698098342421
13.345974830722788,5,7.126911169848333,10,5,clear,van,9.012241622184778,WH_South,7.526451210763413,63.64433402967282
10.644953362301399,7,6.220097214060429,8,4,clear,van,3.425511296391123,WH_North,7.422379750426899,52.503858492994326
8.311105548851987,16,3.1250772887825597,9,6,clear,truck,6.405342928180589,WH_South,4.999362469400776,98.65292475183665
9.100705709957982,19,10.906921743694046,8,4,clear,truck,6.928522698162936,WH_East,8.030287141676654,99.60546504463291
11.039475135606306,22,2.5375430277137765,18,3,clear,truck,7.997420341005284,WH_East,7.655104144887721,109.23546491854296
4.65475020503913,1,2.0111407998562716,15,6,clear,van,5.02704914902079,WH_South,3.86675720839395,26.081191413323964
7.863524946342807,2,2.392375452076241,7,4,clear,bike,7.830386057709178,WH_North,4.57577905433585,47.614444405724846
24.409446666271723,12,1.5132724368593549,19,5,clear,bike,2.0326759798350955,WH_East,6.044050170317618,155.22154171689925
10.25223717911287,14,5.1329293632932815,9,5,rain,truck,5.652224778787852,WH_South,9.105240691317512,88.79509122213469
8.48977778564291,7,4.063063590999968,16,0,clear,truck,1.1280752058677597,WH_South,4.149321066277414,52.39404667827679
6.2872308996873265,16,5.0885128271644,7,5,clear,van,11.292837655986354,WH_South,1.8442489106181579,59.71062713748317
4.690076257482724,7,2.484173959560154,15,5,clear,van,4.816912419437369,WH_South,1.9702870691667698,41.86823594175588
9.282539815632576,24,3.1878570326739712,14,3,clear,bike,7.409298001967932,WH_South,1.840018866874468,115.124273553156
9.667271272334784,5,0.7226045913299811,19,3,storm,bike,5.877796105851483,WH_South,8.487281248069579,96.928913190261
7.543727028684556,17,4.320442752105645,15,5,clear,van,0.3218107721026171,WH_North,2.5258204418222645,66.64003392272885
29.90350040276074,14,3.557965947605632,13,0,clear,bike,0.7525619745068242,WH_South,3.043652126333413,140.88450950604346
4.967586873608232,3,1.53668982227817,14,3,clear,van,3.174674970938774,WH_North,3.2204289096218126,20.860374872106394
4.213477035786625,16,3.0855802510738166,15,5,storm,van,8.099220712344327,WH_North,2.7294500252621834,48.18289202171894
6.344402177207299,4,2.7718237264277055,12,1,clear,truck,7.697216079308998,WH_East,4.318091017221409,42.580911764924046
7.692888229508379,14,11.416028246994319,16,1,rain,truck,2.2553398949067422,WH_North,2.3199833779042898,73.25991735028907
4.527486047923725,16,1.5796623510124794,14,0,rain,bike,5.8633585569389055,WH_East,2.8371798401674746,58.498772232273446
9.149904983601404,2,4.187057940817368,20,2,clear,van,4.404734604752216,WH_South,4.218530505296218,33.53473988004648
9.742148646697816,6,1.54722368380332,9,2,rain,van,6.822531283866367,WH_East,7.265330711250803,55.193072961750445
11.799127920971378,8,2.246758676054116,17,6,clear,van,4.0162358553790725,WH_South,7.5240559654511365,64.82201724601731
5.707343096366552,24,4.030027773348358,18,0,clear,truck,10.754377210126927,WH_East,7.352282774694998,86.61364352132235
16.217247972947344,6,2.863503589525628,17,4,clear,bike,5.669023108464547,WH_South,9.217331535829965,96.19662057536348
11.344934058327436,24,3.3062228360476773,20,0,clear,bike,5.1189340440818345,WH_North,3.9878029470907403,83.75437424010136
4.900517317330598,14,4.190857956087465,13,5,clear,van,8.43991553001363,WH_South,4.103639769189308,39.54897239660063
4.513839246043672,24,2.350004634216183,14,3,rain,van,9.36825288502256,WH_South,4.265986236984411,74.59015633312455
6.619966994148676,21,6.16508900939904,9,2,clear,van,5.250632522309484,WH_North,8.320452401072929,68.24311499862459
9.756178085339815,8,2.680931154090458,12,6,rain,van,1.3075223649395342,WH_South,2.3228217583666746,56.77731822811795
10.595511451524656,14,3.1009582508819866,9,5,clear,bike,1.021068176828365,WH_North,8.050643408870688,94.67585757614187
11.332654475190342,18,4.275571989754716,18,0,clear,van,3.9224914508263766,WH_South,7.994184496957529,68.4063991586993
23.54004388575912,2,3.8919103935369392,17,1,clear,van,8.79098731341595,WH_North,6.941581966782464,71.8027346843952
2.143907644743707,17,5.211978567869544,9,1,rain,bike,7.843665406012093,WH_North,5.901007774243087,35.80813804159818
7.417992256748486,12,4.144885153804746,18,4,clear,truck,3.452824252588232,WH_South,7.9259457729879745,60.372417736853166
22.448610613947334,1,4.610431544229593,11,5,clear,van,0.05272050758170099,WH_North,4.35708566536935,60.4234242227289
12.110406914750666,22,2.643858068852678,17,4,clear,bike,7.712071197487117,WH_North,6.9835676973875955,95.78353364520399
4.035633205500721,7,1.5712323241934156,20,2,rain,bike,6.772804127957212,WH_North,2.9532736932674384,44.927364910719206
8.877842241021959,22,1.2222003111652173,18,5,clear,bike,9.269870297823502,WH_South,6.715366219466779,98.77290268935842
7.14879136510854,6,1.0309728764124404,9,5,clear,bike,8.233989973604215,WH_North,7.991113312029087,50.07642904424694
6.991600184864215,14,11.403367453173628,9,0,clear,van,2.9628032872180126,WH_North,6.146891028377089,69.41642869135508
5.637239999795332,10,0.705434476247683,8,3,rain,truck,8.794792440407793,WH_East,7.214838642833839,48.18629059016807
8.453123033966023,23,7.65689423576086,18,4,rain,bike,5.836573045679654,WH_South,6.894815248642339,101.21109565237373
14.549259071598204,24,1.868977877933606,14,4,rain,bike,6.897321024256794,WH_East,4.3058911107590365,131.97357988565562
5.966920393037816,20,7.6179604811748245,9,1,clear,truck,4.283918250807975,WH_South,7.67155615756537,78.35921279514525
11.381156591348,22,0.7105059056324541,15,1,clear,van,9.4870720101738,WH_South,3.488078119764565,86.35916888093169
12.530440483954902,20,2.81632901358573,14,2,clear,van,2.3530512740123446,WH_North,3.637927585271301,81.89905506592103
16.143036721296237,8,9.187253939799662,15,2,clear,van,2.4544726093696836,WH_North,4.506342202032097,69.09048525529487
4.461868016439169,24,5.469825389441599,15,6,storm,bike,2.849113028019711,WH_East,4.009442046479385,101.96275166649096
8.055376488416805,14,2.6219391497887896,9,4,clear,bike,9.474626248211152,WH_North,8.722166671711994,80.11652769535415
5.222194245973419,9,0.8520721172546155,12,5,clear,truck,8.737246542742602,WH_North,3.5178657496724686,42.522436610256435
8.462678350127756,5,1.3155542168136296,17,0,clear,van,3.2350514083443995,WH_East,9.04551455492466,37.42561084356146
8.428718445093878,18,8.77935521998969,19,5,clear,bike,1.726615347513246,WH_East,6.161547286015535,87.09178691616175
3.7315660800873367,7,2.6018719301933544,10,1,clear,truck,0.3382763900382191,WH_South,8.148912211553004,38.451470989463026
8.762372669109418,17,3.157318614312362,14,3,clear,van,8.205894276300036,WH_South,5.913729568039871,67.44955354235918
24.197130290005862,2,4.049018772186635,20,2,clear,bike,6.4664770382245464,WH_South,2.1469352984240704,89.98414307616127
10.619476314623427,16,1.333774324093816,15,6,storm,truck,8.427772279475288,WH_North,2.5191906961963006,95.13806755013343
3.2065818972470606,17,4.415420733485086,10,4,rain,van,8.499061194372144,WH_North,6.867741446866818,46.5104186246964
4.275119918473967,14,2.4750712006139564,15,3,storm,van,10.137312444425996,WH_East,4.059847308273125,53.62329974955962
7.809979845755591,17,4.077939963108948,7,3,clear,bike,4.9915959474169505,WH_East,5.094048649537255,64.7142282417287
4.3431393837981,25,2.2152479878423788,13,4,storm,bike,9.927289922898572,WH_North,4.283756298992161,64.34259606932102
15.660474345211586,21,1.103866214459816,14,5,clear,truck,5.229209904764666,WH_South,2.804414201004556,101.77175883869263
2.9305646407392247,11,2.4616681446920365,7,4,clear,bike,8.493856933487521,WH_East,4.291110962840482,41.1245628964512
10.662226823061673,22,5.199405707181325,9,5,clear,truck,6.613703396364185,WH_North,6.739253005385641,95.27480043236771
2.4827665000887205,24,4.37471800771987,20,5,clear,van,11.0570964467588,WH_North,3.1749075322135987,65.36443280870043
7.734985522656092,5,3.3927866593875646,15,0,rain,van,4.441541442913627,WH_East,,36.631533393665734
3.9205232162589008,9,6.225739914829345,13,2,clear,truck,8.277925548979496,WH_East,5.377540164920162,36.790983575366276
11.784279521567033,19,2.879118558477816,10,6,clear,truck,7.177139628663868,WH_South,7.4044904961537314,108.13602841660487
14.208384657531397,13,3.4535179936927767,8,2,clear,truck,11.98419202556404,WH_South,7.995926149968163,87.37636437709794
9.739149949391436,4,2.373019474723209,12,5,clear,van,0.9271412925518829,WH_North,4.83186163249946,40.416105714748745
14.57650328733862,12,6.48591293149752,14,3,rain,van,7.177306378525328,WH_North,2.0396302811832827,55.69115260372825
1.0910576361091051,10,4.071738195743912,9,1,clear,van,2.789317709104143,WH_South,7.717185882301514,33.51310272126916
8.696344367525,19,2.2481987114064994,18,2,clear,bike,10.610231257204138,WH_North,7.13284678494348,88.71502262238756
10.575330199368155,13,1.1707905184257523,13,3,rain,truck,9.533988081616776,WH_South,3.5854318888807954,77.85137391522578
11.366332891655201,4,7.195622769234534,7,0,rain,truck,7.94207234783279,WH_East,4.343577267504011,60.18900570707395
1.935534659092552,2,1.972209453279497,8,2,clear,bike,5.76418330302894,WH_East,8.682596581432302,22.348968739818538
10.218052854525478,8,3.4918966689373767,19,4,clear,van,8.175500380922358,WH_South,7.331638967963669,57.10291186498299
11.50822676464664,4,17.232890189980882,11,6,storm,truck,6.652051576809331,WH_North,3.602218606721179,73.58827967076087
8.637752881255462,22,5.818582522318632,12,6,clear,van,3.4475887836661583,WH_East,2.1921197393768805,72.50952352637746
3.2301264413337565,7,10.255403241240215,9,2,clear,bike,9.83306585477656,WH_East,6.647561334326122,37.92954583599882
5.610118178077361,16,2.2780336376433055,18,5,clear,bike,6.150912785264525,WH_South,7.063771406388705,66.50088004288412
15.705531105730476,4,7.02646319680347,18,2,clear,van,3.0854293896823703,WH_East,7.603314513989851,79.62888786448443
14.725763092638656,12,3.382680001156147,10,5,storm,truck,7.97220764509275,WH_South,8.341480332602522,134.98225202989494
10.463309118541837,24,4.289678740785215,17,6,storm,bike,0.22370133394999447,WH_East,8.915605661940166,139.64362674732385
11.926558749933486,17,13.661603026547487,13,3,clear,van,8.641072619519814,WH_South,3.2523050294495306,78.98950788168884
13.76208643457424,8,2.7317650072553805,9,4,clear,van,5.644019926844326,WH_North,6.1696249864918284,52.66852978741051
10.393755405000615,19,3.365168774047067,18,6,rain,truck,7.611770589249057,WH_North,5.769543578105517,103.20335441249779
15.456866976025346,13,1.764292471381947,8,0,clear,truck,1.8866116664594892,WH_North,7.047871622652835,104.03785169865792
15.17170390482485,6,6.183769204134619,19,1,clear,truck,8.619024797215502,WH_East,7.986574880883989,72.79790694087269
28.378928259258505,25,2.2424324036561614,7,4,storm,van,8.679313017209054,WH_East,3.564927296519958,148.1971282080348
5.76282188101203,24,6.7930313896020165,11,1,clear,truck,8.8990867656868,WH_South,2.667340615336853,93.76138302797249
5.830713606901366,15,1.0460913879241243,10,5,clear,van,5.606398326242322,WH_South,8.607524220937815,53.011748067216516
0.6633798459460669,1,4.874641924090602,10,1,rain,van,7.686076709071552,WH_East,8.396572961009339,6.581608049874979
9.949331526016454,11,2.1157612689118115,13,2,rain,bike,6.591062612457816,WH_East,5.383117437985311,72.88566788263044
21.720349370679898,13,5.536498977824455,17,5,clear,van,2.7969581543084105,WH_East,5.379017006707131,100.94998763277067
16.137894395141558,24,3.2887533730413225,12,3,clear,bike,0.27627441869699965,WH_South,4.945410024749009,109.19970393140335
12.769903652817142,19,2.2824804301690356,14,5,clear,truck,4.96292205868726,WH_South,2.865874883454562,85.91032789078618
16.753712391851135,6,2.533009871543919,20,4,clear,bike,9.779004597070207,WH_South,3.4473464889198633,100.73196868402395
10.684929668668078,13,1.830754523788674,13,3,rain,van,3.8668492705904494,WH_East,3.821896688322902,79.49178335340677
6.6691737583497295,5,5.968236133503885,18,3,rain,truck,8.988022039958487,WH_East,7.170453294873658,53.83267668575352
24.69770493521776,12,1.5935334646910908,12,5,clear,van,7.675986089797121,WH_South,2.8713047522322683,87.40850922288215
10.235922507898309,14,2.7539739819298155,8,6,clear,van,4.239168048673667,WH_East,7.851780302858629,76.14496365517425
14.98712848250648,13,4.227740568509381,10,0,clear,van,0.006906772378421966,WH_North,6.033290234840406,74.20243137321474
1.0831612348570947,11,10.272250854202257,9,3,clear,bike,5.172074290534381,WH_South,9.147581593165869,22.454645099001937
1.3089918727459615,11,3.298576393138382,19,5,clear,bike,4.71420244209625,WH_North,7.353151760520768,29.42534334974761
8.859301604504155,20,2.801745426071467,7,4,clear,van,1.664911662540725,WH_East,3.7008042150281772,68.05753873162325
4.344428502499124,13,4.021055400376961,18,3,rain,truck,9.824731692897736,WH_North,8.642052155433005,60.64243287579372
9.346629562675858,2,0.7776918204348325,8,5,rain,van,11.465791808646124,WH_North,7.327432972301032,42.063759539492295
5.825483205673962,19,1.4346888687715682,9,3,clear,bike,1.4549155358172396,WH_South,7.368080532636601,89.58268425423333
30.65844779649286,16,2.5529344207204945,14,0,rain,bike,2.771294035214242,WH_South,3.1044290384191093,178.64674517568955
14.321573085197395,18,2.0156094263036564,8,1,clear,van,7.589962189394671,WH_South,9.149594983933651,87.29509499120971
17.65699853912733,18,1.0826553679061723,8,0,clear,bike,11.410344150420888,WH_North,6.4688782870449995,115.17607564498026
1.5655316341024492,5,6.052340494439542,17,4,clear,bike,11.207991649457986,WH_East,7.622784042100412,25.757219914077936
12.6719843887285,25,3.982181205224462,7,6,rain,van,11.176130596195295,WH_East,1.7306241227609258,90.71368458697992
7.166718510019377,25,3.6626453995746835,15,2,clear,van,5.281739755782362,WH_North,4.239008872502642,71.0671292892159
17.84507528310028,4,2.0425646388763212,8,5,clear,van,11.830833546154462,WH_East,6.9126587448868095,67.20345680195737
11.635208361427459,6,3.5098562255763164,8,6,clear,van,4.375959458395242,WH_East,5.875431680272105,43.047744658595924
7.818900666087143,7,4.759366740146845,16,2,clear,van,1.0403923670610165,WH_East,3.0179014659855614,34.41685877021148
3.4851933175890117,25,2.7581847450161137,12,6,clear,bike,8.453270000729434,WH_South,3.039967210325257,73.31766899798384
8.757998736896381,24,4.532168703678828,7,0,clear,van,6.674213279913176,WH_South,,75.76059940560519
15.506802911902938,7,1.9017179516503178,16,4,rain,bike,9.593357594328861,WH_South,2.05654673988571,78.33502235844796
18.419597717935048,16,3.5545899751500913,20,1,clear,truck,7.4532937922124045,WH_East,3.165117219466126,98.78255409152342
6.395377195912117,7,7.387200186731296,14,5,clear,bike,9.84776273745249,WH_East,3.1444076460028336,42.38812327271807
27.918661840748648,1,7.864931228685505,12,0,clear,van,4.12669597544361,WH_North,4.888841692372048,69.2431278984012
14.832392705884043,6,8.409080748768847,18,5,rain,van,3.45524326587825,WH_East,7.755334568300966,79.2208133320076
4.406388798418562,2,4.054785914772177,11,2,clear,van,9.086955717959897,WH_South,3.3905363093111096,16.632957317167666
3.7286117614443235,22,3.3944093464744083,15,1,rain,van,5.972624714734994,WH_South,4.6991844663946045,80.74506305577434
7.450776275864091,20,2.4250393684945455,13,3,clear,bike,2.152744362953513,WH_East,3.5164397785379764,71.68876920751696
6.38511905123565,5,0.9368432222664831,17,6,clear,van,4.500230343633211,WH_South,4.18984777955211,36.015036240379736
10.734462392951313,15,1.2950770772854558,14,1,rain,bike,9.607891384158725,WH_North,5.096788255953103,91.81099167509925
8.2106711901107,6,2.9516416869874758,13,2,clear,van,11.087066177067282,WH_East,4.2118895486186565,35.10144223434896
6.7326484807226095,15,3.077747768830609,12,4,clear,truck,9.123867257715034,WH_North,3.9692486161488145,56.48359213210322
2.5951341924083264,23,8.922321050192695,11,0,clear,van,8.617503063966074,WH_South,3.807402193783508,74.56644154184711
11.84077335221272,22,8.334132157975194,13,6,rain,van,9.739775398156882,WH_South,3.272444991584838,76.56674049798109
2.423423071635394,21,2.05332350216539,7,3,clear,bike,2.4063633284930623,WH_North,3.8065737909245634,46.424843622938546
14.859746928044125,7,5.887479636466653,11,6,clear,van,6.954973926384027,WH_East,2.7397980896340037,57.84257608387015
1.7257896930254204,5,2.377505419186607,8,2,clear,van,7.130228817171078,WH_South,7.212207223169297,21.66342395430094
2.312292739826328,5,5.353933048672706,11,5,clear,bike,11.351195178994331,WH_South,3.0692567975207545,21.548105698574567
4.392366802254939,4,5.836973403496149,11,2,clear,bike,0.18365454362990974,WH_North,3.0068532890771382,26.40718907950059
6.024504508975616,16,7.920584221949109,7,3,clear,bike,11.646276073399275,WH_East,2.771775358839826,54.335881685197606
5.2408504595427265,17,2.3517262939672428,11,2,clear,bike,8.712887139486606,WH_North,4.042820206718413,73.96608685078704
6.00765394304597,23,6.753173759855857,16,3,rain,truck,0.2692610901369661,WH_East,4.681996243114279,106.14179900156131
9.458032417202586,3,0.8949657538582515,20,1,clear,bike,6.225750631292893,WH_North,3.0834242824118725,38.91025730809335
4.463449073181738,7,8.226420419137698,15,3,clear,bike,0.8374115702029408,WH_North,3.2399787314420543,34.43447199972879
9.510493734310169,19,3.262482126045427,16,5,clear,bike,7.2407371203882285,WH_North,1.473730084026292,79.18339841247553
1.0976843114530956,18,3.311464045475039,16,1,clear,bike,5.419286496987931,WH_East,2.6154423995614033,39.594782882856805
4.347941765990379,11,0.7975541443839265,20,5,clear,van,9.269115179327791,WH_East,1.8494689455384936,34.5957812460937
2.2216483685269157,4,2.5292779807997716,20,5,rain,bike,6.953146588316627,WH_South,3.8768402181851265,22.977020043194393
14.762798988156945,13,8.574867831777988,8,0,clear,bike,9.436564297944983,WH_East,6.237266690199493,89.68356618531637
4.877210700386925,5,2.462824041362907,13,4,rain,bike,4.425433221347698,WH_South,4.2132600086683665,45.826280530045125
11.414593195533973,14,5.470794937637975,19,3,clear,van,10.282644213570341,WH_East,7.561316237757742,65.68334391935431
1.9074122519735248,23,3.4014050266732485,19,4,clear,van,10.395674493602083,WH_North,8.344772428406605,61.14457423000191
18.248366792272208,5,6.985722321346063,14,2,clear,van,7.865264710325082,WH_South,4.8495662572831435,64.26189918018981
8.504745479544496,3,3.7963902294786567,13,1,clear,bike,3.164608046472084,WH_South,3.7730541918399503,56.251525560809256
23.396897493667147,19,1.7293263303174822,7,2,storm,van,11.897170156576077,WH_South,4.820359533065383,137.19916638116447
7.9178003863443225,1,3.453939542299519,13,1,rain,truck,9.812803544493214,WH_East,5.194869181882685,45.99545907005237
2.619880644402517,25,10.18434596995971,14,2,clear,bike,10.219820554325196,WH_East,5.011711180092491,68.41235323799107
3.976410703166075,20,4.703709979253335,15,6,clear,van,0.13861488420881019,WH_South,2.395031597543734,60.3837716575198
6.869306531232402,11,3.0602223750060236,14,5,rain,bike,9.91373438511718,WH_East,1.2275039896257023,59.44899370619741
4.085643188887816,10,16.1032428891369,10,1,clear,bike,2.6131268882888707,WH_North,,62.13089320251637
13.93536020612021,10,7.47415441988796,20,3,rain,van,6.099074868414913,WH_North,3.960551082938352,64.2107075533016
8.348422232889142,10,5.880923108198457,10,0,clear,van,8.45142663844067,WH_North,6.041937990956671,57.520020011431825
4.121691649949326,21,4.145982220570012,12,0,clear,van,4.923506926259277,WH_North,3.8549758421647535,68.2269349008145
12.722693885665835,20,5.535554181785612,14,4,clear,van,2.923480538673829,WH_East,1.484535166427038,72.07202094311633
6.29530773926561,6,5.662765919615459,11,2,clear,van,6.002182666965133,WH_South,5.191223022630474,36.47406126355834
12.389394690123535,5,0.7203840964766275,7,4,clear,van,3.5971946047345997,WH_South,4.229678285722096,47.7965257790953
5.654512979220851,14,4.377401786648282,15,1,clear,truck,7.383848182046728,WH_South,3.0638303070600283,53.77646112520374
10.954592979130954,17,2.9666575008528215,10,0,rain,van,1.3164824300641707,WH_North,7.914029386234382,87.36225913682982
6.152632743082478,19,2.340013289915141,19,5,clear,bike,4.899809901121198,WH_South,7.225165091829836,76.69589681835382
13.938192781329487,8,2.895604518680518,18,1,clear,bike,7.099231356147804,WH_East,8.234623087124634,100.1303124182221
1.9430627653149624,13,1.1172897864200197,12,0,clear,van,11.886257469037183,WH_North,3.8624563430339838,36.75647306893233
3.280364265308165,3,0.938730291974631,13,5,clear,bike,5.945493241089358,WH_North,3.850486138314861,18.824945627372074
7.266218078436058,12,7.945070649043871,20,4,clear,truck,5.110631357301164,WH_East,2.658932518250052,78.09137971930159
5.02746756879365,18,4.58830407761581,7,6,clear,truck,11.870550770895916,WH_East,2.8837482292972583,71.1470154724315
6.030192071841554,8,0.6131728008515249,12,4,rain,bike,11.104619874596281,WH_North,5.407993068384492,56.73163829242122
11.70077758168808,8,2.217833505626235,7,3,rain,truck,8.075601081850444,WH_North,3.483432679418166,65.38425432239036
5.947319637811873,12,6.1495949224298005,8,4,rain,bike,6.537279604300729,WH_East,8.01724816212683,79.66457208192706
9.715436431781637,22,2.729149271292958,19,5,clear,bike,3.250744051306148,WH_North,6.10427821957573,86.08306779324732
4.32649765404906,16,7.93674679429422,8,4,clear,truck,7.486233377985386,WH_East,9.741176279353564,71.62650879768995
1.604056842294908,23,6.9228411729557875,20,2,clear,van,10.00768104047473,WH_South,4.05675452300006,61.6042312600041
12.3447476193385,2,1.2844134480585756,17,6,rain,van,11.779039763180826,WH_East,5.867157873531606,42.58705876136175
20.60674715192181,22,3.0031842150892722,15,4,clear,truck,2.051649711824684,WH_East,4.781330356475542,134.467983696213
9.113215978116802,2,2.426227065089415,17,6,rain,bike,3.288678708128483,WH_North,6.034100005406753,55.62241808370804
7.518634756035851,9,1.2554991140417056,9,3,storm,van,10.613110343857304,WH_East,8.415418556990707,52.54040002578331
8.536260431587085,11,1.1996237579636873,8,3,clear,truck,10.331581245341233,WH_East,8.72697730060766,65.811833891245
16.825597785773724,6,1.8885038798524816,12,5,clear,truck,8.599905918376265,WH_North,4.8240106063149355,65.0375543327853
9.179419903012326,25,2.119864588598103,17,4,clear,van,1.2447754717433743,WH_East,8.001458980677642,101.45749334837127
12.695833631660813,23,4.048153471030032,11,5,clear,van,8.475064291549975,WH_East,3.0439609944951984,71.97311597398875
12.369664015924036,15,6.896054464055563,9,6,clear,truck,5.628709153072437,WH_North,5.175784632160418,80.7996534379996
14.620935455922996,12,4.756687245230945,17,1,clear,bike,4.4550139194523215,WH_East,7.388996612125125,97.02033311893476
7.416694205162862,20,5.6139836647259225,15,1,rain,truck,3.0082368663341046,WH_East,3.1571642937481075,94.78570489134792
5.604184073934742,18,2.7548624803503143,14,1,clear,van,3.8157678722337693,WH_South,3.637320999951854,56.50367074847577
11.02691719966902,13,5.0637136530102556,12,4,clear,bike,6.429515510309095,WH_East,3.331921992520829,82.37344382012105
14.028683620648378,21,2.992584851855159,17,5,clear,bike,1.9433980353491531,WH_South,7.707587153454347,125.35301525178782
15.571328309512285,5,2.437491244109119,17,6,rain,van,6.111665501929963,WH_North,6.496394054343105,70.75393098795239
18.010102683060882,7,12.528056689058792,12,0,clear,bike,0.5784396840518156,WH_South,4.2279787304016745,110.52333171129341
13.304818672300197,1,0.649642433616081,8,0,rain,van,4.927643859066464,WH_South,7.696023077531306,49.709804674752284
5.40040638332792,3,0.8946586696738783,19,4,clear,truck,11.520317548631485,WH_North,7.239533393107187,28.14537251880684
9.106614387519173,5,4.340067182770436,8,1,rain,bike,8.86770165936029,WH_South,7.157767997838619,71.52188496844353
8.621640298358592,16,2.758018138477375,13,3,rain,van,0.8232249046986473,WH_East,4.009689045470988,68.39603678597153
8.053925679524037,22,1.2142310003410843,19,0,rain,van,8.254034820017024,WH_East,9.033657937242255,74.36995541738288
11.040048312696875,15,1.5868839828623151,12,0,rain,van,2.3533579821626365,WH_East,3.142245520022888,74.57472738956218
6.991173468943486,12,1.7383144593288768,18,3,clear,van,5.689972476930739,WH_South,7.84278490029036,55.844376259459956
6.997657726055683,7,6.2005349835115915,13,4,clear,truck,3.5300221350422607,WH_East,4.2354546464016956,46.60220606510389
21.319234097378878,3,7.757710885885921,17,6,rain,van,11.209932301147848,WH_East,6.982167496652133,80.35776232211309
7.661886890291585,15,10.461415721075474,15,3,clear,van,0.6532819802580994,WH_East,2.215819187670381,36.07824866603945
14.560179337471368,4,1.091651999169377,10,4,clear,bike,10.571496469971509,WH_East,8.231124508140532,93.54644564604011
15.046789948552425,20,1.275085872396873,19,6,clear,van,8.416544023620144,WH_East,5.64423484135242,94.31724712966971
9.259557711009684,11,1.2153856913386567,13,3,clear,bike,4.353470026540669,WH_South,2.4566765818665957,58.755132689569116
7.173084531874409,9,8.18415447764706,13,1,clear,van,10.55571058608827,WH_East,2.6257699344991603,32.64538211149104
4.450123307382928,1,4.446232543225955,16,5,clear,van,4.875634396120921,WH_South,2.8543838022148855,16.229565102301677
2.394550830905673,7,3.511837664206797,20,0,clear,van,8.380440498359187,WH_East,2.9327500678923566,30.53914080038532
11.507999512703112,1,3.899077886003954,19,1,clear,van,9.45438560594623,WH_East,6.508102120355431,36.25390057910056
10.168307305913741,19,3.190747470126215,12,0,rain,van,3.436691360737855,WH_South,4.141984050912374,79.58077385048166
12.51121801126112,13,1.5146745036702824,10,4,clear,bike,0.8670691500971994,WH_East,7.77574028544989,96.87474105673104
5.843055912326847,20,4.755115342730558,11,1,rain,van,10.417510198953305,WH_East,4.4818918792308295,70.08492966460709
22.543415032591575,15,2.914513895025398,10,2,storm,truck,2.7754470249724355,WH_South,7.1434418530949415,159.28804319780753
10.706734183313344,24,1.4330068665490046,11,4,clear,van,11.18168400603552,WH_East,3.7427837481060515,80.29095161447424
7.4813952821235254,20,4.96294746764433,13,2,clear,bike,3.7804762300254566,WH_East,4.520294025925964,87.84787721649715
1.516082392485759,4,2.464400701000922,7,2,clear,van,4.9787501054193015,WH_North,2.6179753277876534,11.79536747964408
6.278895569586251,3,3.8932272494538482,14,3,rain,bike,5.163722294337354,WH_North,3.204569749042397,35.61698992263783
12.858167655706666,23,3.041998154280084,18,0,clear,van,5.614670343833048,WH_South,8.693511533073648,114.81560495935628
17.745692913706318,7,6.196379318355438,13,6,clear,bike,11.55314948851218,WH_North,3.0176048247227,86.73685393124428
8.227765876181136,20,3.87332798505619,8,6,clear,van,2.94104194811579,WH_East,6.864494295414677,79.90558046283121
19.39637957307722,16,1.7885583022645435,12,4,clear,truck,7.299287970090693,WH_East,3.765269823978796,106.36055640861385
4.2171277930646545,18,4.159530704440753,11,0,clear,bike,3.5295738579647145,WH_North,4.900721104356451,61.626360314905675
10.35213195241344,7,4.255797228101264,15,3,clear,van,1.5711621503179596,WH_North,3.778336410636737,43.52785430321165
10.526723142675941,8,4.74899530922613,10,2,rain,bike,3.465264791226746,WH_South,7.841007119982188,100.86957062004
11.562383748008578,14,6.855916336858065,11,1,clear,bike,6.628849297853301,WH_East,3.7849300940804547,75.23547685574059
8.929969717104068,1,2.157202083629795,17,6,clear,van,7.283879537493025,WH_North,5.54566292215222,23.69903812859814
10.016979758447471,8,5.299195237386538,9,2,clear,van,3.1646559728203725,WH_South,8.252352876264819,49.22379343036205
4.146436092883277,13,0.9926550405410821,20,4,clear,truck,11.847773355541687,WH_North,3.0609642668964674,45.32765480657397
16.782257836990816,6,3.052651720027286,11,4,clear,bike,4.352910214104113,WH_South,2.66401286235551,74.70548921310281
13.740943945169352,8,2.7393977052495937,18,2,clear,bike,9.984455194929891,WH_South,6.228190466883008,76.69105041127716
9.782854886736008,25,9.147600954333523,8,2,storm,van,0.4204065751145798,WH_North,6.415108143334247,98.9214536562372
13.92693007694654,8,2.975955606582064,11,6,clear,van,8.342616896799969,WH_North,1.0,50.92366027511623
17.087712317836413,23,5.081427086711968,12,5,clear,van,3.6415508778424104,WH_South,2.077436597954769,87.63948771076167
11.464018659513547,24,0.9673015068445204,13,3,rain,van,6.442670187933276,WH_East,3.408818032272386,94.26966613930072
23.91945898088208,17,2.5954746899308585,8,3,clear,truck,10.039241215071703,WH_North,8.755130810909375,154.79160021036122
12.025987583520646,4,1.8359243594564707,10,0,clear,bike,8.698134309342402,WH_South,7.854648388384108,97.89776009499002
4.608550360048709,6,18.78122660930841,19,1,clear,truck,4.31560293011192,WH_South,8.028147062190396,41.81529515492426
9.489386878537916,24,2.0818194980548603,19,0,rain,truck,8.789753563080495,WH_North,8.951446958967257,113.82433987962516
14.240767409456971,1,3.4948671057711196,13,5,clear,bike,4.967969956510335,WH_North,1.0,47.31315478337008
17.097098583768165,13,3.627715319614211,8,6,clear,van,0.761836639402087,WH_North,7.352499340196886,77.25798271050512
9.045342355141273,15,1.0912951439521787,10,1,clear,van,7.987019037375917,WH_South,8.083410688160864,65.10669325020126
4.35950517279014,21,2.2973934843316264,20,1,rain,van,11.241794377271313,WH_North,4.541283614001246,56.64112717855962
7.075453660331765,23,4.407627482454546,19,2,rain,bike,1.003827157821629,WH_East,6.183335578726148,81.41111760139906
3.0909002678049995,8,3.5254412039356264,18,5,clear,van,8.251503620261897,WH_South,6.483387629721816,34.29775168845819
12.751936959274303,13,0.6634593584224325,19,2,clear,van,10.076807993965808,WH_North,6.9621139799424565,59.328900538505444
6.228228400612913,16,2.232464179999586,16,0,clear,truck,7.159591172089171,WH_East,2.6408966304803023,70.06428608316642
5.113408984366227,25,6.784056066757225,15,4,clear,truck,5.82482698314186,WH_South,5.8813831210007,106.27188490581278
13.478301294697445,14,5.011604128205935,17,1,clear,truck,2.846543194644424,WH_South,7.290551770946349,88.06443891253582
19.176115077104235,4,7.788305753284474,16,4,clear,van,2.32621838600165,WH_North,4.634508586432146,73.572544836437
5.098474144157778,24,1.665369238654242,11,5,clear,van,4.755558705720019,WH_North,3.63512698367209,72.41101112130474
9.081297711432653,13,8.13886450590803,15,0,rain,bike,7.695455898721032,WH_North,2.503818667292472,68.62456419180897
7.263818230156814,5,3.218501138341937,11,6,clear,van,3.776065269875917,WH_South,2.5273784382664872,24.456062567558572
17.54711267474034,5,10.12042592735803,15,4,clear,truck,5.8608707903862225,WH_East,3.854244597593956,54.81756012877788
7.793913064292849,6,3.327805586912906,12,0,clear,truck,7.1998718784354985,WH_East,4.155919963561563,53.06946752130855
4.075828359771599,19,0.7919691460770154,13,1,rain,van,2.519755527636921,WH_East,4.097632350265067,68.46179098796807
8.026104927262246,24,6.016334578720474,9,1,clear,bike,8.896743129499061,WH_East,9.377826952048391,120.83836595049901
15.492797186530163,12,2.4340107847186703,20,6,clear,bike,7.5437852974911515,WH_East,3.8193634971247303,106.42887512110939
6.996957494092596,3,2.551392457868658,17,5,clear,van,7.102007101099267,WH_East,7.591240242994416,40.26117495209289
5.461984150479319,23,1.2006132864120327,8,2,clear,van,5.737335089827268,WH_South,8.671461503446976,78.42852453158997
7.5770292516170015,16,10.335035719583825,13,3,storm,van,4.377668783794836,WH_North,5.017506461286499,80.00710188982545
4.1684075292146465,15,2.3053423222721787,13,2,clear,truck,6.585762324794082,WH_South,3.2392826798832877,54.57580928480177
7.257901648935073,2,9.999399512477165,19,2,clear,bike,9.188778737982133,WH_North,6.3784216126445825,41.691193644708
5.738308508076325,25,2.455007427953801,17,4,clear,van,8.472124348820675,WH_North,7.254024962344742,83.49736799010144
26.378596010365058,2,1.7342557494163433,19,1,clear,bike,8.85253775158554,WH_South,6.563729244962505,141.2858502076876
1.8392583536322742,16,8.361772463764654,13,5,rain,bike,2.5130098643950745,WH_South,2.115320854147371,48.380452965926345
4.594634257780253,15,3.153981666352749,9,6,clear,bike,9.356215602491718,WH_South,7.089829460461018,44.22129427234125
5.459212617330257,13,3.175609539461376,17,6,clear,bike,4.02494666706405,WH_East,6.501896779764699,46.72861301431395
4.188425885259699,14,1.3537274229803389,10,1,clear,van,2.796983264777047,WH_East,8.383265779034833,53.66891572125886
10.412162525640088,10,2.410088940787372,15,2,clear,van,1.4586134781764142,WH_North,4.073245543511836,48.60976615387923
5.037073749495217,15,4.482079337314583,12,1,clear,van,9.963928783067587,WH_North,4.128271271645403,54.140268829940325
2.8433030035899653,10,1.3371948234480615,11,4,rain,truck,7.478368073556718,WH_North,2.6615372366409726,32.24638744659053
8.596208503263101,12,2.2764987212607797,8,2,clear,van,10.095671149950716,WH_East,7.010166983895041,65.98546436379867
6.742817482948942,17,2.473631945275551,18,2,clear,van,6.736989659376872,WH_North,6.08102409548171,53.109936166538276
5.198340133854501,19,3.47817789509428,16,0,clear,van,10.32336532535338,WH_East,4.3112349214113435,71.43368907152062
17.298333430969457,4,9.352949535971987,11,3,rain,van,6.678854767185147,WH_East,5.529937647003684,55.6324190488108
10.620165469766958,25,2.6913227648898235,17,3,clear,van,7.750134858471071,WH_East,7.9609234442282455,101.44663951261302
9.927417932514597,3,2.047561425032986,20,3,clear,truck,0.676326647769236,WH_East,4.040925408515781,36.914234111768906
10.759601972840635,7,22.702145658409012,17,2,clear,van,8.035904034869255,WH_East,7.321565808733986,56.84045384633398
10.436594220088402,9,2.4516720288311324,20,5,clear,van,7.172539751484971,WH_North,2.8050916037065687,53.28290709037457
6.9627693827996575,9,2.90530764671881,13,4,clear,van,2.9049144517277523,WH_South,4.947190688508513,50.51883499861207
5.0730341445156615,9,2.5844366182725844,12,1,rain,truck,1.3528058680894692,WH_South,3.8816759709279576,43.76453826230702
8.711704240900415,9,2.7353561019909316,18,2,clear,van,4.166217676573567,WH_South,8.375370987036634,52.14168597293987
6.881918950923178,11,3.505833881283709,16,4,storm,van,0.7221925046703901,WH_North,4.970732665827497,46.82200595593753
1.8173780219107458,20,6.325300442748717,15,0,clear,van,7.209951058998615,WH_East,4.790403533382779,43.946491701663895
3.9343941402434877,21,4.405225307870627,15,2,rain,van,6.551315060051925,WH_South,3.829099075639365,59.37040218310837
6.338781549231879,9,7.056625017480799,20,6,clear,van,11.013786732398692,WH_North,3.0952443090352086,33.289823784634365
13.645255329466126,7,6.895162454870463,16,3,clear,truck,6.210739305698391,WH_North,3.4523109261218585,49.27781049780628
8.734858260463271,17,3.841974679708039,18,3,rain,truck,8.75676766089226,WH_North,8.249034506261625,88.8027754236756
4.476601609169314,2,4.320704117102668,7,4,clear,bike,7.967820909474022,WH_South,3.428009164117425,26.685582136637436
3.695189851355139,12,7.214664374391802,17,2,clear,van,8.395966598029206,WH_North,8.115099584385348,43.73246764526585
15.331370928504391,6,1.5252419457074702,11,5,rain,truck,3.7638260591086627,WH_North,3.9344616382488975,64.52821565585353
7.167414586040581,16,19.082045019016523,8,0,clear,bike,4.984201076892516,WH_South,6.282494941620913,74.422153416011
0.5754944128016968,2,2.319126041903714,10,3,rain,van,1.4372357908580362,WH_North,6.1282699479533855,8.4098619870025
7.457431116521361,21,2.59691591626944,18,4,clear,bike,7.805666596657651,WH_South,7.759806391286492,95.13069465805756
11.98447417614562,7,1.4214384015127193,18,1,clear,bike,3.6292539924300375,WH_South,8.40196057450332,81.99662382487814
3.613360490207408,13,1.4513504015312093,11,5,clear,van,6.585510129192347,WH_North,3.2581940389452506,30.306151481562065
8.335537651638063,15,6.565468366879344,9,0,clear,van,11.058284794955496,WH_South,6.710179382821275,62.46582490740245
8.819746388249836,12,16.266947597005487,12,4,clear,van,8.194969788316012,WH_South,4.609738109061991,56.542532966965425
3.771852697239707,12,2.2320756167873474,11,4,rain,bike,3.2119940734925865,WH_East,5.517461252005625,38.448026062481965
16.129297565583315,7,4.233891598186592,13,5,rain,van,6.175766111483604,WH_South,2.2181844666253383,59.84995637995218
8.912752818909025,20,3.8733378041032527,17,1,clear,van,7.226122657976904,WH_North,7.147479969886555,68.06262979490603
6.317857230881565,13,6.687039123209648,11,1,clear,van,10.201841706908981,WH_East,3.8230605200704444,49.46945470725479
7.197790323320444,6,15.691201247548669,9,4,clear,van,9.525134448636306,WH_North,7.6868191826935455,43.45092778928737
3.266816600651167,7,9.628056542197012,8,6,clear,truck,3.782828140992109,WH_North,8.082770296535271,34.48134262901155
3.16672759659772,11,2.8093088811137887,16,5,clear,truck,11.03569944017207,WH_East,3.255231253315024,47.03342191979075
5.942040821644978,22,4.807308408193239,9,1,clear,van,1.7686557896960946,WH_East,7.537560644792574,72.88338958694432
6.184562559299485,25,5.1533165099351095,10,2,clear,van,3.3130588001602597,WH_North,7.2692760701686545,78.86781139575893
6.902412900982924,10,3.2737514448465777,18,1,rain,van,0.4063728726264517,WH_East,6.425181860668729,50.05697564323042
16.941139525300073,10,1.541636796017399,8,5,rain,van,3.7351627220240355,WH_South,8.23255555252382,94.3568260255519
11.610281894253422,4,1.898106190031316,16,3,clear,van,4.96858206542109,WH_South,4.364880349199646,35.54276147412046
2.071701275825478,14,7.416497091760418,7,3,clear,truck,2.895699139976585,WH_East,3.7185637686770865,40.22741024618544
15.135317494668971,6,7.971842113910288,20,0,clear,truck,0.15134592305747274,WH_South,3.8978633579174518,78.23292871905123
5.9118549494489265,21,2.871121857798843,16,4,clear,van,0.12617125213094882,WH_East,3.7031040937712185,69.06556797178689
12.263912499055342,14,3.9858029133217228,18,3,clear,van,11.087592277813542,WH_North,6.211010518282315,63.537054143619066
6.222378425262736,6,7.675893279665822,16,0,clear,van,8.817675909001737,WH_South,2.5208972543857366,39.28954287008443
8.570940275436039,23,1.007036429730082,12,1,rain,bike,8.3807433650602,WH_East,3.6161777336901686,116.26447470196547
3.450389213843653,21,2.42917889853374,20,5,clear,van,9.428806796966105,WH_North,2.8009281162487976,46.990030023250235
9.736615492697425,8,13.63322689364206,18,5,clear,truck,8.330273128339378,WH_East,6.989087420926552,63.28839049144151
13.077242722531311,4,4.093970990441379,8,3,clear,truck,0.7374892200595351,WH_South,9.327789797711919,83.21999340503415
2.4054527361110254,7,1.5061379729826685,15,5,clear,truck,11.108771206318911,WH_North,2.7422947022256934,20.296130576519886
13.194189977371188,10,3.6041919748956515,14,5,clear,van,5.145728055853855,WH_South,2.313518872560538,46.87974698884621
5.058844671948192,11,6.7869721520878405,11,4,clear,van,5.441121699989943,WH_East,3.8477080284798837,48.798835632137944
20.024274717415878,21,0.5584595684890459,13,1,clear,van,10.63883435270941,WH_East,2.5428324331735213,92.08651684723922
12.395494989212736,25,3.7561709420329983,20,2,clear,van,2.4540354495687247,WH_North,3.94000954351423,84.59837225866335
11.17092590891058,19,2.5582151589202127,8,5,clear,bike,3.75383472147028,WH_South,6.347657742303045,81.33226224867167
7.224242861742999,22,1.0519034278647716,19,2,clear,van,10.260141528657652,WH_East,8.002548196125401,78.85707920599944
29.093876512210237,4,3.5160882483767506,16,4,rain,bike,6.23593789797414,WH_North,3.637774311184814,122.89182225691493
5.936173614757143,4,3.0176061085661066,8,5,rain,van,5.041797958439185,WH_South,6.872655441206473,30.50318244025259
3.9993456863640704,23,3.2645986279667856,11,3,clear,truck,11.454746550868055,WH_South,4.36385782841791,74.10813055929823
5.178791571145155,16,2.601836562424352,18,3,rain,van,10.664607515789868,WH_South,8.460948987332564,59.541610535803905
14.440927960183679,6,1.6242784942298918,16,1,clear,bike,10.648673882153219,WH_North,5.629822403875184,66.06166397202671
8.471788497305411,20,1.1991800318972798,8,3,clear,van,2.5464262052251825,WH_East,8.424877288152324,70.48344142171152
7.7266695878789875,5,2.0472901523701714,9,0,clear,van,10.126763186225377,WH_South,7.579524134172128,45.88094152245151
5.993846309182931,20,6.058586244353762,20,0,clear,van,7.880332097788054,WH_South,3.230638039002984,68.33347995700653
7.479974467102561,23,3.908482556131683,9,3,clear,bike,8.298330234965476,WH_East,8.112172786783626,92.05558917761543
5.727867613661479,13,3.1631825896469854,15,1,storm,van,0.5739686493260292,WH_North,5.115292986738212,61.48360159425546
11.787209743356827,17,1.6034575968031297,20,2,clear,truck,6.66881438483292,WH_East,4.570659568714962,76.12375861262115
6.803564081402191,19,2.5555297660645517,9,2,clear,bike,2.622736220740176,WH_East,7.158933747197977,81.88254068738057
5.2432421299532255,23,5.562292207558389,7,3,clear,van,11.125389987248493,WH_North,4.207329607223089,73.0234145710762
13.75363502184468,15,4.727273615795802,18,4,rain,truck,6.739592556388532,WH_North,7.99981254733851,96.11153803703337
4.089375611508271,8,2.37728906738588,20,3,clear,van,7.408678565488607,WH_South,4.744199673161757,37.4462989041365
8.544433169891956,6,0.533667920051585,14,5,rain,truck,2.9194193281760685,WH_East,3.2712677750332686,50.40977617942658
1.8068156132040878,9,2.0701201703199104,10,3,clear,van,5.056513408781326,WH_East,8.03761812108788,32.1535498206748
2.9750032334426786,2,2.368161315195467,7,6,rain,van,6.352818810878604,WH_North,1.9368682366938432,21.472995181653186
6.344187590585057,18,1.7594932537882915,19,6,clear,van,9.74448215026338,WH_South,7.712852180102781,66.79846159547112
5.659533734568473,10,2.4862534822843703,18,2,clear,bike,7.339040786856775,WH_South,6.548465315584658,46.657763843078556
5.653858340123599,18,5.880166569976841,19,5,clear,bike,1.3564406257772874,WH_East,7.080637768188985,73.59905259189601
12.461034829490782,2,3.2345586304644818,18,3,clear,van,5.409374052801102,WH_South,7.3043057111960294,49.06308235942957
12.88242388951993,9,6.637844143154166,13,6,clear,bike,3.546272695597123,WH_South,2.4512112144289158,63.5736164311617
9.555563273403983,10,1.155045272353245,13,5,clear,van,6.466989905789575,WH_South,3.5243345733569242,37.14865106559975
3.936928654027888,3,2.681711364134803,12,2,clear,truck,5.63802125110926,WH_North,3.797099460256369,22.149553381272653
7.443823082982003,21,0.8544344613679768,17,2,clear,bike,0.2679372794270485,WH_South,5.645921888271795,91.8982391929897
21.616732002301646,15,2.463038447670491,8,6,clear,bike,2.490203038811163,WH_North,6.821938211795151,156.17377935043461
27.492786765079543,22,1.5968609266137241,7,3,clear,van,7.9209468587903915,WH_South,3.4505079524821083,121.0044306062002
13.830190549209089,21,8.140706610224942,20,4,rain,bike,6.531950226649979,WH_South,,139.187297925246
4.046367593584779,1,4.422912448484996,11,4,storm,van,0.6393759950357705,WH_East,2.681839940890545,22.895572249073847
7.484673291769718,22,6.755659830246509,7,1,clear,bike,7.172007626534051,WH_East,5.525234754728997,82.60272436579578
9.184103728702848,2,2.4582667349154272,16,1,clear,van,6.0390735053378926,WH_North,,31.442219750823206
8.375095072361194,22,1.6261208502623745,12,6,storm,van,1.8024186947951986,WH_South,2.7497737076377944,79.88490418194453
14.660547452754127,17,1.590273324759509,10,1,storm,van,0.023511198866041916,WH_East,7.423018203979212,105.4200041823174
12.147356651728964,21,3.9980530156761507,13,6,rain,bike,4.024994995996855,WH_North,2.4255569395521706,88.59818254827886
3.894148248152204,13,11.78836521039195,13,2,clear,van,9.356319172203687,WH_North,4.087428499971917,42.17651365238303
5.327747258126104,5,4.431187489311373,15,5,clear,van,1.5963618461888402,WH_East,2.2909296011222335,32.46518013398914
13.797126642950765,4,2.5540046786471167,20,4,rain,van,11.333180133625989,WH_East,3.694395741993204,39.99528520957244
17.256923099365572,3,2.909148426488701,19,0,clear,bike,6.509441964322912,WH_East,,83.90141174848118
9.252630466386485,21,3.2481635262169273,18,1,clear,bike,9.100738871091597,WH_East,8.441490981131151,106.18534095689041
18.465576854648738,14,13.717190017820448,13,6,storm,bike,11.72224951693591,WH_North,3.1525265632585744,135.44045038777853
8.634135010295434,6,7.873683499615192,14,1,rain,bike,3.151818001463418,WH_East,3.37882268596164,55.958502079216686
4.3847290984103875,4,3.9827450910023368,8,1,clear,bike,6.994288050358808,WH_East,7.582424253504312,33.183678426572
11.518178234740308,2,3.585193248942838,15,1,clear,bike,4.087885590255287,WH_North,3.1764050468935645,64.42046124206601
34.297979808691494,7,4.094101884632869,16,4,rain,truck,1.0145502235082158,WH_South,4.081964452967909,154.3005127553297
3.2858578847240705,19,4.6926289470712605,19,5,clear,van,9.522020367942597,WH_East,5.8704437616790415,59.43222563915713
18.074242629251142,23,2.486214898701579,7,6,clear,van,0.14503763241551182,WH_North,3.8117581194365724,103.19284381626977
11.143615355331004,16,1.8388580185240386,19,6,clear,bike,10.426019537387411,WH_East,7.155966308236561,93.84902243105265
5.11874636248676,25,6.838402709687228,14,6,clear,bike,9.534630266372709,WH_North,2.596217552390935,91.06113755018255
1.8443533368415959,10,3.3716016934175386,8,6,rain,truck,7.660807233848978,WH_East,7.528924003807413,38.801505065248605
1.2750635483092156,9,6.45018978928723,20,3,storm,bike,7.093678968970558,WH_North,4.149754840592293,31.355025044680026
5.646327893713456,18,10.50983120292188,13,5,clear,truck,10.147926102323613,WH_North,2.0589339497715367,73.20622747061644
10.10337522147856,4,4.779951088261293,12,4,clear,van,0.6684600623276231,WH_South,4.976634669942126,48.238477363331995
13.226161815794807,23,4.267311210029794,9,0,clear,van,8.83668391859846,WH_East,5.553102662352099,109.30974057807427
14.991294343513236,20,31.192263095699534,8,0,clear,van,2.165032641810083,WH_North,8.780587008310071,113.15602643440873
9.580671828752841,1,3.8378568153743458,8,0,rain,van,0.24424999354469046,WH_South,7.653169338049134,49.11546159598531
8.714233286893144,5,1.5474636479976083,10,2,clear,truck,3.747481346308784,WH_South,8.691493670613019,57.4099307148724
6.479388981389487,16,2.7268370219416145,11,3,storm,van,3.9260276810754937,WH_East,5.096377629787304,57.29345740968664
10.248352444056668,19,9.837280473505274,13,4,rain,bike,2.3114145329740747,WH_South,3.415283672945132,106.34247012666175
5.17107964079668,6,1.3418950815150221,15,3,clear,van,8.530040462176817,WH_South,3.4575819876966603,38.88965632928336
3.4146878828472684,19,1.9606543647556176,20,2,clear,bike,6.706931450989252,WH_North,4.0831671645155865,60.93050344022092
8.391360150544484,12,7.203008343028945,18,5,storm,van,11.040732855726327,WH_North,5.979722436199591,62.11630373980942
12.650774136371604,17,2.7452318944364396,13,6,clear,van,9.140306870549807,WH_North,2.7014893057463922,57.5446906181931
2.8985078566798284,11,3.07353372186331,19,1,rain,bike,9.913558985043645,WH_East,7.425073253019374,47.766938979072066
5.646703841882862,12,7.038259954682337,14,1,clear,truck,10.830051795363758,WH_South,2.7324616472532552,48.42218790600951
8.20344062050434,10,2.0101818227154586,12,6,clear,truck,9.676306325725275,WH_North,2.577768766341763,44.6436179427814
8.098564317307172,4,1.1876520418043994,10,6,clear,bike,1.4176305412240695,WH_North,7.677741443252199,56.97403938104247
10.97119097972723,5,1.255808791507765,12,2,clear,bike,2.2257491231471813,WH_East,4.4127862845599575,66.53248335274323
21.271011322498953,5,4.9890539887947085,7,3,clear,van,4.821738653976737,WH_South,3.6405137326659665,65.4767890399246
1.2863181324247344,21,3.9804403969768525,9,4,clear,bike,3.9848049100807548,WH_North,7.856137107613348,52.332869069240125
21.808342115011214,11,2.0446025953426523,20,4,clear,bike,10.625107241210172,WH_North,3.52622321680479,103.42354398185107
20.739844514399806,10,1.4752771426071116,9,6,clear,truck,6.290399627741969,WH_East,5.414770519095178,86.7535230160179
13.35227657309969,22,2.7472456072905875,14,0,clear,bike,10.511235266560377,WH_North,2.8849716344140544,90.9450401691573
9.149862615101744,23,7.254065718016739,8,3,rain,bike,4.645937630091295,WH_South,8.66309086566241,98.87055293633912
5.239935878525653,6,1.8495223791393054,15,1,rain,van,10.87810019154723,WH_East,4.877508922176464,36.76134215119464
13.258769155283478,9,2.087821514140631,20,5,clear,bike,0.8607308027195102,WH_North,2.2275050975195416,94.53040010096446
9.434206663101653,11,1.4428710348472915,13,4,storm,truck,5.346571907215004,WH_North,4.807179197729771,79.60655059061139
6.568344592121656,21,2.5671875922773757,8,5,clear,truck,10.813528185409707,WH_East,5.919375183694816,95.3649352726821
13.061614989495254,17,4.2066024105623905,7,6,clear,van,5.395513318656887,WH_East,2.534573478026453,70.54212037849189
14.371374039067062,14,14.594115651877052,17,5,clear,bike,8.792303155680662,WH_North,6.893074181340395,89.18913704546733
17.181037163524927,6,3.8668764372049456,8,5,rain,truck,4.330520062782705,WH_South,6.754142623281997,116.1859812618666
4.857014709397659,10,3.1976792948093142,11,5,clear,van,9.95052205967287,WH_North,2.3770459047363297,31.248106215098073
15.936409681433522,1,6.074232380901232,18,4,rain,van,7.576964598837658,WH_East,7.9140653309585405,73.8315253179208
6.646991079908281,18,5.405142884090522,14,2,clear,van,9.742302872813596,WH_East,4.49880899250336,64.46632312131062
9.165266425437727,23,2.215852997781198,19,2,clear,van,6.437844807463099,WH_East,6.491621075264478,93.74313327744576
10.253268387841846,20,16.633887853194164,19,2,clear,bike,7.651373090506186,WH_North,7.913597209708215,104.31402947596705
15.204195003961313,8,3.2639288987527304,16,4,clear,van,6.343859569780502,WH_East,4.668424071461164,52.07694564544378
12.297136228608796,13,3.9175353712711707,20,5,clear,van,6.807744170631761,WH_North,2.6285379616830236,54.86636490658765
6.49780947017379,24,4.883899658527126,7,2,rain,van,8.270002122918317,WH_North,3.307810914339866,97.25125096074645
1.4474158929721828,11,4.229613667509073,10,4,clear,van,1.450170834694195,WH_South,7.03426000224687,37.889009281531116
10.894849914578163,21,9.657920618914636,10,2,clear,van,9.222926348556452,WH_East,9.600318755580036,119.25934186452223
8.937626202353458,15,2.196936483904941,19,4,rain,van,4.262491240805121,WH_North,9.143874874425967,72.57095555521413
3.254269165304711,13,5.745216377413198,15,5,clear,van,0.1509473949925093,WH_South,2.73460576223995,48.87764756222149
9.586024182268503,15,3.725488230261925,10,2,rain,bike,7.724098282246756,WH_East,8.862253139236646,86.23961676213588
8.139576094088278,6,6.60552378803626,9,2,clear,van,7.363678985274826,WH_South,7.326510039841542,45.14905965674149
17.085634150387015,11,2.85625174049025,18,1,clear,truck,8.709854990672712,WH_East,7.659951839796503,120.0659255875473
22.648748172067332,8,2.5979151310768085,19,3,clear,bike,11.979829515322447,WH_East,6.846042795988657,114.07286111460753
14.167237400537843,19,5.542532028481195,7,3,clear,truck,5.537388083812278,WH_East,2.1411968659333374,89.00232470601048
7.850329802485838,16,4.2656530173043805,12,1,clear,truck,11.679868088885469,WH_South,3.2778399882381564,79.1062238500686
8.597891215903603,10,1.8697299120424364,14,6,clear,van,6.933375087186417,WH_East,2.6174846610381812,46.45260170597828
4.740174135307333,21,8.515845465456831,10,6,clear,bike,4.294524334337284,WH_East,7.383921888334226,91.87508272136732
5.367907185965034,12,5.544223431518236,17,2,clear,van,8.133477958848236,WH_East,8.38944528144096,48.940714514281645
7.568413251696772,24,3.152062708583054,17,6,clear,van,2.357457828041533,WH_East,6.8895717409246755,83.53590887758092
7.079408946572141,16,2.392259272644471,18,1,clear,van,11.595505345339154,WH_South,6.907976331859842,64.44755381045582
3.1156888738849093,23,4.2840191719111145,18,2,rain,bike,5.292691812583165,WH_East,7.20785115873943,62.20641659401956
17.186458918471214,25,5.27163023287691,18,0,clear,van,0.12757742759083612,WH_East,9.23199163315479,113.64739766770455
18.55665586762884,9,1.0877892745773339,12,4,clear,van,7.8639060711591,WH_North,4.366231510596219,56.32379262466449
16.873767484816135,7,4.318795939790637,11,3,clear,van,1.4439634618518657,WH_East,5.080558378211585,40.26819732216923
18.914303801161978,21,5.24244656816464,11,1,clear,van,1.0669904806462491,WH_East,5.399269010437585,105.84352899014526
26.35197176396467,6,0.6397268312110235,18,2,clear,van,0.28265353600602383,WH_East,7.208279898360862,89.09270662868836
4.8019460475827245,19,3.8088707766305756,16,6,rain,van,10.59561289471954,WH_North,3.738158410840015,55.557111286478836
25.715132442631663,5,5.3990682591287324,11,4,clear,van,0.4041350277380569,WH_East,2.9880284915438184,86.92843591335745
6.472248093951853,22,4.985904443646383,17,1,clear,bike,6.4464272448708435,WH_East,8.729973082452288,78.75686081109427
11.864039122792319,18,5.822407571866221,10,0,clear,van,5.873237091423046,WH_East,8.545047162624094,94.50786750760408
2.5606688944292024,14,2.639800604182998,10,0,clear,bike,10.932455462427429,WH_South,5.897334171423856,35.89936644330587
5.941310879766929,12,1.603302389743721,7,1,rain,van,10.933711738920827,WH_North,4.162495670557531,41.59428608168636
14.399928448575425,16,0.9419330941602532,20,5,clear,van,11.050582109004981,WH_East,2.2290858384079595,83.63040626890597
12.198023217610835,10,7.1317473062822945,10,0,rain,van,4.800034208422222,WH_South,7.493634148771318,71.71239092645487
6.391248368699342,10,5.431122560605578,17,1,clear,van,5.682019579187461,WH_North,7.206275666166329,54.398569919877936
8.595528210858035,6,7.522828906370468,8,0,clear,bike,9.908023643423125,WH_North,8.617150192808076,81.08820520882014
5.5324641175354206,4,1.9985082930724622,7,4,clear,bike,1.4418974583004789,WH_East,3.1848458719212918,32.19141008206767
14.377193130771634,23,5.828067648930569,16,5,clear,bike,1.3730195458916485,WH_East,,98.62036189024403
17.838440556604326,19,1.1596559121169383,8,3,clear,van,11.060735954958009,WH_South,7.073192211768767,76.5568108248045
4.816832219873232,12,1.8064335893987917,9,6,clear,van,0.35320665524466444,WH_East,6.80693165933006,48.51101088690733
8.065021555820351,21,3.6261955888968775,11,4,clear,bike,4.594485835769001,WH_South,4.169213531746055,85.76154965106595
3.0202746554234414,16,5.2816858729739025,15,5,clear,van,2.3393546811878365,WH_South,4.076280909571926,56.418667672081895
9.413093212982652,15,10.754332681645938,7,2,clear,bike,1.007838273448217,WH_South,4.262239796062319,92.47606732530296
11.141273820227102,3,2.80654770759662,8,6,clear,van,11.68641720358989,WH_North,7.5254136765678705,36.19119733760408
9.880206133713815,14,1.811173893045902,11,4,rain,van,1.9914273799329227,WH_North,4.464640924508329,79.45056983689831
10.629756460567295,3,1.7471672908868305,16,0,clear,bike,5.183698270727497,WH_South,4.535612328523098,53.95669341468772
7.539401883310633,18,2.0513699504755514,8,0,clear,bike,3.074070052424176,WH_South,8.730050570357015,90.7358225231497
7.652438775140904,2,15.716620100157595,10,6,clear,van,5.894035157989214,WH_North,9.254575901916208,36.01005806811095
7.430934830384048,13,5.6395907836889085,9,1,clear,van,9.202730447474863,WH_South,8.520779808641269,55.53147418612493
5.8226831700816595,10,7.233856491333566,11,3,clear,van,7.916603351094472,WH_South,4.057857565767318,36.64036158190147
6.306129663429981,4,2.808667267961142,10,5,clear,van,6.86099723029543,WH_South,6.581308093518377,34.24021355472895
10.844491440632243,12,3.316287460077667,15,5,clear,bike,6.128175128517691,WH_East,3.2789488294486344,62.14431522216245
17.1968010338232,6,5.416691226232046,7,0,clear,truck,1.5822245460893933,WH_North,4.838489161585578,72.28388115076876
4.240503247001953,7,2.3301691720066136,20,4,clear,van,4.830043913574446,WH_South,2.7035571926980344,29.29343077454562
7.634508807968277,23,2.707659150239433,10,6,clear,van,10.863191426025445,WH_South,8.132725740285078,78.98676309750631
3.618785387411985,9,2.070327854630434,20,2,clear,van,9.846276547136522,WH_East,3.415932356199771,23.377040762283595
5.8932636833737115,11,2.4272407301118437,17,3,clear,van,0.7768769816653793,WH_South,7.591265557109033,29.81927329968933
6.550534061677208,1,3.435921057536639,12,1,rain,van,10.085321053533733,WH_East,4.269608273775245,28.641457016029804
9.016297007264107,8,1.8678777842673986,11,5,clear,bike,9.936463702188817,WH_South,2.525964984150601,60.91397665634925
8.864726441094977,9,4.0559514057675505,20,0,clear,van,9.623529789976873,WH_East,4.2129316247791175,29.873370172113244
8.020263992864699,18,4.05198636706628,20,3,rain,van,9.777751506464764,WH_North,2.763054750707253,68.1501114928685
10.32735671109895,3,2.9286042665681418,15,2,clear,van,11.796408221724484,WH_North,4.588364572427502,35.206934307648886
4.53225950222947,24,1.8603750386928604,7,4,clear,truck,0.6624663042825194,WH_South,3.9763768155519705,74.55163454298184
9.061536325152241,4,3.573244956215451,19,3,rain,bike,4.605656704823669,WH_North,7.796693375920529,75.6266568670636
12.400761918905555,17,2.3316281629707354,13,6,clear,van,11.621251728166374,WH_North,3.2472270893165835,77.55017968490397
4.492608521356626,1,3.4301909046939945,7,6,clear,van,6.632027242522943,WH_North,2.98186675539761,19.532656387902094
2.1749037496232706,21,7.161283517891949,18,1,clear,van,8.187565827686539,WH_North,8.197401053488745,74.0293959101976
14.310965195356465,18,1.3811851266188724,7,0,clear,bike,4.342262596597343,WH_North,3.613459114684178,105.76926661734313
3.7046862354097914,21,15.202204281006898,12,3,clear,van,2.5427911226781608,WH_East,3.5382292519185636,62.430796999816536
5.703926028065692,24,3.1557730373675543,8,4,clear,van,11.741111908437722,WH_North,6.208831946326203,73.23647194296039
12.196042738876384,21,4.429503458839299,13,5,clear,truck,4.339826193742421,WH_East,4.2283826016619575,105.10707469085317
4.333826011169014,16,1.960255725314106,18,3,clear,van,6.7304054941465665,WH_South,6.753281257855457,65.18750456975445
13.750860265510536,21,7.385717625683371,8,4,clear,van,2.9257772428112254,WH_East,9.253910536707533,104.66433286803216
5.164168211235449,3,3.040620089371172,8,0,clear,bike,11.60341486809897,WH_East,7.5818997568037725,32.284522271091724
4.740575788547758,17,2.5196428949802314,20,5,rain,bike,3.1009655757867955,WH_North,4.095770451660063,48.09381593288288
3.6319528506942667,25,2.219183832140916,9,2,rain,van,10.967343931129058,WH_North,8.738003947224982,81.31174182474753
5.195611195980869,10,2.7512506275300135,8,2,clear,van,3.5017177165254267,WH_East,8.666006304170718,47.1173931732168
11.260596650782539,25,4.449728691276492,15,2,clear,truck,11.363107128899943,WH_South,3.841792877715452,98.59424693463
5.704606183170805,13,3.747044827989209,10,0,clear,van,4.407982984614902,WH_South,6.724811706668224,58.21620898854214
14.344306699939331,12,3.228760078219499,20,3,clear,bike,10.464725289580679,WH_South,3.636178107653218,80.28503772492508
8.220780424450066,8,2.0177943470261717,9,2,clear,bike,7.197898129123275,WH_South,7.516968051302865,53.793734795415276
8.663204392686964,3,1.937848948058245,14,1,clear,van,1.3658870380741015,WH_North,3.7080485424022673,38.23404065679741
4.641623952793112,22,2.404610658738987,19,1,rain,van,3.5474554647357306,WH_East,6.6950731070091045,53.69299254186723
15.554206286470226,19,4.582263080705089,17,0,clear,bike,9.130651202401861,WH_North,7.5423427057006,122.03687894574156
12.458795526818076,11,5.27818301760216,7,6,clear,bike,8.010452269899625,WH_East,1.0,67.06856278151848
12.257715085554956,25,5.800423533065251,9,2,clear,van,4.273175741123965,WH_North,7.529725218032546,83.52887482181833
7.2725595956012175,5,3.3167094918109465,8,6,clear,van,2.344145259056369,WH_South,7.113217698705904,42.20318719810515
3.309300984937998,20,4.342687337360163,19,5,clear,truck,9.94599247463573,WH_South,6.296278363885171,68.79515889809554
8.943675478687275,12,2.950824156982282,9,3,clear,truck,7.468608114331361,WH_East,7.556867426725518,84.91892694518677
10.984710781420368,16,0.9805824043843798,7,5,rain,bike,8.183576906911172,WH_South,3.146316758533575,94.56850629194997
11.048409621642314,1,2.8543702684928607,12,1,rain,van,5.748801692661887,WH_South,4.711528000028903,42.307526365576464
10.198015173817375,16,2.553005677853363,10,1,rain,van,4.2040903288458145,WH_North,8.749168303852578,58.84081495187339
9.951302505701257,17,1.6042692499141913,9,6,clear,truck,4.5869942109124935,WH_East,7.274846333241812,82.88818516106247
5.147282484308285,25,2.231834910542973,13,4,clear,van,0.37334075737812267,WH_North,3.773550503843658,67.20810160630566
5.317363704042704,9,3.649404450385384,19,4,rain,bike,11.325156452952148,WH_South,8.119657247575555,65.19015568267308
3.6575992372061084,2,1.5018944081228862,10,6,clear,bike,4.398555190991221,WH_North,8.619957046164451,29.04155401802563
14.43880399779279,2,2.0186927935136465,20,0,rain,truck,5.795629112540593,WH_South,4.251335135362547,62.32331465719226
22.073247666727518,4,9.811266918808958,16,1,storm,truck,4.285872923091473,WH_North,4.034564460496419,129.41909500179437
33.94021378085715,8,1.081236800850759,12,6,clear,van,4.262232562941666,WH_East,3.9655991599152376,123.04181775654074
9.316441429889984,21,2.9205515583102413,16,0,clear,van,8.227373241989302,WH_East,3.843239605462866,86.57454455945913
9.966153499623646,5,1.4675340041960343,11,3,clear,van,8.044272600533827,WH_East,3.031968100478472,40.73355392832357
7.454802287298248,4,1.961783957198213,9,0,clear,van,9.722700201193977,WH_East,8.21324487306631,35.72098355519719
9.22971045689285,1,2.8909464482859155,10,2,rain,van,0.8614991929762432,WH_North,7.953307162283421,45.26025404815515
4.3220109770703115,10,1.6631222581910914,7,1,clear,bike,10.488704266139033,WH_East,3.603261750746398,40.36781520744703
7.36120287623312,16,4.961714918895626,16,1,clear,van,11.480186418410758,WH_North,4.289361733429905,63.293369850098756
4.767127000267192,8,8.548924057831373,8,5,clear,van,11.869273979631151,WH_South,5.368704463458449,34.29087822728652
6.777406096071201,13,5.984511382174488,9,1,clear,van,1.545503907271819,WH_South,7.313407877075061,65.30236198535364
5.0437798447588,7,6.802084997095998,7,5,rain,truck,5.840368386891353,WH_North,2.2091803140858586,39.15933261754886
10.988071249709918,21,1.263878319256588,7,6,clear,truck,11.268514881911686,WH_North,2.3026326399112786,91.58824362679586
11.793604494124958,1,2.80064650375275,19,3,clear,bike,9.107238001698644,WH_North,7.661417534204621,54.82341023387683
9.786395149315675,6,4.605239822856435,7,3,clear,truck,0.7224150167989807,WH_South,2.980984824494938,48.957228457190105
5.332150995134001,15,6.109430982014337,15,2,clear,van,10.443652995960573,WH_South,5.309268868539667,58.148821264359604
3.4761799911250613,22,11.32878797901857,11,4,clear,van,10.062547042896554,WH_North,4.206499991100329,65.46707676807979
11.8698982291315,11,7.016943428262607,8,5,clear,bike,9.362016367192687,WH_East,6.28506613075734,59.97141240805864
8.194143555255524,2,6.218582808958244,11,6,clear,van,4.942044306904924,WH_North,1.4336087036371503,18.904201833628754
2.101857451935091,14,20.97889445465872,8,1,rain,truck,7.587536117646234,WH_East,7.274901371544356,65.28194504683886
8.899455920010508,7,3.551664465495779,11,4,clear,van,8.591076002251569,WH_East,3.503261350474965,49.562595953634826
10.009878307389084,8,2.711926026199156,18,0,clear,van,4.75979651331718,WH_East,7.228544942117545,52.00300117493035
2.6765164917012068,24,3.7589908580489637,15,3,clear,bike,9.408002720459187,WH_North,6.088237548671589,60.860811877048704
11.09891640558823,24,1.74973276580279,18,0,clear,van,3.279452273182152,WH_South,6.311221430581568,102.81435683386165
2.99557368127764,7,3.481083688451596,16,3,clear,van,2.20360988610407,WH_East,,28.098478081090484
4.954212824411056,15,0.9912420406798949,19,5,clear,van,10.306792309329202,WH_East,6.883060773215417,56.960799676489664
3.0105928299147986,14,2.29179802766018,8,5,clear,truck,4.071853824114703,WH_South,6.775781637207564,54.14462617049516
4.611490691946091,25,3.0626062910619187,9,5,rain,van,0.6812610853746661,WH_East,5.254549387615205,73.28124472966529
3.4981323664956943,24,6.454287919151327,12,4,clear,bike,9.992367754829688,WH_South,3.7615036824225774,77.42148752194585
14.387069505251082,9,7.226561831381449,14,4,rain,bike,9.588187533533063,WH_East,3.9623640420878026,94.59244341227358
7.030647640975434,1,1.6912502607423703,17,0,rain,bike,9.628685505623114,WH_East,8.438724118929299,48.66389994027827
6.120881226854209,1,14.199736438621612,8,5,rain,bike,4.0906034272451866,WH_North,7.43488848682192,35.90297217948889
15.160833246306655,1,3.6834928089564705,8,4,clear,van,7.238989077927689,WH_East,8.896425487686818,47.27774094328217
14.722485580439907,20,3.9276114839599727,18,1,clear,van,0.16698627878282712,WH_North,5.958407642689475,77.00893823146328
6.43521154848005,19,1.0699528269166514,14,4,rain,van,0.02742368538476514,WH_North,3.5885247916418597,59.31385921638658
9.674802474496328,21,2.1510580275146096,12,2,rain,truck,3.1111962116678957,WH_South,6.054055490931605,106.85344573361685
5.60313075499851,4,6.923190152338292,10,3,rain,truck,6.303692738339064,WH_South,8.754083193129148,34.59130820497208
7.702404287309687,2,3.7390999369693225,16,5,storm,bike,7.203784923366706,WH_South,1.6919097602877677,41.411010864483906
3.955348975609219,5,3.5803848992020564,18,2,clear,van,1.6008045230160346,WH_South,7.879323167198994,32.799862384968016
10.508897622784051,16,3.8923789244125806,7,6,clear,bike,10.411956285557132,WH_South,2.0573315680005617,87.65424650858304
15.499174885145258,1,1.2089557693108957,7,2,rain,bike,11.514626148376545,WH_East,3.4116161759209627,80.82282106162138
13.980051793499713,17,3.103014358088093,17,3,clear,bike,1.430545848270599,WH_East,9.599694072130351,107.37329690259878
8.425563255944837,23,8.898041965954231,19,0,rain,bike,9.886294099032721,WH_East,8.662644876392948,114.09196711555741
1.9397539654038334,4,7.10426519553627,10,0,rain,van,7.3708547527353945,WH_South,6.432047872202439,26.15476026104299
5.436231525395612,19,3.0415291247540486,16,1,clear,van,6.028779790458454,WH_East,3.1113008553841217,56.62644676215544
7.69652561966046,14,9.92015029664112,18,6,clear,van,5.868762102635966,WH_South,7.000732932583374,62.15505340872276
3.177108293040657,24,1.375243828563923,8,1,clear,van,8.99802192865297,WH_East,7.562101980553644,70.59709050399364
2.7848567019441717,7,1.6817108437274575,9,2,rain,van,2.506982261105104,WH_North,8.081905739314193,32.4310745102177
17.910737943571764,6,12.237875160428747,8,5,clear,van,7.30750572377009,WH_East,6.303073454783009,72.81741159158082
13.062195303134425,1,4.975775226115192,18,2,clear,truck,3.136242457199228,WH_South,7.470399634231,62.9689833445951
10.982785902231402,18,2.712250845701263,17,5,clear,van,1.0219435341226735,WH_North,6.2925982633671635,78.78200158894228
12.208738350574272,22,3.19400943503406,8,0,rain,van,6.634556635422724,WH_South,,94.1407694633341
3.580621356473876,1,1.8876982331483985,9,0,clear,van,3.2232939208520777,WH_East,8.433512608478487,17.387061841161824
4.507575118636263,13,4.029389280865523,16,0,clear,van,8.91184616037486,WH_North,4.067068489295973,38.79553357609212
9.333005723123922,19,3.812068336911117,19,0,clear,bike,7.804953699841176,WH_South,7.1688280550418035,86.63688972283866
9.766886771868258,20,3.3666537444982225,17,4,clear,truck,2.6918690153760814,WH_North,8.819070316897415,108.16049447900568
3.041811275035321,24,1.4742813479799823,9,0,rain,truck,10.338749457913616,WH_East,8.757362273473733,78.36995175655902
8.945370942514367,19,3.9961415286861173,12,4,clear,truck,4.163983067527402,WH_South,3.798995709364401,96.35278613321422
7.782849217952757,24,2.2918102267090474,7,4,clear,bike,8.508639023223369,WH_North,3.5677403524538214,71.89362624681365
13.727815207083694,25,1.6649846724554445,10,1,clear,bike,3.207881134852575,WH_East,9.386285298901962,144.56289486250137
9.795156139457264,24,8.058438023084557,14,0,clear,bike,2.359195731595798,WH_North,5.246227221332333,108.57223454919385
19.061623077302812,11,15.162191843734016,11,1,clear,truck,10.323275978992696,WH_North,2.436534395771151,89.85334845579031
6.458183289428022,11,12.933671314366055,15,1,rain,van,11.023983850254641,WH_North,4.874864231270045,37.2907074628094
3.75363754005259,11,5.233529644306852,11,3,clear,van,4.224609857472345,WH_North,5.35141002148748,39.774532907633215
18.779939607792045,24,2.7568547446728107,14,6,clear,truck,3.779644122060991,WH_North,3.590976079956932,114.51097752160845
10.096132343801754,8,3.1605658947306434,15,3,clear,bike,8.430786102290275,WH_North,3.3797711623460605,47.10275421514361
7.8107981138803755,19,4.410206811644108,9,4,rain,van,2.7283692925491745,WH_East,7.4888829331098155,80.44901596880497
4.622825352494634,16,2.4739760006016054,7,2,clear,van,10.370473311841963,WH_North,5.339555112897391,42.42050940521577
6.505811185890605,2,8.35756437617797,11,0,clear,bike,0.10217853173825242,WH_East,4.551883609426575,38.791748644777144
6.290762874172335,13,0.7985088356886133,7,1,clear,van,1.7054805782108065,WH_East,4.292527622606097,59.15680070375633
3.637119578440859,5,2.699299006850146,9,3,storm,van,1.4484318354905454,WH_East,9.899503242471312,41.8748496158267
1.4761556025331724,19,5.816798616145135,11,6,clear,van,3.8138834063104086,WH_North,2.0930630882282575,49.73516669472377
6.197210255761717,12,1.8374674669816626,11,1,clear,truck,10.39369360708794,WH_South,3.718326014335326,54.89808428691111
12.387020290818688,9,2.806381065226359,10,6,clear,bike,7.680113930623394,WH_South,7.17099809758705,93.62392003432555
16.243591244265925,2,5.030655991282809,7,4,clear,van,1.2896711217689494,WH_South,3.6095719079539728,48.713015268752685
14.031757476742929,4,9.609847701391121,9,2,storm,truck,0.9470069927967373,WH_East,6.143671994633678,90.19214905171823
14.493867773979153,20,1.3421102685296005,19,4,clear,van,3.4611899306578744,WH_East,8.703483692947438,91.06068538970133
3.9451725858972866,22,1.2742373701216612,17,4,rain,van,7.437989150472469,WH_South,7.123909322726284,61.8201645679282
9.437074785210736,8,1.7121996150732783,13,4,rain,truck,7.125100556858613,WH_North,3.107780928977031,60.79182358054786
11.032237611826798,21,1.1317045015205833,7,6,clear,bike,1.3706741456014302,WH_South,2.67685549525533,85.6807812562679
11.440298942425422,14,1.1895024152240303,12,4,clear,bike,9.1295892725138,WH_East,3.5927936770289444,79.9151059733477
7.70523543765166,9,1.6805769576223317,19,0,clear,bike,7.587180755244718,WH_East,7.690645075691118,67.00876564446676
8.765596651620495,12,7.873049596669757,18,2,clear,bike,11.796674631368358,WH_South,8.667339957356594,70.70980953641254
13.797168207394781,18,2.6685792838071567,17,6,storm,van,6.631142749685369,WH_South,8.051961532687544,109.61397496970773
10.80322896214924,23,3.3938418687307155,10,1,rain,bike,3.9278855265136503,WH_East,7.566592735231977,126.23355750079132
11.968334724370749,13,1.7009297618162413,12,3,clear,van,1.432217518963578,WH_North,3.2616715860573344,62.13209209648351
6.016432057496326,9,5.173119815950324,7,3,rain,van,11.029205990179568,WH_North,3.684430511682286,38.84700507933922
11.61053229490348,20,12.342330024358871,19,3,clear,bike,0.45203638646884947,WH_North,6.995703827009959,115.41540449901663
8.696439128761138,14,1.7836451031790859,8,6,clear,van,4.18473571561118,WH_South,6.9744740877848335,71.71086773584476
13.017342501211534,10,11.104204937180405,15,3,clear,bike,6.368866307414542,WH_East,2.948486432163546,74.76606734554355
5.146137313983215,12,4.2848993729603615,10,0,rain,van,6.837496609151886,WH_North,9.714499564643312,49.942349090755926
12.421721030179874,14,3.3595413090826494,14,1,clear,van,6.987883258840115,WH_East,3.915125088326826,66.88717274459574
6.561841145820024,4,4.39332648949809,18,4,clear,bike,8.605444420364435,WH_South,7.315954058914543,41.53441186725845
12.454190590521302,2,4.363910457338414,11,5,clear,truck,1.5398634047365207,WH_North,3.6352754877482933,45.48281608612137
9.473009322596912,17,12.182166174942378,7,4,clear,van,8.632155962835832,WH_East,2.6911484775831616,68.40872000584277
8.318336359803777,5,4.778632951910001,16,5,clear,van,10.674207896174224,WH_South,2.3595955071226573,30.467921835629156
6.7871167626279,14,4.849012227619744,14,1,clear,van,0.3653623472336842,WH_South,4.181412148394515,53.542101007842845
7.831306878163142,20,2.4718086410638596,8,0,rain,van,0.4296914176367652,WH_North,7.921840787439784,77.22374055562585
6.206457327326263,6,5.973625296969588,7,6,storm,bike,11.896560753768739,WH_South,3.943883406370285,60.85484700079087
6.6992275778488555,10,1.699284225311563,14,3,clear,van,3.7433101695115556,WH_North,1.343370893479761,34.33100503217172
10.636702252864183,25,3.5833667545230736,15,5,rain,truck,5.46075627187605,WH_South,3.7363139157961007,103.33549687732175
2.3811665386475434,1,24.985570770115896,8,6,rain,truck,3.720750993831216,WH_East,6.510972170030257,16.28835710447827
12.357607883446544,19,0.5752601281214361,15,1,rain,van,6.677839743488381,WH_East,2.7467705216437315,83.56783731084677
12.47590898056048,5,3.908692415331191,13,6,clear,van,8.53777864027435,WH_South,1.4491693122147733,46.7530030206958
6.914778509778667,23,4.015396288880242,8,2,rain,van,9.119398456900978,WH_North,7.299894329142061,82.8218443420488
8.901934941587523,11,2.830172518106966,15,4,clear,van,4.264665748050968,WH_North,5.230980758276093,56.71874418969103
4.29590000858426,1,2.8772544320799955,16,2,clear,bike,3.126922744446654,WH_North,4.672198960435809,28.750544433816707
10.24087688474024,18,3.5395048384323133,9,1,rain,van,6.559583975800198,WH_South,9.270930780366863,92.96674196900088
4.66639543682508,4,2.7831898756253035,16,6,clear,bike,4.611060511315046,WH_East,2.8975549813928168,26.095673216962112
0.7197351902440703,10,3.8782569390191957,10,2,rain,van,7.465338909082336,WH_East,7.896106179132127,29.953997954705418
15.895260151463775,13,2.360025693201798,15,0,clear,van,7.338647085246864,WH_North,2.378648529609192,55.40243506815699
3.97251112372171,19,13.676444495629843,18,1,clear,van,10.733436652181958,WH_East,6.378484084928876,67.89317836725809
7.729042453207259,11,2.7831694819235935,20,6,clear,van,0.04627807145391927,WH_South,2.86810460448718,46.37837717734599
9.102893830533109,22,4.946736099883977,10,5,rain,van,1.222178332799634,WH_South,5.761435365146986,89.38001150167517
10.623069581480038,13,2.078558719284141,11,4,clear,bike,9.44098440981312,WH_North,3.028510633360529,66.68435781657807
8.147903647369315,9,6.380204315907266,8,5,rain,van,7.00271944118747,WH_East,7.038942275614929,51.717041633060404
9.57865536287747,9,5.547944235630953,20,4,clear,van,0.7500723812310168,WH_South,4.945106606868768,54.80627674749093
6.813934297139936,21,4.452573152463636,11,6,clear,truck,11.310686012964382,WH_East,3.0088593294253263,81.4640252427541
2.726001855142645,17,1.6174733167336293,18,0,clear,van,7.804852574760434,WH_North,6.575713683368431,44.72050767573002
7.959505536340981,4,1.9607319974465138,20,0,storm,truck,5.831946409832816,WH_East,2.160377948491161,40.73457708345416
11.470418949870083,19,10.808372767478964,13,4,rain,bike,9.355032045368826,WH_South,3.907917867619693,103.88670354607527
4.142525426688473,11,1.945596092874933,16,6,clear,van,7.15218122859525,WH_South,2.4338252908441818,32.84395329844564
9.158279323615158,9,5.199859048429487,13,4,clear,van,4.479562426799286,WH_South,3.9045403720539045,60.980018291370115
21.18139328372233,3,1.7138290347946583,15,6,clear,van,3.5596199017925816,WH_South,2.8162444767002413,70.65115232860518
7.645401664597783,25,6.725244387129599,10,2,rain,van,5.441158255710148,WH_North,7.7366006103563825,75.72411825684239
7.885799164025306,2,2.0534511177070724,18,4,clear,bike,5.70295514048171,WH_East,8.881420393661775,58.94756243756804
2.557405185537747,25,1.691758429320681,8,3,clear,van,8.544382968642877,WH_North,8.748267888453704,77.2584665090229
3.8085689014551543,2,2.0164938113324475,16,6,clear,van,5.676033908355069,WH_South,3.331961200942628,16.904689593895128
4.70081477924453,13,2.253170154983855,19,4,storm,bike,0.22010595091550078,WH_South,6.994328027285266,75.26413227678707
11.214302443147556,3,4.407340068641486,18,3,clear,van,8.215811912488446,WH_South,7.303877618161954,45.69888302085062
4.338665333224947,13,3.485350434660426,17,1,rain,truck,0.8352969904760426,WH_North,8.486923675987544,67.18766068517311
1.9129764554335214,21,1.5424788173995703,16,2,clear,bike,10.155969600919219,WH_East,4.971259716389103,51.524568513063755
10.118112185749116,15,3.255796969335271,20,0,clear,van,8.499312279920982,WH_South,2.6536504808437074,69.70182203246144
4.990565467135206,14,1.4911520586116938,19,1,clear,truck,7.1740820831839756,WH_East,9.174774814319571,63.534160118938786
2.6350560753748002,3,5.209532682581047,10,3,rain,bike,5.449909153410479,WH_South,7.098229046557201,26.310007617847063
12.004556866856904,24,5.9229345625590994,15,0,rain,bike,2.0653266329254407,WH_South,4.401909849434462,124.90801329997448
6.334715022623582,10,3.264925233293297,13,3,clear,van,7.859952999817561,WH_South,6.320952840623898,52.137602970441826
10.668962698420229,14,4.0154819682311516,10,0,clear,van,1.3139293964075893,WH_South,6.369264234809261,51.375164397432385
2.5655835412608217,23,11.319046949213133,18,1,clear,van,7.2545493430702965,WH_North,8.254683690882587,45.58789541209093
1.3449147676342121,16,2.973316228990277,7,4,clear,van,2.200061505385369,WH_East,3.5174448420210846,46.50153704735244
8.650868953963103,19,1.7143250305623114,8,0,storm,van,7.162446078726006,WH_East,8.202518384830537,86.20565172714518
3.7133956074620094,5,4.980033735231323,8,2,clear,van,1.8139120657976977,WH_South,7.24292410917299,23.149157249876094
8.577385276823978,12,1.5025179948546499,9,1,rain,bike,1.1337867173443876,WH_South,,73.9246354408243
8.688045404979551,14,2.865095622524228,14,0,clear,van,5.65044845846768,WH_South,3.1215673018738754,78.52499377969785
8.03922652603432,5,2.1830150413010734,20,1,rain,bike,8.517045306373456,WH_North,4.112303265379143,40.77200580617363
14.428835416339972,10,2.031401840917527,20,0,rain,truck,2.861448703750745,WH_North,5.014293833769691,92.30607182898498
31.2259194602299,21,2.7869245696089338,19,0,clear,bike,5.972471050748128,WH_South,8.164985325810184,203.6302929445923
10.014463679713995,24,6.233412454516772,17,4,clear,bike,9.586572542595336,WH_North,9.125481564794262,94.86564410247732
21.169744332349214,21,7.199187351659804,13,0,rain,van,6.593232425598918,WH_North,3.355906730598628,103.45263889821958
6.443469617807949,24,6.349297038406532,17,6,rain,bike,7.165553342383362,WH_North,6.482694183009101,75.76088844937722
3.2270079929219424,25,4.2015262930850445,10,3,clear,van,2.641911432190649,WH_North,8.108769631694232,58.77710164661867
5.214414543921896,5,2.772081292035095,16,2,storm,truck,1.493989157096852,WH_South,3.4624946990175958,39.773303874344734
6.687356838563463,22,0.6373237589116085,7,6,rain,van,1.7885093714346678,WH_North,4.010254325811253,62.346023551733964
22.170383187315547,16,4.294618362645992,19,5,clear,bike,11.67364931895445,WH_East,5.7349704584633265,128.92276136371896
8.317536461092606,22,0.6733215971842901,20,2,clear,bike,1.0394191617381443,WH_East,4.576428875419965,86.13974370585497
14.733606739178796,16,0.8638491731492958,17,6,clear,van,1.8180836331693029,WH_North,8.08722473734772,81.43852601559695
6.108313078727935,4,2.964868382122243,9,3,clear,van,2.468328295956994,WH_North,8.128579259118565,36.47033259715458
5.642036546538516,15,3.995641217086063,10,4,rain,bike,9.455347303652985,WH_North,8.621452036452084,64.96149744177701
2.4846897738374976,20,2.4211449964910967,17,6,rain,bike,4.775442659388855,WH_North,6.415727549268868,56.67092744462102
21.77269436732334,4,9.726672012339552,13,5,clear,truck,9.490755023099252,WH_South,2.251726191627256,53.16112040534165
17.510718776422607,13,4.588123698716383,14,4,clear,van,5.027133721447197,WH_North,4.116979860143416,76.82604081800541
9.21449502101133,17,2.788250854182778,12,4,clear,van,9.536816048765502,WH_North,3.1499978728947022,79.28659766915216
6.9352544433080325,12,8.761936670556755,18,4,clear,bike,10.745667529645026,WH_South,8.07046019826418,74.40996491934567
8.509256357816513,20,9.930187333578221,9,6,rain,van,5.367547323469285,WH_East,7.271438547905954,83.59188222034031
3.132269264933581,4,4.753071712856275,13,4,clear,van,11.836407057889446,WH_South,3.7393335263723007,17.306694217528822
10.657218207909906,9,1.929613334776543,10,2,clear,van,11.194934616181124,WH_North,8.054068749018562,68.06009262100572
16.703032339641528,24,2.2587480469963426,16,0,clear,van,0.184298224739202,WH_East,4.371225068403032,101.02001021547585
17.176543949009105,13,1.2059684063490401,10,5,rain,bike,6.769702007456566,WH_East,6.909976331714257,119.69770197097654
2.566479552341039,5,3.222985758581798,11,3,clear,truck,7.885466692283481,WH_East,3.37081939989506,22.555418324692468
14.6565728281166,3,1.5919680067995605,9,2,clear,van,10.117971707167149,WH_South,8.540394318421846,75.86782577060373
3.147853613858607,15,2.637015173846082,19,6,storm,bike,8.080320027921903,WH_North,7.245947381590517,57.771147964117915
1.4328420126561117,24,3.9845333834082495,10,1,rain,van,8.259013165156796,WH_East,8.20596817124926,69.1675985718722
14.970037721869438,2,0.8281209590950779,19,0,clear,truck,3.475742635355357,WH_East,8.324321019924405,68.54705138308871
5.7962027870021124,3,1.3707816327969045,19,5,clear,van,9.846505547315523,WH_South,7.13369465147837,29.16816553173015
13.788446892288011,10,2.328458269404379,20,6,clear,van,0.7594636054373307,WH_East,2.6902221348910635,56.335663645804274
13.093340022788905,6,3.2002561129304046,11,5,clear,van,7.888744827680753,WH_East,2.444844910119488,55.122163278525456
12.154445844064057,4,2.3496736359286,16,6,clear,bike,2.4242874182150276,WH_North,2.9203955046722188,58.10719037639105
8.446563409420863,8,2.7473517509161227,18,6,clear,van,9.186911792904537,WH_South,,40.36793138661207
3.40922085314799,17,2.0252010158375224,8,4,clear,bike,9.482896337822968,WH_East,8.27556988361904,59.94039688390981
6.696422891052603,21,1.2037240313043978,7,6,clear,van,2.097419759279239,WH_East,3.1295125861809234,66.39148114547827
17.337966923932825,8,2.283420312225112,9,2,storm,van,9.522635691456111,WH_North,8.116972427896766,113.90824357223781
13.991727875880132,18,2.859886768312258,20,5,rain,bike,10.04994648519024,WH_North,2.0058251234266273,91.47771640682534
6.918870925547955,21,2.671731936500267,8,0,clear,truck,0.6363810877154474,WH_North,7.38202758138674,83.9456561575527
6.865284328577415,1,3.590376756728017,17,3,clear,van,5.16008043262447,WH_South,8.403814244399403,36.19691721937189
11.53677157790281,22,4.451433589906998,18,2,clear,van,2.3123424308053377,WH_North,7.049895607043452,108.96201578811926
8.81768291141801,5,5.3505981523061505,19,6,clear,van,1.5168694299028465,WH_North,7.127149854291268,31.297927591505648
7.144592552746763,18,2.1308360514834535,14,3,clear,van,9.64266072320498,WH_South,3.846409320802226,63.6399864397768
10.983300748378571,19,1.1017967289806536,14,1,rain,bike,3.518145132006112,WH_East,3.697519527122333,88.57553326195655
10.771833772160418,22,8.08586484195323,17,3,rain,van,7.7279565843247084,WH_South,8.410913820304469,91.97082285112961
5.309824380655927,11,4.348418174523885,15,0,rain,truck,0.044177377641139604,WH_South,4.004469869514986,41.518732663247604
9.878106297123757,17,1.701884819391581,18,0,clear,bike,0.9534492594126465,WH_East,6.722279194830305,92.769742204977
10.392585961828765,1,4.0325282619860525,12,3,rain,truck,7.322891414570061,WH_South,4.264541357019741,40.2604222408188
8.061780179115061,12,7.0118131062463585,20,4,rain,van,4.443271218368196,WH_North,3.34360164906964,50.22667254907469
4.9395202360425055,25,11.138678129928996,13,4,clear,bike,10.556461330668858,WH_North,2.572507508198618,87.68101110652596
6.565644105188572,4,3.9567666661793006,10,0,clear,van,0.9868718911528247,WH_North,8.468029830865028,33.397787529958386
4.284883144178826,4,6.971075005858424,17,4,clear,van,7.485091789257544,WH_North,6.732743586013393,22.65019031708998
10.036638181111593,18,1.4237276666637892,15,0,clear,van,8.434584018314485,WH_East,3.480787926930517,56.74528660833664
2.577850433238067,13,3.2377157763887987,7,5,rain,van,7.3346351614141225,WH_East,3.2641515521626827,35.797301073258275
18.34442744737601,12,2.6260771258071394,9,0,clear,bike,8.168511488114348,WH_South,7.73402692132794,142.53447138463656
16.263126407019147,7,4.219847104341874,7,0,storm,bike,2.991964826026294,WH_South,3.238143995141253,130.11234273119666
10.53784411451844,5,10.255721600833573,15,3,clear,van,9.206117638490074,WH_North,2.9056501833944437,45.74814694536349
13.527923273050009,19,3.9547705168965095,19,5,clear,van,6.655900384817258,WH_South,6.315926188478664,79.95479497648282
13.016947486182078,9,1.7222240063148322,11,5,clear,truck,9.456520452964785,WH_North,2.0303041499965704,62.023380776271324
8.899085213818648,20,1.3710721075861947,8,4,clear,truck,1.4611772100690126,WH_East,7.68616071023265,105.84835685266331
7.268871538206675,12,10.50704562381635,18,1,rain,truck,1.5243485534930148,WH_South,7.309169439391403,80.85653177845167
6.764607238384976,10,4.757181583956868,17,6,clear,van,4.746236958050604,WH_North,5.759118197765465,55.05560527115212
18.72437976450842,6,4.543315095713036,14,0,clear,bike,4.678351962339827,WH_North,3.5397036792703624,92.2997272325077
4.821483778069525,17,2.610098677286229,9,2,clear,van,1.5416072452034486,WH_South,7.221103158193755,60.13802851566721
4.8853308834597176,8,4.00483847658965,16,5,rain,bike,0.9744545880327986,WH_South,3.241295716154808,31.057722880754678
14.208551871065325,23,1.6638398033032549,12,4,clear,bike,0.9693046044411329,WH_North,4.125902245299699,114.23587124260914
13.453886348434787,11,4.353755687283318,10,5,clear,bike,0.6285460410050465,WH_South,8.20776993525779,113.78549285614199
7.0077453401919705,21,1.4587660460166725,11,5,rain,truck,0.3977548532124704,WH_East,3.5830031741904564,98.35346807200273
11.198431295655782,12,2.581829067075175,7,6,clear,van,9.693091401713634,WH_South,2.0205751925311666,50.53549672680311
12.056409480656662,11,2.1169466602862834,13,3,clear,bike,11.2198024212675,WH_South,1.8442395992726917,67.47107026530277
3.2894531470194,12,0.33954209453807915,17,5,clear,truck,5.10810218737453,WH_South,5.633129130957608,39.2414550469323
16.854104587911003,12,2.604555328563298,18,1,clear,van,2.2408853730890113,WH_East,7.347720809275481,70.53162618178592
12.053980948341687,12,1.769670733263628,17,1,clear,van,3.9404239517993336,WH_South,6.352829608220732,72.07448820121863
10.652203065137908,23,2.865454800723986,19,0,clear,bike,9.82219324520694,WH_East,7.245492547560389,116.83357633381989
12.107885717702729,18,3.3241232673213434,20,1,clear,van,11.151017550948103,WH_East,3.829032503570847,84.03219818132267
9.914840084449136,1,11.444993209484128,10,0,clear,van,2.8642320548552345,WH_North,7.2931401869094366,39.46262394534636
7.781523168141819,2,4.109479170656862,13,5,clear,van,0.3673095507703308,WH_East,3.2508725349275576,38.09335392161964
1.8390358645323346,1,4.194939186236048,11,3,clear,van,3.703425764616455,WH_North,3.2523470483330357,8.24667579792397
8.94652293468949,18,4.697026667803361,16,3,clear,bike,4.624378260472664,WH_North,3.114238793813957,82.6275336325693
3.073608025490135,6,6.112072774211574,18,4,rain,van,0.03609521059809628,WH_North,9.337206922442327,24.635351209984357
22.876422402556678,10,4.56306988631565,19,2,rain,van,8.177102556620735,WH_East,7.770269781731707,75.1953119363694
7.701689522856,21,4.043857718158976,8,3,rain,truck,1.4940292971917906,WH_South,7.90081535198805,97.62848183503228
22.657934497022403,4,5.462315821657265,14,0,clear,bike,0.9820942967641741,WH_South,4.559818751773514,111.39729391412564
9.03737059346028,4,0.6073536157196308,8,4,clear,van,8.629623978277904,WH_North,8.589345508172547,43.430094236413396
5.608312819564085,2,14.329725818924583,11,6,clear,truck,9.249389573485104,WH_South,2.670533279237932,25.608249629784556
16.582202328608997,8,10.10278260450776,13,0,rain,van,2.2083378477504483,WH_South,4.741364137892802,80.44604706331695
10.402394347750953,3,3.8651288777217396,15,0,clear,van,9.221882750277185,WH_South,3.3960160340764762,45.470544304573274
27.479533518115094,16,1.2347832945877653,18,0,storm,van,3.569866001194816,WH_South,8.714620464955386,213.65550153418957
5.515536833150143,19,7.746532336211573,20,4,clear,truck,3.697460073931411,WH_East,2.6895688407385174,70.09820568295989
16.973641842323058,5,2.0427285744675614,11,5,clear,van,1.4691882028640086,WH_South,2.723934176955315,39.04502058571537
17.480770104599564,14,4.824411274035355,14,5,rain,bike,2.71816794641189,WH_North,3.2003391839565967,99.86641529414383
12.634506193623473,8,1.35251534692036,7,5,clear,bike,0.46522769276038956,WH_South,3.3247137217654275,84.20325111160513
17.56265699562416,3,15.775921615890942,8,4,rain,bike,8.063550197400707,WH_North,7.040755049495765,103.97784523132172
7.810890520327357,12,1.2097917852842028,20,4,clear,bike,10.21644128491263,WH_East,2.316115875728941,59.910039919143564
4.805316142564091,18,3.4843804395355926,20,1,clear,van,0.5801267838149027,WH_North,4.214277032193487,61.58554469517045
5.937602480157093,6,0.7516150030513816,20,5,clear,bike,3.0648911181166554,WH_East,2.8139710081681897,38.63419441804755
8.668364294538073,20,3.225681621639964,10,1,clear,van,4.154485797388989,WH_North,7.448325051887306,75.5821653909982
13.007909039519541,25,2.465267587582492,16,6,rain,van,4.710553072439087,WH_South,4.48896211075509,94.20251202983209
5.032540119153635,2,7.35976774409603,10,0,clear,van,9.89047972890592,WH_South,7.536289918596491,36.11799396261364
6.768360417962028,5,2.46510498754963,16,6,clear,bike,0.5145252958468118,WH_East,2.5347639480651343,35.029775826454824
5.302547150472613,8,7.367191104607998,13,3,clear,van,7.369360529020155,WH_North,2.1798819492845274,39.6328483231751
14.340189124191154,22,1.6211172996974965,20,4,rain,bike,6.387209544192789,WH_East,2.8254790732145665,120.0378853218563
22.55777810308115,4,2.7254318097873846,12,1,rain,truck,10.06169069715839,WH_South,4.588237077469539,97.199508187762
4.2667431476184685,12,2.7639519774379986,16,2,clear,van,3.6703652300823117,WH_North,3.1471175655102077,39.60739183204465
11.505264363279506,14,4.696942564956932,16,6,rain,bike,1.2218393725768202,WH_East,3.565658323487189,74.39264696924721
15.36509254462882,4,4.296763644395458,18,0,rain,bike,1.566936078684488,WH_South,6.636747994988374,92.59369102218201
7.39264184401035,2,5.504454141750333,7,1,clear,van,7.566936596440719,WH_South,3.0177229713806724,23.43574740302675
3.1963683987367295,3,4.001948719265938,13,4,storm,van,6.549076269117951,WH_South,2.994759386132623,26.120246612549295
16.49519680718614,2,5.274692472598314,13,5,clear,truck,7.10740096627409,WH_South,3.42908724866789,61.968753793421335
3.0516079315873768,13,1.770913030298593,10,3,rain,bike,1.6450965845226038,WH_East,7.609281870509416,52.47852998852793
19.241118701730073,24,4.358635574765053,18,0,clear,bike,0.509879782525426,WH_East,6.800428642988801,157.84660708110457
5.229027255003335,9,10.234293093973685,18,1,storm,van,6.797920332468317,WH_East,8.443034728153219,62.72260610905728
2.7257633627789346,7,1.024295503710149,8,6,clear,van,0.97274139533903,WH_South,7.444868670261144,20.182908742904054
6.2248006577095225,6,4.675357210469566,16,1,clear,van,11.155685513400487,WH_South,4.1063882878980245,22.624817522500745
8.25571796528757,25,5.332103667032609,19,4,rain,truck,9.639811927772795,WH_East,8.065719069287734,95.66453168757317
9.324584011541557,24,9.233428803769685,11,6,rain,van,2.1594342896424195,WH_South,2.2314311962439097,99.0245177488099
12.065217348417205,17,5.519199619469854,15,2,clear,van,7.174135130981374,WH_North,4.932721739295892,56.21438602135252
9.828448196072417,12,3.561640165857088,15,0,clear,truck,1.5842946451156594,WH_East,3.709065435016825,67.35810171874938
21.530727440773987,4,4.486402864293408,7,5,clear,bike,11.234051305718918,WH_South,3.2412075150814217,81.87698484929923
8.021121612691514,24,1.9847114052919004,18,5,clear,bike,7.073420981047416,WH_South,7.3446268404249375,96.45669930466823
10.137942405238451,1,2.530513760080533,17,4,clear,bike,3.8130616260964336,WH_North,6.949589784729547,54.8810533825512
9.643122489801362,5,1.3034414191810846,10,6,clear,bike,8.164804544913698,WH_South,8.706752235338401,71.90926992862559
2.4832482137265686,17,9.401983334396412,11,5,clear,van,0.030461289973138683,WH_East,2.975640778575576,49.92728696534133
3.728894280624739,5,4.549922151543419,17,4,rain,truck,3.454293286902045,WH_South,7.830056828019521,41.373110536107
8.689448369620342,3,1.7484353071365246,18,2,clear,truck,2.810030321419893,WH_North,7.42873373474157,53.14209975749776
10.86763537557551,15,4.01464880911749,8,0,clear,van,4.154124327348172,WH_East,8.834975345835877,89.54528343077448
1.7760618011875455,1,7.474845102556556,12,5,clear,truck,1.0236760389240604,WH_South,4.0729538796808225,12.980600601855722
22.086024258044645,7,6.652246570843832,15,5,rain,van,11.615875953665466,WH_South,3.142464175880932,70.60074634645443
11.381132514964108,17,1.7343851510332233,8,4,clear,van,5.614651262220376,WH_North,,75.6906602597913
8.396697272015437,5,0.37020914691355566,20,4,clear,bike,10.276897764819592,WH_North,3.651983515943186,56.216780005644395
11.078355146605233,19,4.378780493274133,9,5,rain,van,0.7141600823343097,WH_North,6.941508675429185,87.9056956587425
5.998671469688635,3,1.7845945698797108,19,1,clear,van,10.13788883377625,WH_North,7.393519236836781,31.592139755820078
9.384829730543856,16,5.132686745690767,7,0,rain,bike,7.83641690101812,WH_South,2.915002561795818,86.682294872469
10.282276147272286,2,6.457157928470853,19,4,clear,truck,8.145278426831315,WH_South,6.401185487092416,50.04050619151987
16.604885134894516,19,7.2394350950968684,7,6,rain,bike,9.67611259300276,WH_North,4.3240284636003565,135.65417441654344
7.5878975260091615,19,11.260694960196169,16,0,clear,van,6.312877205359609,WH_South,4.46743716006843,61.89763695620502
3.113279782097626,20,7.88884583893748,12,0,clear,bike,7.608136446873006,WH_South,3.8310058333636796,54.597228544099394
4.721199840453503,8,11.298660514461485,13,4,clear,van,10.797415700306777,WH_South,3.215204304792008,36.76940799297238
7.215612518407065,6,8.717584914940206,8,2,clear,van,1.5012553883810456,WH_North,8.124099196356317,50.3458618495207
3.3694259603947687,25,9.266004770333172,16,6,rain,bike,0.6679925234283499,WH_South,3.1837174829231687,88.24003505909778
4.379025476738978,19,3.226481751283164,15,3,clear,bike,11.792308388924026,WH_North,3.438964383125774,57.57205777050595
4.750783295668649,5,1.346449998472931,11,3,clear,van,10.577972325293688,WH_East,4.15071896944329,31.39070035955759
6.915852314531626,1,18.870298502309886,13,0,clear,van,6.167831675745747,WH_South,4.261146287559779,23.655258203903763
11.295243758331129,9,3.4696962518979317,14,6,rain,van,9.369247829325733,WH_East,3.6186206161762824,49.3139069996295
6.712799783399094,17,7.846720272278568,16,2,rain,van,10.583050441618393,WH_East,3.0006772544255216,52.59174970055551
11.740275525908338,10,2.258741090059135,14,3,clear,bike,5.602276478129959,WH_South,4.188133007518872,72.33878377184374
8.401429089862166,21,6.519161150625795,7,4,clear,bike,1.1755062952222213,WH_South,4.859812750262927,85.07167452587879
4.480925398548575,13,0.599610903960486,14,6,rain,truck,5.767735614215889,WH_East,3.266731682284947,61.657771699464995
10.383729017174371,25,2.491013426574233,11,5,rain,bike,4.216474657330442,WH_South,4.987388837584557,116.1088795551538
9.456286216636018,22,3.0991015336417744,12,5,clear,van,0.27770502155992594,WH_South,2.8376454647672897,79.39133324593136
11.91967823305869,12,4.5897526687359385,12,0,clear,van,11.508565550599853,WH_South,2.254049842439783,58.57568767599394
13.345905649978068,21,7.031621078498428,11,0,rain,truck,8.589411152501224,WH_South,3.0359945971032265,104.63613736176481
16.900147522983424,12,1.5435731480418726,10,5,clear,bike,9.429821629848183,WH_North,6.3976275795684,83.83079072040339
11.51510442555309,1,5.2697226455695825,11,6,storm,van,7.161121126439268,WH_North,3.5027219355490535,40.067060304597106
9.272118520592475,8,7.835517188477711,16,4,rain,van,3.230051848957225,WH_East,4.548648411094742,57.28618083730211
11.951269934497889,11,17.15240004144009,10,6,rain,bike,7.016427487917073,WH_South,7.122493712370464,100.40536806056114
6.300775724814162,25,5.444683286092198,17,2,rain,bike,8.163256954536433,WH_East,8.063335778000498,83.03521731526023
6.007103967549961,21,2.4069149240719874,13,2,rain,truck,7.168080688332646,WH_South,5.523567861605133,100.29496832852301
18.202215814803385,4,1.3631043925008064,15,1,clear,van,1.5257314306546088,WH_North,3.052020417444556,67.31793217472136
5.894991926578364,1,11.946538946336974,8,5,rain,bike,9.762623693900942,WH_South,6.934413646832912,47.79961117389874
4.832863393783597,14,5.563010145930499,9,4,clear,van,3.5706284105232777,WH_North,7.3928206116952495,54.36760542890921
11.511535611974661,14,3.269434577549689,19,1,clear,van,4.760780128884809,WH_East,6.743517203977613,73.15882115825279
6.334746928895855,19,1.0683625978842612,18,6,clear,bike,6.608558585950598,WH_South,5.1775694193089805,70.86097565416323
13.268681400839501,7,1.7300862008881974,7,0,clear,bike,11.731628260925882,WH_North,4.966861902466333,71.05668879398678
16.20303814296355,21,5.165098650221929,19,5,clear,van,3.750294278361695,WH_South,6.312220539757054,109.12860929395119
5.286777896301969,11,4.253248810400253,18,1,clear,van,0.5025101122730895,WH_North,7.574645841243384,50.812586472580165
12.316165600953395,9,0.8500738156930341,8,5,clear,van,11.669472723297925,WH_South,7.387532270696707,65.10359456761984
5.804952178010234,11,5.169773047311501,10,3,clear,bike,11.489750672215514,WH_East,6.729005864663549,31.269286110864797
7.311305592413194,24,1.1074881091784126,9,1,clear,van,2.379359251680895,WH_South,7.04902717347454,92.91564767759155
10.106942186615276,10,8.566046846112194,18,0,clear,van,9.948526368065636,WH_South,7.780429142783725,62.90702554870721
6.015541531314888,15,3.8419849243562347,18,4,clear,van,11.03540562088249,WH_South,7.405546950035236,48.55124622415316
9.578359271797854,23,2.4003270187292194,17,1,rain,bike,0.1559055688164115,WH_North,6.6516935131825505,109.88532134223617
7.685554797983716,1,6.639973930674987,10,3,rain,bike,9.05699732642763,WH_North,8.346467745477074,55.587651477620966
13.438950044691115,14,4.25225530383467,19,6,clear,truck,2.1586287248124214,WH_South,6.582188259539895,78.22097070898818
13.458666322516306,18,8.393430579102182,18,6,clear,bike,9.926167853365143,WH_South,7.123075280993133,102.4576747902842
6.034430581232297,23,3.5125171927209022,19,3,clear,van,0.251354229845695,WH_North,7.85123944536518,66.87211261399227
10.241103848237378,2,3.658940250653158,12,5,clear,van,8.294897636631827,WH_North,3.8726519143483955,26.196797547115448
14.619559157004733,19,2.719164590214541,16,5,clear,van,9.8013052445867,WH_East,3.317761837314321,85.13109406627237
4.330357002381364,21,3.9911403813857005,16,4,rain,truck,0.42766535549646756,WH_South,3.023662170935105,75.54408613003805
7.65639459686835,9,10.897851021997027,9,1,clear,van,9.08475779017005,WH_North,8.845985434172901,52.4099923303956
9.981944559087339,19,2.3351242015711153,15,5,storm,truck,1.425163549581005,WH_East,2.574047613859247,109.68820340928079
4.205250004707731,13,5.2255946737442605,14,0,clear,bike,0.9490292122744735,WH_East,3.067527968525339,45.79841751405813
6.4923846979434225,17,1.7926401761177146,15,3,rain,truck,11.047977889512936,WH_East,2.9341784601035386,77.74512513914057
20.283494122418134,10,0.7813653175385714,11,5,clear,bike,11.076363404450568,WH_North,1.0,99.28604417172143
5.883794088873744,5,3.8390353275635025,16,3,rain,truck,8.893686245961266,WH_East,3.252370768086126,41.5437238751658
6.300800467635313,21,4.302876688854789,19,2,rain,truck,10.68246427162382,WH_South,8.156992474401802,100.26191643409749
2.7261572036077486,6,3.0739522496967076,15,2,clear,van,0.20048963993525515,WH_North,2.5743190673161105,27.073155043934225
11.438473656891695,5,1.1651041946188354,19,3,clear,van,6.140142153201948,WH_South,9.337741051884725,62.20953762908465
3.8633964255392295,23,4.108305893819351,17,5,clear,bike,10.4596589298195,WH_East,4.983392032895281,74.97086845797388
7.7579966039224395,24,4.000500762453649,11,6,clear,van,10.713306822868693,WH_North,2.295125135785213,64.3017713100883
4.863955322525445,16,1.7822089146556956,17,5,clear,bike,4.404321859767201,WH_North,5.661213303305626,56.82865361961392
9.56767401132961,15,1.2873114548138038,16,2,storm,van,3.8953165853858693,WH_North,4.626265838080448,79.5087982536407
0.7999239610630532,10,2.7824405843488287,20,0,clear,bike,8.399740162713442,WH_East,4.3872462066257985,27.836241461238973
8.804994842461518,16,5.243821218532239,11,3,clear,bike,0.722024988070284,WH_North,3.560564925391874,94.2864830190598
10.143310179533229,16,4.444459713255901,9,6,clear,bike,9.366241391430398,WH_South,5.720401785972307,81.31349988556204
6.597475002680615,13,1.7921465682320283,16,4,clear,van,2.996186812549562,WH_North,2.721382985857624,35.697693039929646
6.856557437392285,17,3.654091722249923,15,2,rain,van,6.258869967839882,WH_East,4.024988879479251,63.473785977167566
6.098035814192983,14,6.177962248436282,15,0,clear,van,2.310607411090604,WH_East,3.1914745692261506,58.00779425680875
7.696238978797783,22,1.4610188042789711,17,1,clear,bike,8.812294893899946,WH_South,7.294162289999404,79.6553943672856
18.337309976336144,17,3.4701879530300603,14,5,clear,van,11.477633090615617,WH_East,2.9336201996475784,81.97871986330586
13.67645878805516,10,8.480324250157006,7,4,storm,van,6.490003526378816,WH_North,3.4286812798762663,77.49882821578659
7.6917161380273065,17,1.3600853991841277,19,3,clear,bike,11.408601478629057,WH_South,6.225307966113796,73.29051104152585
6.493824902708687,6,7.454876661906635,10,2,rain,van,4.824831460840958,WH_East,6.602195126974288,37.84738521416519
12.95704362321894,6,10.313267948542498,10,1,clear,van,3.436818233905456,WH_South,6.623991323026425,67.66386229722299
9.208927008024943,21,2.8418525117161018,18,6,rain,truck,10.063324730929454,WH_North,6.3452136708086195,120.05685232741142
4.134704286763132,15,2.6114195612788933,18,3,clear,bike,0.4551819004719335,WH_South,7.881084884859479,53.95640413406426
7.160074797873623,2,6.842588483546561,14,5,rain,van,3.374104555322829,WH_East,3.044016563918974,22.38874054141665
17.258396519836403,9,2.91453048284458,16,3,storm,truck,8.285877134969418,WH_North,4.867936300860706,104.10722723126948
11.179781580793914,25,0.6394232438080456,8,3,clear,truck,2.26694047506877,WH_East,,129.39286791530685
6.538177645949641,16,3.098269666992638,10,4,clear,van,10.685437520920281,WH_South,8.07577403537698,61.06596717232542
2.958074733842894,22,4.614865750593744,10,2,storm,bike,5.786133637439096,WH_North,7.092053857355387,76.13059718488866
9.539660753874077,14,5.573697721525581,12,6,clear,van,2.950838709796543,WH_East,4.777967351392232,55.5876617266964
8.428746771137769,2,1.792407314340117,12,3,rain,van,4.4550592740852455,WH_South,3.7046863514530886,43.57916754188962
7.548344066608715,5,2.748730630952825,7,5,rain,bike,3.4049679018988437,WH_North,2.494558900743017,44.17602382698238
13.039147238571623,3,6.578686365511324,16,6,clear,bike,8.411029612924429,WH_North,3.2468713100352087,58.99742391207683
11.259278641934227,19,3.1835628573500094,15,2,clear,van,1.3188575608794215,WH_North,,68.04303236587118
3.031691761830551,19,1.1386956084900068,12,1,clear,bike,10.244079063890354,WH_South,3.4580495628223766,49.03270302618201
8.45681540633544,12,7.895923445517054,19,6,clear,truck,1.7858368310006165,WH_North,7.534540811755784,71.83339887101745
3.5876036357356513,19,2.858000585399206,12,5,clear,bike,3.3896062420168445,WH_North,4.359342858977265,57.772842366420335
6.162346251215106,14,7.1267345634431,8,5,rain,truck,7.520457620005511,WH_South,7.826354519660272,82.2006908805844
3.4028439124671515,19,1.2500459528186512,18,6,clear,van,4.250479411254663,WH_East,6.865993479144367,45.06887304519904
3.4892080729265036,17,3.0505114853916653,8,0,rain,truck,6.120641556095771,WH_East,9.398997147540468,63.05363214678011
10.223836359635525,12,4.743689538503474,7,6,clear,van,6.829251737743453,WH_North,3.4338964193272132,49.59369910292703
9.64476905031356,17,3.1236387770575336,13,0,clear,bike,3.108262045374028,WH_South,2.8120513767729265,78.59040530634519
8.086220831427985,8,1.4504816277874273,15,1,clear,bike,6.415221425741166,WH_North,3.8494198271943567,42.889725351254356
5.831046104389442,19,0.6245260013652395,10,1,clear,bike,11.272367962327753,WH_South,7.6049215198075375,71.61758725997782
3.2284631615928214,23,9.643514247169279,18,0,clear,van,0.029710547793654563,WH_East,7.3127452910254895,66.92293302605869
6.1803680667104395,6,3.949649107137161,10,0,rain,bike,7.1547409646992985,WH_South,8.0829338610972,56.27287567781261
9.669823557374103,17,7.5139458227676865,20,0,clear,van,3.8424728774915233,WH_South,2.1088901608485626,62.139803441000204
9.5415886970986,3,6.360254355479888,15,3,clear,truck,10.344663536092936,WH_East,5.242809290154899,35.144155160933174
17.05891274581571,10,5.041949325724291,9,2,clear,van,1.1591043450499527,WH_North,8.35074384093533,89.80602063751965
15.70964464108177,17,2.6513364971173683,12,2,rain,van,0.7274936502343325,WH_South,2.142745745079364,97.16629738684175
8.278209187908349,7,4.677841791711448,8,1,clear,truck,4.858755316747891,WH_East,8.340075674343058,63.67959714913003
6.140011418779536,6,9.05010049852444,18,6,clear,van,8.08490685497403,WH_North,7.3989407773335625,42.641454384154656
4.9448843518808046,10,3.518756463547727,16,2,clear,bike,0.0774248395453987,WH_East,5.118768956227026,55.74338191274337
2.8810728618248205,3,12.568462889549076,13,3,clear,bike,9.734805769338145,WH_North,5.351637346257154,21.20293815656701
3.860644890208357,16,1.1623045083445802,16,0,clear,van,4.038163300560938,WH_East,5.50328042206586,63.280627387693166
9.678119868376026,4,1.0780609083212138,15,1,clear,bike,11.043040100719525,WH_North,3.5499895084676174,50.99434127621953
11.704429891543452,9,6.630317226342223,15,1,clear,van,10.869187273121838,WH_East,4.2867341124601985,46.624787704546186
6.920592589013118,8,1.8717614594626966,12,6,rain,truck,9.165708466194415,WH_East,2.567656710874192,42.84316297637729
26.965052352546266,25,13.878430111181581,11,1,clear,van,8.844067796850943,WH_North,4.680586167880703,135.93869176868503
3.8863400362371,25,8.466684230841436,10,3,clear,bike,7.209746335961896,WH_South,5.854697044541443,86.18229863007203
2.6797743086956647,2,10.087530475740929,18,3,rain,bike,9.53385086162012,WH_East,6.6521379299399594,22.459326718699156
26.70302133389726,4,6.166339659900437,13,0,clear,truck,2.136996918725906,WH_North,3.4095148281185095,80.2882513754983
3.11814783022011,19,1.7417519307356526,13,2,rain,bike,9.805300000893908,WH_North,3.745808829539322,60.82831786139219
6.862715717898995,8,1.0392100735663568,17,0,rain,bike,6.782495673009607,WH_East,7.947127387693988,54.61356845723968
5.214702413524306,17,9.456537189517748,14,1,clear,van,9.383709242103695,WH_North,4.946918207205506,60.30100202599159
10.096305831305436,24,1.1621854669340816,20,4,rain,van,5.925583288387714,WH_East,3.2149326578497686,85.6043501967251
6.549096114244264,5,10.068582995721977,10,3,clear,van,7.5715044232607625,WH_East,6.637064528526217,28.28269753104659
11.725321282119966,25,5.305427388516863,7,3,rain,van,4.099160837309318,WH_North,3.4512090667546023,112.89079114381158
13.188926370138422,2,3.1475461281766637,12,1,rain,van,5.092939008775753,WH_North,3.2545479100462487,43.462909652103406
2.860675938726714,6,4.524166580279326,14,4,clear,bike,4.377278720659546,WH_North,4.297889177892226,21.464632736817872
4.84011744227316,13,4.598378102065765,18,6,clear,van,8.887095390688987,WH_South,8.372501431275557,52.48277664831699
12.299680400356365,23,2.8815050025605284,15,5,clear,van,2.406587115030522,WH_East,4.291506620985603,71.569046622663
14.683446971635513,14,9.006810959842545,20,1,clear,van,11.166254670778008,WH_East,4.780498408840488,77.20746515218974
9.066322722231234,4,8.793216767908428,8,4,clear,truck,9.951413863959434,WH_North,7.287402706862814,51.83392913899985
10.52888034784359,7,3.70232689038218,14,1,clear,bike,10.340817496371443,WH_South,3.654432386703586,78.88961082091109
17.665228854860988,20,2.181480837195364,18,6,clear,van,10.967770277467727,WH_North,7.382149914804729,100.90515585532044
6.59974680504653,15,8.2826903000041,14,3,clear,van,5.232233178574462,WH_South,3.1064379709863745,53.07150153002646
9.008308854090131,1,0.8059026977986853,10,5,clear,van,10.702979551391627,WH_South,6.3902796337344965,33.598171927343394
15.719385081033657,13,4.530013070939671,17,3,clear,bike,5.3292593709005605,WH_South,8.137025350600792,136.53280344107603
16.27032931608487,11,5.571713159868789,19,4,clear,van,1.2192660120557899,WH_East,6.572011295523842,84.61644027720429
7.7313985285414475,1,1.8592138101515883,10,6,clear,truck,0.5950241530915066,WH_North,7.983344180852315,41.74046202962967
4.940846647907859,7,6.564326028707453,14,0,clear,van,0.7630004969494948,WH_South,3.4386288805292855,38.932228780149245
7.680085381576706,24,3.2593568709873852,18,6,rain,bike,2.2560793917995565,WH_North,7.486498306677094,106.38627444288097
8.127863083121674,18,2.2659858421437624,9,3,clear,bike,4.317660722030212,WH_South,7.986133099970881,73.74025867805936
4.824968921544993,2,6.515971636075147,7,0,clear,van,11.751028456038476,WH_East,4.928770777919183,14.576351385372138
5.297453625841474,1,1.5527396702940242,17,3,rain,bike,2.8943968224648513,WH_East,5.884636361654756,26.92304864885171
16.28299373156848,9,6.1008941084548844,17,0,rain,truck,10.955901749816366,WH_East,8.934397222843858,93.052946643889
10.809406876386994,12,0.8289111145552108,9,3,clear,truck,9.72520143895175,WH_East,8.914297499625864,70.8781049766855
6.8832481568579595,12,4.055172037610125,15,3,clear,truck,10.33347389043239,WH_South,4.0531044818964075,72.72189951373046
4.049220439280859,18,3.423593633219606,17,2,rain,van,9.417142703606896,WH_North,8.269177525137753,54.401337936994395
5.338091406551522,5,2.2755299337608976,20,3,clear,van,11.677122894997282,WH_South,4.336739109131219,30.11768530142046
2.5244560935445874,2,4.361157080212472,18,4,clear,van,1.4377669022650927,WH_North,6.989017712852846,14.614178402035382
9.205192506246515,17,3.140245273479266,10,5,clear,bike,5.747736513963164,WH_North,7.048726451482837,85.47462804635977
5.152187768752938,23,6.946840411202697,15,2,clear,van,4.11402688866567,WH_South,4.601014992315583,75.10689776201465
9.631842366603824,5,4.914085593109062,17,0,clear,bike,3.4108498211993235,WH_East,6.191143261423161,51.34977228648708
12.228566717748137,10,4.558009262724842,10,3,storm,bike,5.3618894595042015,WH_North,8.223927757091735,140.54030594431515
9.713566368341132,16,4.072686447382521,9,6,storm,truck,5.77115539268574,WH_North,7.078358387518364,96.91231429374415
6.373185464993856,5,2.3856782856758434,13,2,clear,van,11.8313540517471,WH_East,,26.906587328317034
4.665712785716615,22,2.6878389730766403,17,0,rain,truck,3.1761801432755425,WH_North,6.6552752141826055,81.97668372577319
3.6603840801781837,6,3.9501402639946073,14,6,rain,van,10.940174655321279,WH_North,2.3307097141509607,29.608929668391472
15.410760729246274,14,2.940702090181173,15,2,storm,truck,2.00368331620553,WH_North,2.54347632606642,102.16651966046251
9.470462225108184,9,7.228394721543967,16,2,rain,van,7.980555628574962,WH_East,2.5338041031647363,50.657349698816574
6.597241035087835,17,3.544563895036179,20,2,rain,bike,3.6649947063080472,WH_South,4.547814930285512,77.2841289700384
11.325789486970766,5,4.319659697721329,15,5,clear,van,11.524557676249776,WH_North,2.470006065394722,39.330775289154275
14.050009821157985,3,1.2437378570574393,8,1,clear,van,7.61535615753759,WH_East,7.203865282821679,54.477836640406956
5.220938024228287,13,6.425414809211627,12,4,clear,van,0.7705862976383937,WH_South,4.781556592299838,41.82709418572312
9.305660780854684,22,2.2104110294834043,9,2,clear,van,11.082478999950293,WH_East,7.490861059627581,82.89502941051582
9.415089029427774,16,1.6002221964615966,17,2,rain,van,3.525809035852884,WH_North,8.667353171832493,70.08816731922552
17.247669935385545,19,10.510031755907244,20,1,storm,truck,11.128780130402236,WH_East,2.8555576688904543,109.25387429068437
6.540942972145759,11,5.410465133082454,17,5,rain,bike,0.16182355831987305,WH_North,6.688362431518845,62.122272971025765
4.556793599420336,4,6.579554271994019,10,3,rain,van,2.6242906330654194,WH_South,6.984893472272833,29.547652752268004
9.905445544096377,11,4.563762203700197,16,6,clear,truck,3.340779407850525,WH_South,3.4931028901098533,88.74962821543707
11.859334725781714,25,3.1105340847174805,7,5,clear,van,8.255832213824137,WH_South,2.8137736591598226,98.42917280097264
8.867072450597341,20,2.7299333483106785,10,5,clear,truck,9.57540898428869,WH_South,7.658010399270112,102.31874191947702
17.90108911705061,18,5.7280612908519775,11,3,clear,van,7.561082507193966,WH_East,3.9375710317780523,85.1547128651994
6.52830428090904,8,7.335776949469323,13,6,rain,bike,0.7442758076480902,WH_East,1.248628745745302,47.946441385826034
8.995848282089296,15,3.1653745076641036,11,4,clear,van,5.203659791243436,WH_South,3.562334259237115,80.68637769664963
3.0245337265161583,16,14.165083177238678,13,3,clear,van,5.927806975683986,WH_South,2.4181152137909994,50.183488832570255
4.3926092353115775,17,2.8917938392884985,7,2,clear,bike,4.304665798525907,WH_South,4.1118534777695155,60.61427772349438
5.242270447129354,23,1.2513138615879555,18,6,clear,van,5.034549957313001,WH_South,7.49966376169303,89.48412967978948
7.2006285785986766,18,0.994946891429519,12,1,rain,bike,5.7913891498162196,WH_South,4.393017321796229,70.24117271340127
3.3762166705998347,6,1.0187304981652905,18,6,rain,bike,6.648021675619029,WH_East,6.889427660950422,36.572385661768095
11.235615115622947,6,2.4851468321796886,7,1,clear,truck,7.571408627036032,WH_East,2.331106687255158,49.22319150613669
4.9494515285209255,16,2.822399430978016,19,5,rain,truck,2.5214683021767246,WH_North,7.18862387035084,62.67585061940401
24.330409362011764,22,5.353870441608725,15,1,clear,van,10.820238207691304,WH_North,4.1664298977589045,119.8181985590083
5.061936155895562,24,3.254290811668243,10,5,clear,van,9.934593494531654,WH_East,6.835709834035856,64.37608662499076
8.460123667551587,16,5.9916074052117665,17,5,clear,van,9.439362548556252,WH_South,7.076938032968826,74.744437946358
7.847374984465037,14,3.426108204840762,17,5,rain,bike,9.670250364707545,WH_South,5.300866340210059,76.85732001878246
4.150055617750506,21,3.351691012364514,17,6,rain,van,6.3054921257146805,WH_East,7.059608955220802,74.61216595345503
7.217361965158014,25,2.2160793770104603,19,3,clear,van,11.436684760016007,WH_North,7.702452192131072,79.40415579607712
7.163770490595528,1,8.987295080427515,20,5,rain,van,4.391396164489533,WH_North,1.9085438842216789,25.335783286256586
13.196146865381106,8,1.1365086693516029,9,3,rain,van,5.039793106581806,WH_South,8.27544375311792,85.0088616014628
10.11880720871547,9,4.0997139521156925,10,0,storm,bike,9.795344618845853,WH_East,7.355159967152127,87.27835219342163
11.142719018156088,15,2.923684619422111,7,2,clear,truck,10.42804659838947,WH_East,4.00620674211247,66.4177301608299
13.035421096632401,8,5.738674258594193,7,0,clear,bike,5.387848148209068,WH_East,4.239236764892547,79.14805118578367
11.244697994806613,8,3.2720588980038188,8,4,clear,van,10.17614102154435,WH_South,8.095920835587734,65.60193096589607
9.260947354072474,1,3.3402664990194455,16,1,rain,van,7.598816504881407,WH_North,2.593294560664434,29.436832334377343
5.211835953442023,1,2.7548204398510525,15,2,clear,van,4.656250828443927,WH_South,3.454306164520064,24.338241749128684
8.922152408303367,12,8.804645526149374,7,6,clear,van,10.865959966433323,WH_North,4.916514920221664,51.55870816639729
4.603788390763613,25,3.325713107527926,12,5,storm,van,6.038178967987514,WH_South,4.255981335175262,93.02927484403918
7.5482811910691225,8,13.180729125312894,8,2,clear,van,10.189722709618241,WH_North,8.551068000465866,47.931547644640574
6.971714570782466,7,4.017151049118315,9,3,clear,bike,9.749013931722372,WH_South,8.046892532611091,51.10162285267695
7.240141757848169,7,3.3710756875738945,7,4,storm,truck,1.1595827323996066,WH_East,2.9107510784813413,67.04701522772075
3.399713935421721,25,2.9989766928672967,14,2,clear,van,10.453512876337893,WH_North,3.6539426235437467,74.59767003476804
0.8136701444797216,17,4.928195170151236,8,5,clear,truck,1.9490697636196237,WH_East,6.619804589771668,54.0168483498789
6.214070255184172,17,2.199268134681886,17,1,clear,bike,9.766322570374363,WH_North,7.72377600252561,65.26426577817742
14.745910223320703,5,3.676714959007876,20,2,clear,truck,9.066823427068055,WH_North,2.4981668673068262,57.91080529611298
8.387512276080097,23,3.339081969829828,18,1,clear,van,8.846109463337562,WH_North,8.659048436818434,74.49535950546871
14.153875923392793,5,4.168988287573542,18,4,clear,van,11.050518917994134,WH_East,5.382169493168412,53.57222612140995
4.623598823603431,25,4.241942191439111,17,4,clear,bike,7.206712329922645,WH_East,8.571398430962548,81.04037489704584
6.026919691096226,24,4.39908434618834,19,5,clear,bike,4.063252381392054,WH_North,7.788605852974311,87.80420822526818
25.138127861030668,15,3.548174771241245,19,2,rain,truck,7.118309444023215,WH_North,9.894153934649879,144.97384771102264
4.8058036767363745,22,9.956846894764018,10,1,clear,van,8.353547079798659,WH_East,7.575189291786558,66.35996540362547
11.020111446022462,25,4.462897288274468,15,0,rain,van,4.375437172803341,WH_South,3.332010994351506,97.18627955830718
11.010350799833493,15,20.577338590452822,11,6,storm,van,3.0515522034906293,WH_North,3.1083116210729496,96.9981835605727
10.33331409930561,20,3.4380208997874138,18,2,rain,van,5.87629112870486,WH_North,8.303836707942269,88.43264828016598
11.09905883581795,15,6.496342360299091,7,5,clear,van,10.779682699164642,WH_South,,71.07273362747532
4.761407239435371,14,1.9972386551683055,12,2,clear,truck,7.565576530755373,WH_North,2.735255016580984,44.05059775567668
6.397848850540852,9,8.851195005000749,12,2,clear,bike,10.767067491749804,WH_South,4.302678948575791,47.46702279688006
1.0382932111004397,17,2.0279009519155258,18,1,clear,truck,5.701387959958229,WH_South,7.799408498554298,59.92565637750858
17.568300562168368,7,4.568178796003701,11,5,clear,van,11.363887635090048,WH_South,2.092633958157327,57.16160728199916
11.061503563227667,5,2.7590901205372527,19,2,storm,bike,9.498699139617152,WH_South,6.337644482712046,104.08477490001009
5.246116810229543,7,4.55581964245018,13,2,clear,van,4.254999320412192,WH_North,6.022024886288084,32.723505859999705
4.656442279090021,1,2.8169159005534357,16,4,clear,van,5.3786351744036764,WH_South,4.548839148977402,18.914054174652687
14.888254289192131,24,1.9108018567663043,14,3,rain,van,11.97322763829498,WH_North,4.303445129464922,104.17137033881889
5.014465553498164,7,2.7452863793218536,13,5,storm,bike,11.444404067765209,WH_East,2.8965213094154825,43.46520621965523
5.235721790193103,20,9.767944811842339,11,0,rain,bike,4.922888094965332,WH_South,4.420988783897074,68.34204556759641
4.033026359596525,11,4.604773063116333,10,6,clear,van,10.002712151821179,WH_South,6.052943715654598,45.15369404861251
12.244911791974536,9,1.3468990887712438,15,1,clear,bike,10.91675133296223,WH_South,3.9794580637823147,62.03427942009864
14.038626369679411,6,7.147537493408246,11,0,clear,bike,3.020974972126235,WH_North,4.0186958524093175,85.61327326241718
6.997394535927791,21,1.7788019462154954,19,0,clear,van,6.211272850336407,WH_East,6.875216637684883,56.89888385135191
14.089388982818853,13,5.586491780227993,8,2,clear,van,9.08502412522221,WH_North,7.70599934183918,74.25244531286239
9.838776856298898,12,4.890113937497786,10,2,rain,bike,0.9223392214482269,WH_South,,110.1622148686947
3.871395163305387,17,5.11111370358525,7,0,clear,van,9.668209611860416,WH_North,3.1124434737950257,64.99797402518688
16.86693487246416,21,12.148824502221359,19,4,storm,van,2.5325539579839877,WH_South,7.3150341163580475,145.23834218783998
4.004651260729691,17,1.8588376119715373,12,4,clear,van,5.7476835495128125,WH_South,2.2638317248285054,60.43609705273181
7.305327416308456,12,5.091417826354053,7,5,clear,bike,4.502446186577332,WH_South,3.956525463783162,66.33399000948495
7.009701520806994,23,8.01818453224297,7,0,rain,van,8.882030936184384,WH_North,5.206090079703329,75.4091911955657
6.276449942032528,23,2.1162820707364647,19,0,clear,van,2.797974832916845,WH_North,6.966306013143747,78.49986695332143
1.9456352131671764,25,1.9698797369235395,19,1,clear,van,5.596294924720706,WH_South,8.79899282894824,62.369736807614814
22.288203901117324,3,2.715479971541182,10,3,clear,bike,3.1869489539774105,WH_North,7.7711892909485405,109.34525595536508
2.1586066972480746,23,4.167486619981986,16,4,clear,bike,0.6576266602787095,WH_North,3.79082022774607,63.87220097097641
17.450654493189376,5,1.2369721861413088,10,1,clear,van,10.122143191780447,WH_East,6.6342352843296775,68.37226223204661
4.553976831784128,16,4.88408223432124,18,2,rain,bike,2.694239826810113,WH_South,7.2980386855864925,58.39566068525303
5.559374268174905,17,1.2387827952452197,17,3,clear,truck,2.7890058791416354,WH_North,8.279529550592473,71.74047844299109
16.50961866061714,6,8.209824756143519,13,3,storm,truck,0.5611062543897769,WH_South,2.9221939495009206,85.97465646547151
10.448393555889357,1,4.757093058357174,19,3,rain,van,6.032361294549615,WH_North,7.132479005202185,39.56790966016888
3.098559303291495,24,12.669504817447837,10,4,rain,van,3.227567964306633,WH_East,7.34269896273922,74.0963118228581
3.053129032919797,23,5.302342120252856,20,5,rain,van,6.786017330615222,WH_South,1.0,73.23626884194984
9.584448715929419,5,2.682281354829018,11,5,rain,bike,8.682351447488552,WH_East,3.2954479956923475,52.45062351901151
3.9581581240344246,16,1.8982378440947238,19,6,clear,van,0.5511556162609299,WH_South,7.573271098066815,46.54566252493086
10.7297288525218,4,3.9244402933850084,18,2,rain,truck,2.4058771091029496,WH_East,8.128130892140843,80.20355737764085
11.35767757128846,15,3.250551219842325,14,2,clear,bike,4.690696326086128,WH_East,4.648551035597787,87.58597823057808
4.872943567131797,8,7.616350549128313,8,1,clear,van,10.557162657810025,WH_South,7.400373298873761,44.83667272647787
5.74914661956975,19,1.733195524307936,17,2,clear,van,1.3167025591693933,WH_South,9.430068772489793,76.40676773829686
9.76502357042141,15,13.662179574686144,16,3,clear,bike,8.925961468066998,WH_East,3.039689983655394,82.9125031050973
4.735273406200719,13,8.103887292411091,19,4,clear,van,11.442988650325027,WH_South,7.597972935953605,54.67207883210938
8.394381739698227,18,2.8792604092363603,10,0,storm,truck,0.9320038632959045,WH_North,7.509098050944138,111.83337026640179
25.980623971342077,12,11.686970962461102,10,6,clear,bike,3.9961123150484426,WH_North,7.167664641989391,164.9781048126769
10.034419549495334,1,1.9190117374734061,11,0,clear,bike,9.23481444048031,WH_South,3.5843848761172867,42.50273774147909
6.3309040369229574,15,3.834016134722122,12,2,clear,bike,11.222180966351454,WH_North,,63.90869806570065
23.545391835458055,20,1.3586210667863567,7,3,clear,van,2.9607458122636303,WH_East,3.1893747203060006,101.79369056174677
12.740016605236944,13,12.092657852848982,9,2,clear,van,7.7025627958007306,WH_South,7.405356738232698,78.92916929218536
4.02269368280599,5,1.0479430374499148,13,1,clear,van,8.778763052181024,WH_South,1.7891520874287719,26.991483746735298
4.5396018031821175,1,1.21129594163805,20,3,rain,van,4.848286240273523,WH_North,4.522190553440731,20.582717924927422
2.356469846684369,8,2.129103129439171,8,0,clear,truck,8.03433695897288,WH_North,6.880215508954112,28.055704369370705
9.662805414494448,20,8.378145357453633,10,5,clear,bike,6.589528761995236,WH_North,6.558408371001203,94.69202724772686
1.6763622706240517,9,6.477867846948398,19,4,clear,truck,11.246122388238566,WH_South,6.846218224361926,32.67231890765126
23.529355778896196,24,3.61624227010091,7,5,clear,van,6.464653251479512,WH_East,3.512713577248245,116.3002848804321
6.8044581870348235,9,6.775060846896076,8,5,clear,bike,6.19936745381828,WH_East,6.510966978838,61.5957768157061
13.184474291514908,11,3.062435127233118,19,6,clear,bike,8.031544851689421,WH_East,4.801095306877317,97.24411564933212
6.432283750451357,20,4.462459830459756,10,1,clear,van,1.8275704105834762,WH_South,8.052677514660527,79.62109434859099
9.56492346863432,16,10.550869282353435,11,5,clear,truck,6.371499688868353,WH_East,2.3274834265290196,86.52082607766563
7.365610227148984,2,2.7936997391499694,7,3,clear,van,0.6082384906411926,WH_North,3.7789675165284913,20.793433712602944
8.252558207680803,2,1.9416520162181314,12,0,clear,van,7.524287673345806,WH_East,4.54896657301106,31.846512615512424
15.508753711303292,5,4.614761558681806,20,6,clear,bike,6.415964065991615,WH_North,2.111201803162226,58.53930184786917
19.722903358044633,22,5.574440843823547,20,5,clear,bike,10.072801775976647,WH_East,2.9542086669892806,135.76324697292344
18.875832097085627,1,3.5869900190125943,15,1,rain,truck,9.572437940066031,WH_North,3.1055045290021974,53.954780940881534
37.105662349142264,2,6.7017381598456,16,6,clear,truck,5.190540913514752,WH_East,,102.80166486446294
5.075819991718019,20,2.883828076081366,16,5,rain,van,7.9079204598864274,WH_East,3.07106138398356,69.24152418057676
10.108101305556637,16,3.6301799015647993,16,3,clear,bike,3.639779630119831,WH_South,3.779219902307542,94.52837796156393
5.152055093962027,25,4.315453501242714,14,1,clear,bike,4.654053365598816,WH_South,2.683182871479444,86.60710729972703
15.153086120102056,6,4.059877199088222,9,5,clear,truck,0.936294209282071,WH_North,7.675176152473413,76.37610164383216
4.15522631723422,17,10.27064822754567,19,6,storm,bike,1.2084452204868539,WH_North,7.789380225735161,69.63492403766467
15.66008500836307,4,4.300319726779142,19,1,clear,bike,9.824942393713378,WH_North,7.110469941206329,81.73400638020148
9.043433711876958,15,2.6838934109365704,9,0,rain,van,11.663326140155059,WH_East,7.938494748097276,72.0957907936647
7.6204410824243185,3,4.80466437584812,8,1,rain,truck,5.870656165568768,WH_North,8.32919986016975,46.36500134352187
8.15350043852072,23,6.7274460764118915,18,2,clear,bike,1.5355704526448202,WH_South,9.796175368443924,98.77149868029932
3.668514960758739,11,5.708548619095736,7,2,clear,van,1.060060534372956,WH_East,4.152016229819191,47.482623070630105
3.8840655973112392,7,5.491301527420354,18,6,clear,van,0.5448805999691402,WH_East,6.99963114616378,40.341606619001176
9.13830980769619,25,1.163421112464475,20,6,rain,van,10.545359465937477,WH_North,2.859910639490786,99.16818893612528
9.102017244840034,2,0.5799816396096099,7,4,clear,bike,5.306383956803529,WH_East,3.713425985112651,33.763509598425195
5.30350178228707,20,8.106653765764726,18,1,storm,truck,10.564421845987647,WH_North,8.490568446336045,87.89113466651403
6.7588537550180625,13,4.514074634862556,8,1,clear,van,4.353934316259186,WH_East,7.0061685931419735,57.188644439555034
10.603534379328014,18,3.270346061025052,11,0,rain,truck,7.056736971617905,WH_North,4.639415966859705,90.70359204543117
4.7185174778640455,7,5.397949285220132,14,5,clear,van,8.08606196378015,WH_East,1.6128764053932338,28.285532427957012
2.1501878438071964,23,12.795799525088432,16,1,clear,truck,0.6004073996305541,WH_North,4.399703218318828,75.74434589217537
17.921353286901407,12,8.930494925066974,8,6,clear,van,8.179133695982674,WH_East,7.850325141908091,80.39088616985023
9.516430228160498,11,6.5113994406590265,8,4,rain,van,9.596591323777703,WH_East,8.525557957626294,83.85458367201973
5.924181021379866,12,1.7847744648366122,10,3,clear,bike,0.26495712388916504,WH_North,8.04334837090073,50.41721415103273
5.141926749782155,8,1.9547189781654495,16,6,rain,truck,0.7058618145484594,WH_East,3.355402714470301,34.681105276752525
4.688255267013563,8,0.624700292063072,12,1,clear,van,6.265061721411479,WH_South,3.439818393445843,28.264267539612476
15.119407617627346,4,5.173034352445157,10,3,clear,van,11.65659415137134,WH_East,6.787541725016273,56.97850177394996
3.2484643936068607,13,7.214111498580601,9,1,clear,van,11.678939086472433,WH_East,8.024745071360421,44.14033352939779
10.093023810625562,12,7.637914787363083,20,1,rain,van,1.3149438756082783,WH_East,3.8620841434906636,66.56799091510872
10.088022975643606,10,5.32706979459218,16,6,clear,van,9.130564968544354,WH_South,3.8313166101889458,47.91541820419285
12.371160991789697,25,2.9806851769538665,20,4,rain,van,9.519827104157653,WH_East,3.672848591373933,95.44838761703556
6.286204935796515,3,2.236709419498988,13,1,rain,van,10.52346343766814,WH_South,3.943055045745175,30.003720745356254
17.073796374911055,23,1.8631053577100154,18,0,storm,van,0.5222177992502974,WH_North,8.058680464022073,174.08099659613976
12.579833420294339,22,2.9612237311446488,15,2,clear,van,11.669202758470277,WH_East,4.315153791016029,100.39207195120595
6.153427509014399,1,1.6745117366457303,14,5,clear,van,9.860503308641675,WH_North,3.853736673800681,18.587268417813906
4.986689323862519,18,11.349433667046776,13,1,clear,truck,7.292234845608298,WH_South,2.9416384611666064,83.34710333088424
7.37805310499113,6,1.334210742435668,14,5,clear,van,0.801937907938318,WH_South,3.6315334397497887,38.64909253661823
6.024724434890549,2,2.8923308691655927,12,0,clear,bike,2.881899113678114,WH_South,3.6374878659273886,38.204882149912926
4.464251614371487,22,0.8561130109629171,15,2,rain,van,4.15957693958042,WH_East,4.378353007674378,69.69819887249798
8.371949973594395,3,4.08608951099343,13,3,clear,truck,10.288649672699382,WH_North,5.130625220305481,39.95584250875795
6.7864283028668035,8,3.314581605554713,20,0,clear,truck,9.133444668340351,WH_East,1.902459620112086,48.8096649566385
19.353846509100677,3,2.5863477682395093,19,2,clear,bike,11.288647182338906,WH_East,8.8930060237032,122.05158593212518
6.018586673777948,4,1.7281504175365177,13,1,rain,truck,5.070449435958281,WH_East,3.693456031766836,36.09533353018137
4.957329011074891,2,3.3258433628601303,12,0,clear,bike,11.001578220488224,WH_East,3.030086962817877,30.96350737693789
8.050303362529238,22,2.2679523523709424,17,0,rain,truck,10.74850089457816,WH_East,7.406233779486856,97.82826955207099
9.340419259966804,2,3.016787361086525,15,1,clear,truck,0.2218387900383516,WH_East,2.871718322544531,32.99920156746837
9.762922886672118,19,13.068450953146687,10,5,clear,van,2.8710495762750887,WH_East,7.456747266777444,70.4243365759956
9.707366681673998,4,3.7453836355611374,18,0,storm,truck,9.598595776383373,WH_East,6.868671006630494,71.32339212680345
8.214754263961918,23,4.821123757421775,16,3,clear,van,7.981103014754262,WH_East,4.883893043876717,85.0498248636024
7.860326496340122,22,2.3985746306412796,15,0,clear,van,2.674655496724276,WH_North,,58.24979199944406
11.394790688967305,16,1.9172562800869652,17,1,rain,truck,9.377638250848602,WH_North,8.004439871260718,90.68778678310535
4.197501684799184,21,3.2671877532430798,10,1,clear,bike,3.7986706523411042,WH_South,5.967467774857863,74.9613616742738
4.9805204780538785,8,19.15853299132414,18,2,clear,bike,7.22573954353126,WH_South,6.609701896132307,48.4420701037572
2.6821384323302944,20,2.7150235125131243,8,5,storm,bike,11.215892929252757,WH_North,6.927863610414451,64.46866246420143
4.243756099954275,6,4.2759506945517245,18,2,clear,van,2.8754181789131406,WH_North,7.776891848691538,35.76450891337824
14.289571449743748,16,1.8591530590669518,15,0,storm,van,0.664409937282405,WH_North,4.645827684490326,99.2121426087402
11.120211589351321,23,0.48254049856232806,15,1,rain,truck,7.921665526041147,WH_South,1.1787099495090474,103.86762306261772
20.794817602997323,19,1.9100283170854755,17,2,clear,truck,8.741056775725342,WH_East,7.116746249890061,115.00674431843898
18.067894637067077,7,17.57533799599971,11,1,clear,truck,3.7509458135173324,WH_East,4.553375403101411,85.32390675343224
11.174747730554868,19,5.036811315216366,17,3,clear,van,5.6209314403157755,WH_North,7.496500114467485,70.03572850384728
8.76585204020066,23,10.471391721490418,7,2,clear,truck,6.013081778739643,WH_South,3.3794137908499198,87.97049931171048
8.143109228050982,23,2.6028173006320476,16,5,clear,bike,9.791365850529825,WH_South,1.54898741200975,75.1980711319366
1.5923528249686598,19,0.637767314720601,18,1,rain,van,8.316949876790583,WH_East,8.752671473114848,56.80401947776882
7.60919977109537,19,1.5279144448345088,7,4,storm,bike,3.275806867101401,WH_East,3.363528759216106,91.32880309374156
5.556964874210563,20,4.383806157331127,16,0,storm,bike,3.2761458227599154,WH_North,4.7843268474293685,75.95983315540089
4.371729443928309,19,3.920933262580962,17,6,storm,bike,3.8995809758360607,WH_East,8.319180402768843,92.13214230973861
10.164866912616825,4,3.2959793352918356,14,6,clear,bike,1.751433929322673,WH_South,4.185418566253361,59.13073180080407
7.061319321216649,21,2.29062725672875,15,1,clear,truck,1.6113420607793398,WH_North,3.7708243858902244,92.808423506416
8.44365078370611,5,6.409626370897883,7,1,clear,van,9.80893843435262,WH_South,3.36424083896706,31.71859278898369
3.9490685416135123,14,2.3374423720289106,20,0,clear,truck,9.980462688290144,WH_North,3.30293576119249,62.84224797244417
12.887571758882743,9,4.118429120050022,20,6,storm,van,3.120959086531997,WH_North,4.771507840198521,92.3310329085334
6.000383463000372,6,3.8065745463074077,17,0,rain,van,10.204761407798305,WH_South,7.609290469721604,46.35041769186742
9.853915638821077,8,2.565230375620818,7,0,rain,van,6.8488192712746665,WH_East,4.747845665707478,54.93441702948715
6.3220841301143675,3,1.7915707773097242,13,0,clear,truck,8.545893554197189,WH_South,4.234160233544054,34.40577232097554
1.3580552856279733,11,2.4617412857851386,18,2,clear,bike,10.565330402096906,WH_East,7.429622997146287,35.35380566394509
10.403372308431683,11,12.323835687101296,16,6,clear,van,3.700130371573593,WH_East,2.772261155659112,46.59462167057776
7.346384542138564,11,7.233431218413657,19,1,clear,truck,7.946712670235524,WH_South,8.865058732001655,63.980498158005005
2.5449361719252757,3,6.782000462491302,15,3,clear,van,3.7023996909442562,WH_South,3.8281369541119177,18.970048221268186
3.6246310788924707,16,1.9145362098981917,16,4,rain,truck,10.83497879074875,WH_North,3.3915667749217153,51.303438598725265
13.102276032432833,5,1.21363199076107,11,5,clear,bike,3.595029431373257,WH_North,2.273814986523432,71.66641894806585
2.6395688497354817,22,7.153100871636184,18,4,rain,van,7.504007614400104,WH_East,8.088060960071122,71.65399772218666
5.901549982579936,1,6.254724400739238,14,6,rain,bike,2.2923186393898236,WH_East,2.535184668083784,42.064513445763765
21.80991426099296,2,3.654920287059197,18,4,clear,van,4.437354769166314,WH_North,8.334499224509846,89.3588341339349
10.558849631961099,8,2.561574423656411,9,5,clear,bike,4.216784533250067,WH_South,9.289734918981699,74.28389417644817
12.08572388981139,11,1.1915306511107522,10,2,rain,van,9.003896332367532,WH_East,8.26628446657606,86.17614561550498
6.690643171033857,25,6.093242139404087,8,2,storm,truck,3.439143074915788,WH_East,9.423693635355484,121.46066379937578
2.379080727565173,14,7.6163296503636175,16,5,clear,van,3.9289039187034454,WH_South,2.35665247050929,53.63922414418928
8.927199676336578,10,2.063978229944464,17,6,clear,truck,0.11297683320284024,WH_North,7.615580588252907,78.47218453178323
3.803441675504234,21,1.9467869185312825,10,0,clear,van,3.790043314200193,WH_South,8.930070944472343,77.93099180375343
3.5511584661846656,7,7.914870623838155,12,3,clear,bike,3.265769626946862,WH_South,5.04184089639751,42.73484518119222
8.327624185400946,23,2.118471580280274,14,5,clear,van,6.535288722160754,WH_North,4.151346455883952,78.87748563725009
3.989478317085829,11,11.534495399470954,17,0,clear,bike,4.821365544536118,WH_South,7.81492433490798,52.426944082918325
7.7648213001050035,8,3.0761037178570243,11,2,clear,van,11.765655982006862,WH_South,4.6009254377958655,53.682098595202824
5.0893543665099426,8,2.5330061657697573,13,3,clear,truck,6.553586847911585,WH_South,2.88417831752448,43.51918781528905
7.603427744066741,1,3.4266242773161943,9,0,clear,van,0.8729840736483516,WH_North,9.246411074657521,32.67372239659514
5.661648968174653,17,2.532882002755143,18,6,clear,bike,9.713823273996557,WH_South,6.143062626274386,69.21692922939478
7.731290105934419,15,7.303463374022745,19,2,rain,bike,0.6391782249133504,WH_East,8.92872429865832,105.29162329398591
17.235824655105183,16,6.172272581300844,17,5,clear,van,10.046755926139117,WH_South,7.939196021511426,108.9396344018087
12.242123363667178,17,7.111224170869459,18,2,clear,bike,4.865654227514148,WH_North,8.733477266930102,98.3251598225089
7.2192996400760325,1,3.777883070467384,17,2,clear,van,0.7401229998333116,WH_East,9.659023725624149,42.061036994639224
15.711300919260264,22,2.412230531449964,18,6,clear,van,11.728386782374944,WH_North,7.947162099837821,108.21449511936467
9.93628080482116,13,3.299118114740508,13,5,clear,van,5.945106433994902,WH_North,1.8060719308178792,51.24565738113365
15.107221239650471,18,2.4645574204075094,9,3,rain,truck,10.257756589574072,WH_East,8.330869492289562,111.73527464747977
2.8607616360509085,1,9.268462972797073,20,3,clear,bike,5.046695873306075,WH_North,2.099579720915286,21.06803133649546
4.020925871450506,20,6.696544229282887,7,5,clear,van,5.5392894891126865,WH_North,2.9179835217030456,71.6140417917981
8.865480595031752,17,3.114080279295075,12,4,clear,bike,4.348369260650039,WH_North,3.41983080306963,85.81685636361236
7.110512847265157,10,1.7357984864387843,17,6,rain,bike,4.42706379901402,WH_East,7.57405803160688,58.0423655243215
7.742402847855551,24,9.762883347482996,18,2,clear,van,9.521462817064036,WH_North,7.059291440139707,83.15463700412197
10.880436274926948,17,3.653475458177984,16,0,clear,van,0.3694135837168706,WH_South,3.0863089446762446,71.95366567804186
8.91807777007271,23,3.030970235079394,13,1,clear,truck,5.878367682068259,WH_South,4.251075201572398,112.69761229991077
12.9140760176908,21,9.823297927370724,19,3,rain,truck,3.1866855211748333,WH_North,8.85728861189925,143.7266339245733
12.714198860084693,6,2.323409759550754,10,2,rain,truck,6.680625295763969,WH_North,7.80236120728251,73.36984335777993
4.150554964774159,25,2.6558139203995283,8,5,clear,bike,2.5825403744007547,WH_North,9.090744552126383,81.37595736997673
1.4007860271532633,19,2.824888051814615,15,6,clear,van,4.185007785570939,WH_North,2.691057653320277,54.361634748255504
3.9704262586598453,5,1.321016584348303,11,1,rain,van,6.3990967140707635,WH_East,4.411762423185816,30.73836750960915
3.796532626045758,20,4.141320737983647,13,6,clear,bike,8.901701830528284,WH_East,3.3071270524126644,72.73232057640466
8.095058692602485,11,1.947134254824826,13,4,clear,van,11.35162554157844,WH_South,3.491520777345338,57.85942818369813
8.033037719140665,22,2.2266423705298273,10,1,rain,truck,2.9175536199126664,WH_South,8.980254463338648,123.04042399660597
6.85043997290587,5,2.0276858439184786,20,1,clear,truck,5.794963188438502,WH_East,2.998708755398514,32.36409604211029
10.15916373025308,7,2.201306081650176,12,1,clear,truck,4.183769066487373,WH_East,1.931746166612234,45.160959260999036
27.21779966932968,9,1.8455177753898242,16,3,clear,bike,7.272442304739405,WH_South,3.6864863275469353,115.30173068765549
6.758487103232895,12,3.9473715393332447,9,0,clear,truck,4.3977643422519925,WH_East,7.568815816691301,67.70107830920254
9.084782243322973,16,2.9775024207462435,20,0,clear,truck,1.1636294072281976,WH_North,4.756554027073374,72.82950467721862
7.741356259866652,6,3.4335877190354465,20,5,clear,van,7.372761533470342,WH_North,1.8752224832276396,36.037580055495546
5.342113461169875,18,17.24723177044028,7,3,clear,bike,0.4267578001876644,WH_East,4.271335564962024,77.57677720710319
10.938694781352652,1,2.9775689328505366,16,3,clear,van,0.5165094471057414,WH_South,4.162386023705509,37.830434654777804
6.554191535480173,9,5.070621204122744,15,2,clear,bike,10.610651339913197,WH_East,4.090519299053424,54.17164766175972
4.627887751247506,17,5.491078693394212,9,3,clear,bike,10.443368867984063,WH_South,8.739670348720097,62.579360721386365
4.8587906996786,7,3.1772001816347095,17,2,clear,truck,6.752570066276222,WH_North,7.778893548336806,32.253738132807385
13.178460681454244,11,4.021517794048997,17,0,clear,truck,0.21603365782278505,WH_North,7.8469648788985715,81.01668782759846
10.783110219246112,16,3.3685713852171952,18,3,clear,truck,4.117266831959838,WH_South,8.20525161113266,103.32569307845246
5.726584961657053,7,3.825889070487533,15,0,clear,bike,4.155211560612772,WH_North,3.708235177613942,51.384106448545346
10.062772431575704,25,2.202159010302037,16,4,clear,van,8.650684036911834,WH_East,2.582053455978923,96.51252062108506
7.796388444578458,22,2.3491465295931855,17,6,storm,van,9.742904361079638,WH_North,6.630566064641056,86.2630276545284
9.177205412084755,25,3.3596794824538136,17,4,clear,van,4.25087499547874,WH_East,7.566937202941639,101.19845295428358
5.2526558673528125,13,0.834992487902506,15,4,rain,van,5.0608734126973065,WH_North,3.2938358694833,37.47976921824131
3.8785353544097534,9,9.461689420877814,17,6,clear,truck,2.6959171742479273,WH_East,6.715153640676343,56.17290921545613
6.531466690198039,25,15.068411705116706,7,1,rain,van,8.735020491934886,WH_North,3.9616434576626447,92.5861007189928
4.339958076761715,19,3.740596841365891,15,5,clear,truck,4.189833923380551,WH_South,2.7534556580751026,79.24503180167959
4.127363683467731,20,5.290053842981082,9,1,rain,bike,8.465764231738188,WH_North,8.568577661594857,56.14517701646979
2.982591313749041,5,7.076223553744053,12,0,storm,van,8.482802050114381,WH_East,4.582617570048031,30.68573830908897
1.4098270942657032,22,1.3135470926455106,17,1,clear,van,1.874564287082654,WH_South,5.6590971983131,72.945349242112
5.791156431602857,14,6.358513106283623,8,3,rain,van,10.625745121633265,WH_South,6.510164840571218,60.49174103530608
14.583981009113225,20,2.4632759324334144,17,0,clear,truck,9.89427371972492,WH_North,5.635725201157628,103.09713529358748
12.57376946990713,21,16.502418746692292,10,1,rain,bike,6.996138650559654,WH_North,7.55356731280268,126.52158740884138
18.690615645602307,3,2.9101897958581198,17,0,clear,bike,1.0358977298000904,WH_East,7.497596806506185,104.26012671798009
4.00805726736087,3,6.2696940413425475,17,1,clear,truck,2.0070591803132247,WH_North,7.935878403102018,28.46370215390134
11.348223039376354,2,2.9303179976116147,7,5,rain,van,1.1061421983168116,WH_North,3.7582677396499964,33.82035773747648
7.198740993136436,17,15.451173102586754,10,1,clear,van,5.563379399414108,WH_South,7.761531505339385,78.53159571097916
4.864168919790704,23,2.319507429052869,18,1,clear,truck,3.1861520342979706,WH_South,7.25740118155318,100.29800262033154
13.647209882914764,1,7.504945108959057,11,0,clear,van,9.969560108178655,WH_North,3.7961162258379573,34.13986259774749
7.2432603414533805,4,5.1483409529440065,13,2,clear,van,5.23147678601198,WH_East,3.355495989259571,32.90523923645428
2.1473458539409003,13,4.406219092848784,7,5,rain,bike,5.425175687890709,WH_North,1.6703890081211792,38.896641607284785
12.497101184745997,10,3.897382526371485,16,3,rain,van,11.063105872825119,WH_South,4.662025708147178,67.39585594250497
9.663183376762937,3,2.081505099596536,8,1,rain,van,6.933258169710273,WH_East,8.182110826050621,54.72014581614922
8.372708909222865,16,0.5432207970457479,10,2,rain,van,4.648155307428338,WH_North,9.104033030046235,78.58306132086993
3.479176107785688,23,7.04328355801388,13,4,clear,van,11.8014896604536,WH_East,2.686669507303473,74.45287565809767
8.960560227541603,6,2.3579972190797713,17,3,storm,bike,5.549229385349761,WH_North,6.346709655371715,88.38351074308899
17.261488032014004,1,7.5286828077240875,13,3,clear,van,6.956162871400624,WH_North,2.9576363939006405,49.396479089488615
9.507196316091193,6,4.2468963158988196,20,6,clear,van,4.584011469203741,WH_North,3.35897277394835,41.31200820329434
2.6744971716861206,5,7.691991684856738,14,5,rain,van,8.030489582542303,WH_North,,24.146403553879285
9.932225218655816,12,5.820142605326793,10,1,rain,bike,9.309692916142444,WH_North,8.057651246678185,96.62288947719584
9.565473882606396,3,0.5913858333177088,9,4,rain,truck,7.543706730687958,WH_East,7.929256663078932,54.34475368540776
11.882301957833297,10,5.1060541879898205,17,5,clear,van,2.981050769707692,WH_South,7.769082341139108,72.70190542731284
9.409695508719507,3,2.6102008178242615,13,6,clear,van,11.307565152752288,WH_East,2.5865131333767604,26.493276787703067
4.136902357731757,17,7.504537451101763,15,1,clear,van,6.140613435208637,WH_South,4.750802144359359,45.061406972421054
8.104301750358234,12,5.0220853037152375,12,5,rain,van,9.912273491493957,WH_East,4.7865147446384535,56.777825610609504
6.602047405147299,2,5.063603209287347,10,1,clear,van,0.10589667945501668,WH_South,6.843524427490756,27.746419288012852
8.688326067120716,2,2.744036586381673,15,3,clear,bike,6.2131663620844035,WH_North,3.571347468476549,52.19849698725519
13.931220585475195,13,1.7527319159542565,11,0,clear,bike,11.226954738698218,WH_East,2.549147682475395,71.52852236837822
5.0790514024526265,15,2.452184178222414,20,4,clear,bike,8.258521371110287,WH_East,,59.052478593577376
20.281777399147565,5,0.9418355612508981,17,4,clear,bike,1.3701904881261964,WH_East,8.15328877384496,121.92882678791048
9.894778528969606,9,2.196267625631849,18,3,clear,van,8.519676004747616,WH_East,6.282944091642902,52.15328529951163
12.537745962752396,16,1.191351801827548,10,2,clear,van,0.1802480756966891,WH_North,7.098372557498727,69.36347430714024
11.588782301950957,12,1.2135882139591634,7,1,clear,bike,4.42416966417584,WH_South,4.748266209145033,68.76975485969847
9.663843714002335,3,3.6021655023911876,7,5,rain,van,2.8404375994022972,WH_East,3.2011033450179274,40.1081986516976
10.71518608373525,10,4.825113499143204,19,6,clear,bike,3.022648434745007,WH_East,7.691199553291663,80.06153183020776
0.5,5,3.2470424410241776,19,0,rain,truck,0.4977687776303341,WH_North,6.635804349810218,22.87261592923267
11.576271806978768,24,2.3416285570810174,16,1,clear,van,7.405587252023498,WH_East,3.8609497605586505,98.31908004449265
4.356911406731475,21,1.7105488542834215,15,4,clear,van,8.9028454288694,WH_East,5.498048508725759,51.07815979405698
7.507883972777098,8,2.6590393351008195,9,2,clear,bike,3.5020082004338873,WH_South,7.204291623605709,69.10432034639184
9.624417873507348,6,1.8672072607901558,17,0,clear,van,7.042207019173725,WH_East,7.360783352720177,41.11118806158401
14.285440992316195,4,3.1772577453030943,14,0,clear,van,5.968725193158226,WH_North,4.323529586775767,44.9613420014588
4.3577901909322145,19,1.144454103877161,15,1,clear,truck,11.917780024250547,WH_South,2.990151558631319,58.41108846169295
5.882848605544856,23,5.424481423634329,7,6,clear,bike,9.747985106118364,WH_North,3.6455306496500857,61.790600515132496
6.391869949596018,7,2.232402175731305,14,4,rain,van,11.352455858375428,WH_South,2.1830149576323685,26.372205837214654
8.750960200896772,16,4.320537562150972,16,1,clear,van,9.891955570570008,WH_North,1.6169187419215465,54.64385832377136
6.63914167592193,6,6.178375648928027,17,0,clear,van,7.892059920316617,WH_South,8.082993707756248,41.95983459683521
10.743049294077721,23,4.176650532701583,9,5,rain,van,0.853992905715959,WH_South,6.118157476024612,92.98104326159725
2.2136116551138088,8,5.808885643456927,7,2,clear,truck,10.294731557320604,WH_North,3.290826404678741,22.797878423539593
7.15055001018175,3,0.7814161066666936,18,2,clear,van,9.13223109072414,WH_South,8.588965785541323,25.74696137194257
18.214481590663453,23,2.351375169243118,11,3,clear,bike,3.3859365085889155,WH_South,4.361800050597707,128.91973438525352
6.650017713593464,24,7.186136377640661,13,1,clear,truck,3.2326073032496074,WH_East,2.6954201513415876,102.67308455715198
9.916509829317661,10,4.742008010089511,15,5,clear,bike,6.291011770804074,WH_East,3.4677545822084435,65.14125843020865
13.055006237007369,23,12.108701009641274,13,2,rain,van,3.396016383993485,WH_North,3.5298083265942317,118.59206335742451
9.729723707546736,7,10.947009741241457,20,4,clear,bike,11.647505044863205,WH_South,4.175382273372788,58.159149290777954
21.29485545997672,7,4.094786151622611,18,3,clear,bike,2.3228303033045097,WH_East,7.78185485993678,140.01178816537887
8.218189642579436,14,2.7832379127999936,12,1,rain,van,1.8405406979474512,WH_North,2.4468828695162097,56.83814654275142
11.053148494815469,16,1.6973919073247479,9,4,clear,truck,0.5222875950008725,WH_East,7.158183961617226,83.28836492048077
8.965472484939202,10,2.3796038021129577,20,0,storm,bike,6.631092209441427,WH_South,1.6291034946366243,74.00715871632418
16.18508800184366,20,2.4948463996888957,16,5,rain,bike,8.883945140694767,WH_North,3.1666564269415516,122.78073777362354
6.064324062149318,20,2.191805350816408,17,2,clear,bike,7.036099444224594,WH_South,8.157208277488321,87.11510239777753
22.254837623467427,4,1.7457138875049123,13,4,clear,bike,2.4993137619854564,WH_North,3.1660177905073255,101.46244651856838
5.1606778343143835,25,4.397796461456333,13,1,clear,bike,11.081136314059966,WH_South,3.6958616231422927,91.12116384114233
19.18946451175461,4,10.887853114797934,9,2,clear,truck,4.551563610456098,WH_North,6.923340991199587,87.4069199032184
4.0244887623044905,14,6.380712305540899,13,2,clear,van,1.6896160902134807,WH_North,4.930759528667544,49.401154518896206
11.25789782216402,11,2.6493278311752664,14,1,clear,van,2.2926672995652613,WH_East,2.6426407416540663,66.00588539141303
7.796396770904107,12,6.75187465721666,8,2,clear,bike,5.258535605609242,WH_East,7.520070319220107,64.86462482934041
12.902295220686874,4,4.231919221333464,15,0,clear,bike,6.532510748347187,WH_North,2.631554292314349,68.30803645730174
10.05847047183937,9,3.226851694600431,15,2,rain,van,7.217385274014026,WH_North,4.011341431679243,44.92823365339881
12.508589453907963,1,3.088897070397854,18,0,clear,van,0.8788464122228921,WH_East,8.734380531490602,51.12418412285316
3.9304114342318828,25,2.886491940583901,7,3,clear,truck,10.409934855144979,WH_South,1.9316146223890005,69.30303979316821
2.5212256564974633,4,5.236986753647085,10,0,clear,bike,4.037164516400965,WH_East,8.388616595039156,28.49457422979792
3.506053680826909,13,3.66111980253037,13,0,clear,van,3.1127621758284194,WH_South,5.268394445212677,53.65704471230838
3.445320031423462,6,1.9939229735797508,19,3,clear,van,8.250814923006129,WH_East,7.916068004438375,24.25655871279596
3.8982452270846695,5,1.9274608667009276,10,2,clear,van,7.362730370631489,WH_East,7.192722154674714,26.06165024476427
5.385383421210787,10,4.112918142444427,20,6,clear,van,11.913847940860535,WH_East,2.965731675597663,37.77675958975529
5.354987320392623,25,4.481939384047115,20,1,clear,van,4.924238931470298,WH_East,3.3089438714226986,73.40921924561952
7.90736450725658,12,2.6666077232288456,8,2,clear,bike,2.198976235850331,WH_North,9.567869316167332,69.52859373844998
4.565682654504175,25,1.5031998421046477,12,1,clear,truck,11.673175335526455,WH_East,4.551497694853887,87.46172406613938
4.806708437625851,21,7.969928980901447,10,6,clear,van,5.784201200620759,WH_East,7.810414912646558,84.19869634189658
6.897534590827572,11,6.869032225557897,13,5,rain,bike,7.938315688115257,WH_East,4.939536686203281,57.907676556587944
13.909524599009917,23,0.8259974846518706,19,1,clear,van,0.5077814568236256,WH_South,9.010089382451458,112.73365712416091
5.999589532919993,9,8.479979618477284,12,1,clear,van,4.030631634735046,WH_North,3.6907473754876827,40.79795165924103
7.5963413285278225,13,2.8682926057888927,16,1,rain,bike,11.846698006042566,WH_South,3.8228230803351577,62.370024182388505
8.350353136143813,18,3.7923692511836458,8,1,clear,van,11.572534439732335,WH_East,9.923804205862687,79.45295284586396
4.206279828994377,15,7.365125884556149,14,1,clear,truck,11.80981689947395,WH_East,3.134640886529359,57.48504206041786
6.368651326359995,21,10.556873355110898,11,5,clear,van,9.887171483329322,WH_East,2.8455375490228305,74.40101960437163
5.056621612424818,5,6.69931779473817,19,3,clear,van,6.00610382493677,WH_East,6.888382433685333,31.08970397397008
13.170667793336555,13,3.930321972088332,17,2,clear,van,6.864231632655482,WH_East,6.163572681423159,59.348706468941785
12.562510075559153,17,1.2675064175014534,10,1,clear,van,0.8982334245044106,WH_North,7.008219459133915,64.22556751409961
4.73069897642816,9,0.8038341784454827,15,1,storm,van,9.519296551472902,WH_East,3.0258811870932063,28.36918655625017
7.509076098489,22,6.139303242607191,11,3,clear,bike,8.988853040858901,WH_East,3.237407752232559,75.31135549898606
11.058144810910854,8,8.494519934757154,13,5,clear,van,8.499567513658842,WH_North,3.5510397254206274,53.110237726650915
9.426842185659114,8,1.8771386024386087,13,3,storm,van,4.590793545685605,WH_North,3.789295579480984,52.15160298929777
10.021454753573073,9,2.748771335319707,18,4,clear,van,3.190187655194709,WH_North,8.709903728576151,57.596735326437454
4.2234442941140635,17,2.24771440097358,11,1,storm,van,9.719023611617521,WH_South,3.9358691425456787,55.34302593710636
18.799012843790543,3,2.2061964039069766,7,6,storm,van,11.694450161962834,WH_East,3.161151741623392,68.6839355665979
5.318756763264869,4,7.046089828654956,9,5,storm,van,5.081807389908279,WH_East,6.73778312788829,52.22879837443298
5.222709628236413,20,3.8684781736757796,18,6,clear,van,0.6661795167701463,WH_North,8.752267663128023,62.08917460661111
3.216605068910229,6,2.828015367361811,11,4,clear,truck,10.808723296200313,WH_East,3.4189535148337376,23.04822682387981
7.082199709259965,3,21.333188686691937,7,4,rain,truck,8.273323112831203,WH_North,4.625016243949566,32.17564818902877
14.742095196213588,7,1.2164117916850434,12,0,clear,truck,8.057064514471012,WH_South,2.7360156972039684,63.286311240801545
9.371450127104666,10,4.872161882876816,19,1,clear,truck,11.331094822245877,WH_East,7.580887112810168,61.602124880667695
7.421611526948407,1,1.5931532053030395,19,0,clear,truck,8.04595692940486,WH_South,9.606812810280514,42.59649252124019
12.046560447940148,21,2.9736619990261794,20,3,clear,bike,7.410113903051449,WH_East,4.4165362295111255,88.3184248149677
14.53661748295539,3,3.6841759178923774,16,4,rain,van,8.5213309041621,WH_South,2.5402525514192895,45.457378496641624
12.546659391177819,11,5.996746089745849,18,0,storm,van,5.807328950548034,WH_South,,85.06077813128125
2.000442194284874,6,2.7653651103156696,17,5,clear,van,3.44383361249731,WH_East,8.441921440860584,24.741435577829378
12.105406569671077,8,2.568022972697579,7,3,clear,truck,3.021452346165929,WH_North,3.879514650234567,65.89191701931286
10.251645567296737,2,2.730925141691418,12,4,clear,van,8.714941772150627,WH_East,3.5522816600036746,36.472319865315896
4.662880211326161,24,1.5589821176141652,14,6,clear,bike,2.9113089699673713,WH_South,2.2988726132869766,83.27083555431719
10.276291329685137,24,5.168677543286983,13,4,clear,bike,11.173867610798832,WH_East,3.5143365851200103,79.3067945182241
14.758779136073112,4,4.042786005180564,18,0,rain,bike,4.835986918872047,WH_North,9.072499282667106,103.04784976519475
5.468311367628775,5,4.5024336870044905,20,5,clear,van,7.602825828915683,WH_East,2.369979562121931,23.321157453495335
13.05418639512974,23,3.162364155115446,14,6,rain,bike,0.5135927464629058,WH_North,2.458196689719848,109.0349783060925
9.492074774588,11,2.900796713565115,8,0,clear,bike,5.387275558982481,WH_South,8.339580473854634,71.68062490290369
0.6794014190644309,2,7.560370801163553,12,3,clear,van,4.79473246339616,WH_North,2.8642703974120054,6.96825271727641
7.753479899775742,4,6.788639335743479,9,3,rain,van,9.05589607953647,WH_East,6.958526200790617,44.35559021058031
9.2726366820479,11,8.938434038189921,13,1,clear,van,0.6650386921090701,WH_East,3.8056642411331363,62.48910606437718
6.525926212158403,14,4.309474823723695,10,1,clear,bike,4.828228895357794,WH_East,7.828228186862422,74.35303866178555
9.699302747119072,16,8.557985864456427,8,5,clear,truck,10.297603462456838,WH_South,6.271694520738919,88.52952534923189
7.259545298353409,4,2.481199598241361,9,2,clear,bike,8.021984769565929,WH_North,8.225860636608807,45.49683347245225
24.77518389672801,10,2.884650502674073,13,3,clear,van,9.329099421720574,WH_North,3.9969317186861026,83.23308069722789
6.244378755713283,7,7.664279640770731,8,5,rain,truck,9.15920827826178,WH_North,5.223838250867934,53.14569088478899
4.750951281414902,14,5.99181922748587,7,3,clear,truck,7.943350972722319,WH_South,4.502449258398454,65.97631168874086
12.682118760899879,9,2.7092848718985385,10,6,clear,van,4.695562246025377,WH_South,6.487383899547125,70.09326164558625
6.745889797648058,6,1.5961895135214956,16,3,clear,bike,4.792719199044127,WH_North,4.525452898905701,48.96757617359451
7.49755428895078,21,2.8783725715437347,15,6,rain,truck,0.6141852171849496,WH_East,4.8717212243799,89.04128544032196
7.113887814353435,15,2.0556499824602743,12,1,clear,van,2.339990818692885,WH_East,3.7396226221116597,60.38964523317921
12.286374216912886,12,11.102301595189953,16,6,rain,van,6.697051007478259,WH_South,2.419625704206326,64.48736358812546
3.877797833108957,4,5.652107307864661,9,0,clear,van,10.740952941858904,WH_North,9.04091254218239,28.540769095889388
13.039358694448476,2,1.9422637919290644,17,5,rain,truck,7.346743007230857,WH_South,6.244792318129431,70.2729821190057
10.739367279282247,20,1.597606109897124,7,4,rain,truck,4.644574608458514,WH_North,5.503197203556896,115.55750977571483
20.317409644531445,25,1.925490438140901,8,3,rain,van,9.983210907709733,WH_North,7.382797880287019,137.75159406758968
8.85265380627915,15,2.2452622579862633,19,6,rain,truck,5.385238991961215,WH_South,6.435766819323349,87.02052006522112
4.073517372193452,1,2.9544417748783554,13,4,clear,van,3.118576705693157,WH_North,5.929300753423249,22.531253665912708
8.910252737909211,13,7.244065222339088,14,4,clear,bike,0.9608740925319679,WH_North,4.126717375509394,61.6821590671093
9.567737906303666,8,1.6878207099582487,12,5,clear,van,9.942608276982693,WH_East,4.459769256257135,54.16318874806214
15.479466698601646,2,16.488712755444705,16,5,clear,van,7.391729918632869,WH_North,2.9763948260898196,43.37883475082267
4.066598762447219,4,1.7154746981116724,17,1,clear,van,6.969845354230557,WH_East,7.712368623374692,26.907872879696622
2.6763498896607407,13,1.2382097522635442,17,5,clear,bike,8.64804182997737,WH_East,4.367321288070786,38.50185312990064
9.020368399677611,11,10.824514009954632,10,4,clear,van,7.260484355126659,WH_South,8.710536111589905,55.62098772369985
20.810731706887022,15,8.371883758116306,15,0,storm,bike,4.206320127436241,WH_East,4.146731352178285,198.333904600974
11.650353118091086,18,2.9222557687167243,17,6,rain,van,7.410976847612661,WH_South,6.899377822756332,90.93829268178398
12.038903601872672,7,4.335914826402993,12,5,clear,truck,1.6805046331836682,WH_East,3.5327156015735692,56.443256652988005
3.156048940036791,8,4.41319264526444,12,6,clear,bike,3.554095734435867,WH_East,3.034460467484145,35.179700421963716
8.155638087874028,17,3.653547816850907,15,5,clear,truck,6.447762106695471,WH_East,2.1509461515308566,70.90687959979996
15.644498965234895,5,1.3397249384393002,15,2,clear,bike,0.8297880809384934,WH_South,4.126374759806862,66.61138324381301
9.634354338201268,2,0.5842787912037277,10,2,clear,van,9.861402749182494,WH_North,7.628373979444547,35.475236619795034
2.5403595912515478,22,1.8380250860041194,20,1,clear,truck,0.5356684566847019,WH_North,4.466950095720129,60.734586741127394
8.058493811541645,6,11.837921771098076,14,2,clear,bike,4.468396528213625,WH_East,3.547749780585125,51.26443812702476
11.186610053158397,4,12.167755388566617,14,0,clear,bike,5.4527399698148775,WH_East,3.3782040873067807,67.70637361425652
0.5,19,2.7640973468919077,9,5,clear,truck,8.168481960498063,WH_East,,55.56317455984941
7.5378485540375575,14,1.6979557784484258,16,5,clear,bike,1.8584327977988733,WH_South,2.204411380387135,68.16260770772644
4.414563156208037,4,4.033703166121156,19,6,clear,van,9.856416377860702,WH_South,6.5296979890148865,24.42313647891489
12.902620079917316,22,4.514465681179182,17,3,clear,van,5.113332218081556,WH_South,8.188710993697306,100.2488574547975
6.08890107909229,7,5.055636014781864,14,6,rain,bike,3.0137997077256324,WH_East,2.3252830044956205,40.11107145583944
10.173846680856506,17,0.5661364919556314,15,1,clear,bike,1.1800296087300164,WH_North,2.7421168679223653,81.55689030544445
7.929983269245621,17,30.278240786386867,10,3,clear,truck,11.10375817800481,WH_South,8.510455935679254,116.22363823686817
5.943666289145843,21,7.3355490895721855,7,5,storm,van,4.840609386286623,WH_South,2.8756541179804325,80.16255626623082
22.119340494365616,19,2.8906905186762963,15,5,clear,van,4.576011977546773,WH_East,3.691209869042595,106.41247843671931
5.525842546834443,18,2.007852331202369,9,5,clear,van,2.162925757136931,WH_North,6.801742195515975,64.69618675004031
8.333652810239055,2,6.626746672853851,8,3,rain,van,6.076059578897716,WH_East,7.285419473729357,37.788560110305674
7.914895276713585,24,4.696305944966151,17,0,rain,van,3.838604740556547,WH_South,6.2310962403305785,101.56008948956122
8.887361624860048,4,3.541333112206076,13,6,clear,truck,1.9910779476945621,WH_East,1.9830627070208118,35.99082226728867
21.20481530131434,7,4.576041136004517,18,2,clear,van,9.034442318861828,WH_South,7.014626969166205,69.13929147399725
11.194899417361801,12,3.0682159749753803,19,4,rain,van,10.779188593537379,WH_East,8.05285027179159,65.03063104197759
5.907311169303331,8,4.398675997585257,8,0,clear,van,4.227530814871383,WH_North,7.7019101317324985,44.442296882161095
17.57624770746634,15,5.520420283288047,17,6,clear,truck,3.4379416652207273,WH_East,6.077046059119035,103.05766320405748
12.318146302459043,2,4.222054305534156,11,1,rain,van,4.48062241812757,WH_North,1.2973283897325967,38.14830838558273
5.981183847995515,12,4.070009480550359,16,6,rain,van,11.098017677733925,WH_South,3.4163477311131505,47.67090693297967
16.08177218802812,9,8.802203547361767,7,5,clear,van,7.003273666745596,WH_East,3.789646885869212,65.63442206481851
3.1306060870790664,17,1.0854829643736088,13,2,clear,bike,1.99094155185744,WH_South,4.668215705887281,61.12734650248012
3.767499121185792,13,1.8992943168718472,15,2,clear,truck,7.589823087321983,WH_East,2.9316804268632835,61.06599500757817
2.410905687559044,19,3.3824235534005083,13,6,rain,van,4.815086547268098,WH_East,3.9241389127806805,48.24516336172412
1.6325955419519724,5,1.9919074394624845,14,4,rain,van,0.208907207226801,WH_East,4.309412355237571,24.830615452982528
15.43954317251812,24,2.5162689355001224,7,4,rain,van,11.639160830723853,WH_South,4.305096576020004,104.45889941484272
8.953992691305196,10,8.177767961378924,7,4,clear,truck,1.3787531687295171,WH_East,3.2515523095179524,51.07954136870312
2.587693670301274,9,2.9913366218392254,15,1,storm,van,4.961959186041376,WH_North,3.6805348044883957,36.19735699386873
7.790177544254693,14,0.9227031417968606,12,0,clear,van,7.891662509810759,WH_North,5.448365787098397,67.51881042231113
13.284941048402892,5,2.468623701483821,15,0,clear,truck,7.032280328482492,WH_South,5.30961451537193,54.93191332951063
4.903414369508479,21,3.4579613903751167,12,2,rain,truck,0.050618992935505425,WH_South,3.75654644369637,81.35839576368016
6.526752799242889,7,3.4136519547994655,7,4,clear,van,7.2946255801216475,WH_South,3.9725254818520574,28.627053950692424
22.704949944896143,24,4.899955918945235,16,2,clear,van,8.727257278781225,WH_South,1.8245071351530615,107.15373256493166
6.904516906610363,4,4.627755615644634,8,1,clear,van,10.191867942363348,WH_South,8.883563177583094,39.52909004571255
2.7531376667543572,22,3.0126549435323082,17,2,rain,truck,2.2073155041867465,WH_East,8.471066969904657,98.85812741873373
5.678058219584816,10,1.4403298779007685,7,1,clear,bike,0.44106875163386006,WH_East,4.1105641658351235,42.62848149649598
2.4519276551366422,16,2.43805971416458,20,3,clear,van,11.332559153777648,WH_South,3.2578484394924456,53.75486435811808
11.728192481923658,22,2.146967562227049,10,3,clear,van,8.165148089890579,WH_East,7.8597748230297855,94.0585836532176
4.448744345703808,4,2.719443702142994,19,1,rain,truck,5.459558915994338,WH_North,9.11917819595519,49.30301880099098
4.353143788673897,9,5.386080684452274,7,0,rain,bike,8.700609474896654,WH_North,4.125757128346624,42.96405218528267
23.86671757030986,24,4.405580023858732,13,0,clear,bike,1.8849628886728569,WH_East,6.168500913321147,169.12770931259791
3.478603970938709,4,5.910934847998598,12,2,rain,truck,11.500777114148802,WH_East,4.530328913482604,31.64387595629175
3.036855397772737,3,2.5374046250594113,9,1,clear,van,7.850931666384408,WH_South,6.973103464198956,23.76542796816558
3.9067109638135364,14,9.543425974330432,13,5,clear,van,10.523427449984663,WH_North,2.6302784953487084,51.99702814725064
13.524071946220612,1,5.317413276139777,10,1,clear,bike,6.680500426184924,WH_North,7.161172205914755,76.74258288526839
10.845400941908506,25,3.5914796533361453,13,0,clear,truck,9.609656781839668,WH_South,4.571934128605644,91.86072063387917
5.630340816315088,23,5.064941607794906,12,4,clear,van,3.9320984556166794,WH_North,4.8381960940019235,76.13515657280843
5.299781488759932,5,2.0687978913204486,9,4,clear,van,1.596912660543277,WH_East,9.344658694608285,39.175886019454964
10.362854572389145,5,0.7587158459683869,18,4,clear,truck,4.245848069927745,WH_North,7.5008665986435785,49.95105489560372
9.15935026242667,20,2.1712706336561003,14,1,rain,truck,10.763095399130851,WH_East,4.221207748733871,92.97550982621304
7.187257343091126,14,5.602538900402299,18,4,clear,van,8.377098327934053,WH_South,8.95237641487378,49.99685071772797
11.065146233326598,21,3.5118790207407855,18,6,rain,bike,5.4748989265626005,WH_North,8.394850236406445,122.37937845702257
3.7242674041099804,25,3.016857929642967,10,4,rain,van,2.8225420335565596,WH_North,6.69252604823202,79.39856490920484
4.500420984341638,11,1.83402306566854,11,2,clear,van,7.176535948347908,WH_East,4.358107219684228,45.81429592602916
11.404715418247381,7,0.8444429682743934,20,3,rain,bike,7.114838596994616,WH_South,,73.81748200073397
9.606706756001463,16,9.001506341152233,11,5,clear,truck,6.371043246094085,WH_East,2.458409837324697,70.27667975530852
1.52059162683191,16,2.8704639757562433,8,1,clear,van,8.853644930289363,WH_North,6.62388862580981,34.65827090537432
8.126912917598194,11,2.4579395376997697,14,5,rain,van,2.9137594248290544,WH_North,2.4411509271962797,55.8368073145861
23.39044158513531,8,2.0747644165319357,20,1,clear,van,6.131870348313599,WH_North,2.4952680489375414,75.41741928013842
12.495239750437353,7,7.9898000492399905,10,6,clear,truck,3.7008738084908592,WH_South,5.936244632466071,72.34522321124395
5.740827168083921,14,6.153035693085624,15,0,rain,bike,2.467206595438702,WH_South,2.9858842958492264,74.61737291173327
4.770830473952168,11,1.6869672244194929,11,3,rain,van,3.9933771957639204,WH_East,4.072787779814625,33.28748543800417
9.878966521217041,12,7.502078200286156,12,2,clear,van,9.635373503105722,WH_East,3.830503497544231,68.92326654129253
15.412193036016784,3,2.999515293421972,13,3,clear,truck,1.3666519249005606,WH_North,2.3203883673625967,48.55369370170894
2.167271087905388,23,2.165433274905681,9,2,rain,van,3.3057750848213647,WH_South,10.0,75.10004488245109
9.458214764666051,18,2.703294810519846,12,0,storm,van,6.3963008687680505,WH_South,3.3603276668153437,81.828926723511
6.4579851562094275,23,1.918784523009723,10,6,clear,truck,4.811619627070593,WH_North,5.803662966360385,85.24379869106997
8.952272827969093,21,1.317038990776628,18,3,rain,van,9.93210611209449,WH_South,8.324298588395404,72.51808792346938
2.876984505934742,16,5.716128130082509,10,4,clear,bike,9.350898877782527,WH_East,7.7958821359788395,48.589643611884455
15.405879157726096,8,2.844839350514477,18,3,clear,bike,8.135026998961234,WH_South,7.068623661369396,101.60423737109016
17.792248626761975,17,5.114331380971378,7,3,rain,van,3.389974135648394,WH_North,4.151553469175694,98.8291727994577
11.83817008486917,15,4.05945745045325,12,4,clear,van,0.25462610829404797,WH_South,3.1948273610544806,77.28816759841321
19.833252049038137,24,4.874311081982437,10,2,clear,bike,3.766861313373507,WH_North,7.533877402367101,147.55586525154456
6.254746992871424,6,0.7927948723299948,13,0,clear,van,7.21148006333112,WH_North,5.119061775516147,36.28170859907728
9.325068450425253,1,1.809893177264321,17,0,clear,truck,1.2173701344082661,WH_North,7.911190577498481,43.29403209427255
11.940533244713778,4,4.945882087193059,20,3,clear,van,9.882986945329268,WH_South,4.352708022481944,47.23293832138353
9.95641541405013,5,1.360181999702147,17,1,clear,van,11.839158910088813,WH_East,7.330085363335207,47.53893774595953
6.773277496068813,17,4.310895084053946,14,3,clear,bike,8.8507283016013,WH_East,3.9378814274625693,62.183001013806226
7.235850082174449,4,1.254211130899073,14,4,clear,van,4.9753505906568805,WH_North,3.1062674951135945,29.77049521749478
16.884560589115452,4,3.3585548874786744,20,4,clear,truck,9.566620626300976,WH_South,3.0664255611132325,63.60568483791227
7.876722610633395,10,10.247085008825804,20,1,clear,van,3.2711590812029274,WH_East,3.4288625437156712,53.43593414805486
14.910703860725224,20,5.710006035839876,17,4,rain,bike,11.449320627188872,WH_South,7.174942861680474,150.69259392446654
7.626593756994895,11,0.9089013984790595,9,6,clear,van,4.399310383240822,WH_North,7.934234446889774,48.17325917331969
14.859802298515472,7,6.012616328506899,10,2,clear,bike,8.278723026343773,WH_East,8.321223437107392,87.01208444982092
8.398771307184656,8,11.888443082758263,10,0,rain,van,0.22699383749762658,WH_North,5.736929398958997,60.913213926948806
11.36904979453056,21,23.521413220082835,10,3,rain,bike,7.5686259257795605,WH_North,9.351764546758599,120.21398442058394
5.170436215669901,11,4.629982165875969,20,4,rain,truck,3.5523405256435754,WH_North,4.377019363648102,60.31332873874001
9.312975553507929,10,1.2775012905113878,9,2,storm,van,1.22550574070715,WH_North,8.830144032433465,72.6907797571528
5.220930936202551,20,4.50088743277632,18,4,clear,van,5.202507750056398,WH_East,7.646149248724923,62.720434636531095
6.15702753156462,10,10.147460923149783,18,5,rain,van,1.2702518367209956,WH_South,5.655354783764179,51.06937376475406
6.478875441854359,9,2.912577052030858,14,4,clear,truck,2.2207502164034767,WH_East,2.608355225925771,38.18918605482952
7.158811208559228,19,6.890724597335438,11,5,clear,bike,10.741634676810907,WH_North,4.536523326435201,63.68100296577099
13.889489642904836,9,1.8446284973830631,10,1,clear,bike,0.7614099739362277,WH_North,6.335448063753139,73.35374696394588
6.006456879638742,13,4.30874757994754,16,2,rain,truck,7.499948741818644,WH_North,2.498937906574373,63.49387319463688
8.748103639494744,17,0.5811736644874933,16,3,clear,truck,0.7234539198631014,WH_North,3.4104536055811785,75.01468436054131
14.88693249117506,6,1.7070474363148018,14,1,rain,bike,8.616598136484674,WH_East,2.5537031600464637,78.04075649642097
11.23146650647709,4,3.305922466956964,14,6,clear,bike,11.73468579412678,WH_North,3.479826055366923,51.091821163903504
2.203429830844596,22,2.5744869938968296,18,4,rain,van,5.154358312976504,WH_East,8.349716884573933,63.24365510340341
2.818891570103144,8,1.3358499474276049,17,2,clear,bike,11.617812959026054,WH_East,8.172319444484621,32.42456238772822
10.066509428123666,9,2.3402099822328735,17,5,clear,van,7.6978539691525505,WH_North,6.447260730560487,58.215069884544704
5.813452876414498,15,4.181870079494409,10,6,clear,van,7.14561939786599,WH_North,7.259884602681367,42.702063786167535
2.532042430551555,3,3.1256450848050994,7,0,clear,van,2.0540139724815614,WH_South,5.405215000150066,13.94119010074887
5.54334527164319,2,3.4648048091156918,13,3,rain,van,11.42830582186269,WH_South,2.50940623087741,30.04154701906936
10.289613922399536,11,5.542125891945833,11,2,clear,truck,10.338590668846653,WH_East,4.805017526181598,68.09256510786932
6.433469720612325,25,2.611137916061095,11,5,clear,truck,1.5810801935646333,WH_South,3.727187798982357,75.1535487037316
8.24616100692721,15,8.597096398220305,14,2,clear,van,0.34365597151008487,WH_East,3.705262470393145,64.47114192978074
6.801669410678283,15,1.6611501995561866,19,2,clear,van,4.3086338017336345,WH_East,7.949733288158043,48.76807063436378
5.049406706763409,16,12.802004844557457,18,5,clear,truck,1.9131530155965706,WH_North,7.321049462597352,84.8435812555441
9.205464743445717,22,7.236423128881256,16,6,clear,van,4.0338355866394355,WH_South,2.121125154214464,87.37784626596783
2.330246927621185,21,2.5877830751749933,16,1,clear,bike,11.501548904660472,WH_East,2.330941575393317,70.16758395081708
4.633747871303507,1,2.711431995725804,12,4,rain,bike,10.342832993344127,WH_East,4.615867922312081,26.46120285321392
12.46802691436961,14,3.8370924838014226,14,5,clear,van,5.28145137632374,WH_East,1.8795802160825477,53.936684868344756
2.8859858097610864,14,5.048391364759801,13,1,clear,bike,3.3099703944599597,WH_North,2.81616599401677,40.1385741124834
7.99692513879545,6,7.143363848618751,18,4,clear,van,6.933688923668139,WH_North,7.3359848568000245,38.60884675104835
6.116897594410153,25,1.2989888139707353,20,6,clear,bike,11.249966718072502,WH_South,3.2560437858317077,81.47276341107855
5.750861429419102,7,4.509606212689193,13,5,clear,van,9.487827479327603,WH_North,2.55057953371216,21.780007246169003
13.155144953228358,21,0.7546056555429621,17,1,clear,truck,10.413037844945393,WH_East,7.14841957651597,106.95654187491289
14.641996963291025,3,2.932600757649976,7,6,rain,bike,9.133337626313839,WH_East,3.8574851794593474,66.8659749131869
3.8999491179809063,16,9.186534335283746,12,2,clear,van,6.043849246070775,WH_South,3.5001108203324813,51.10857648121437
7.195195120810525,19,1.2308114624707607,19,3,rain,truck,1.6980909336624967,WH_North,7.081347151192238,100.76456994118806
1.8605004689301725,13,1.0838652094692471,16,2,rain,bike,9.823319610723782,WH_South,,46.25617993729291
12.731080470795781,3,3.8750422643837927,14,4,clear,van,7.811636194040938,WH_North,3.852727227729444,43.85549197579761
7.744488633116233,4,8.768803928435947,9,0,clear,bike,9.272124195279817,WH_South,7.825847474598447,58.61430934159232
2.740280452724506,16,4.169419492797452,18,4,rain,van,8.808117357415405,WH_East,8.19909097357496,50.24542630904352
4.785577381824404,22,0.8752615457879762,20,0,clear,van,2.9533495614627863,WH_East,3.6762973182063816,64.71035145990734
3.659893207122422,15,1.022049689913919,12,5,rain,truck,3.4280213065858884,WH_East,3.760241935553555,47.00145272387656
4.603135254366512,3,3.555239756557085,18,2,clear,van,10.276526384639073,WH_North,6.514438435418867,16.89482656793955
2.008914051846659,20,1.4543081750671116,15,3,clear,van,4.887299912216221,WH_South,4.91715569944452,56.94314499456138
16.78261983669334,12,3.6534809780463227,12,1,rain,truck,2.1326897571619026,WH_South,2.978125124089898,83.34753214849644
4.004113628315993,2,3.8083521129366136,11,0,rain,bike,7.712521046903826,WH_South,2.327020674983488,29.78640781209478
7.9853138041983005,10,2.3564817964800286,14,0,clear,van,3.579806198938211,WH_South,3.0905157959741123,46.93193626939558
10.23439665088853,6,11.826325318405235,12,6,clear,van,7.712138184807912,WH_South,2.685427451122914,41.66853964863933
14.653871289332525,25,5.019483517517801,15,0,clear,van,7.080762272262136,WH_South,3.138513343266303,91.29857381580491
8.153716738288704,23,7.753261667538397,9,0,clear,van,7.957648948733722,WH_East,6.931353496957175,88.34474528758983
6.736762677196468,3,6.3243497992388225,13,3,rain,bike,11.921205431495029,WH_South,4.70951701374381,47.24725091368511
8.362316108540188,15,2.989028764281613,17,6,clear,truck,3.32771201159473,WH_East,6.216429932464336,67.97332916147123
3.8845619287119604,1,2.897611926301136,18,0,clear,van,11.707637282863487,WH_East,5.767988839062072,14.595826134447469
4.106703003112359,12,2.6957217363950496,10,1,clear,van,9.161550171763919,WH_East,7.484602505270027,43.031832397557814
6.638865808329419,4,5.348261617244795,15,3,rain,truck,10.264792787828785,WH_South,5.640851032910433,43.010514639135884
1.4616694957588492,19,2.1059030464731663,11,3,clear,van,9.629960652667945,WH_South,2.8423659782785533,54.18703819036089
5.12064253477477,2,11.106417111485305,18,1,clear,truck,0.2755470338305326,WH_South,6.990315134250394,30.847690991582486
5.878682681072325,23,1.96972017089455,11,6,rain,bike,6.044268638235015,WH_East,2.6366903659123087,82.46458574242259
21.51510405274446,6,3.8579368686844053,16,2,rain,bike,1.2691865946693865,WH_East,5.189794202045426,129.5654253368319
15.733217896924904,7,2.828208384709932,13,4,clear,van,8.081747423815996,WH_East,3.4764277405237647,46.12100247777714
10.21257901824271,23,2.4216392331535617,10,3,clear,bike,0.715729293918169,WH_East,6.879001915236881,119.05281690277327
12.91392997647553,23,15.190083243203002,15,4,storm,van,0.3983818785461053,WH_South,4.126767302449299,132.66211700561388
4.082681005302117,3,2.441620506848354,15,6,clear,bike,10.880765565754931,WH_North,3.2597846295946353,17.281188160016907
8.498488699156983,3,2.6823550893160175,16,2,clear,van,11.004691452042909,WH_South,4.237985419361891,33.32648788316613
12.0084935035337,22,2.085704068704987,18,5,clear,truck,7.485247889998837,WH_East,6.043914408131336,119.18544473411353
4.108420857021823,25,3.416881971508835,16,2,rain,van,5.519123507574124,WH_South,3.2919637707741174,72.09359928587011
2.825093337841155,13,3.0928269488843854,18,2,rain,van,9.9419296960382,WH_South,8.813101360377665,51.80746476620725
9.587317373412434,5,1.5166785941021268,12,0,clear,truck,11.570649596015409,WH_South,4.168112642272996,52.36441638586431
3.0667140996092015,4,2.4668476857312287,14,2,clear,van,0.6514975209688272,WH_South,4.527804135373299,24.359649154907075
10.76311482797801,7,5.08746962354424,13,4,rain,truck,1.2423262817197922,WH_North,3.751303407257504,76.59756207823341
14.511696535529904,18,6.813396819778375,15,4,clear,bike,10.86105615720121,WH_North,4.750739222564419,105.98293379439312
4.199489078099449,3,3.3763675055085702,8,3,rain,van,1.1927586427527697,WH_North,8.063835828997503,27.474877059880424
4.424332259118382,17,3.4600960661147453,18,2,clear,bike,8.570032682798999,WH_North,7.328816117529474,58.7050318395969
14.27004040962511,21,2.578746555723182,14,1,clear,bike,6.6421239649161326,WH_North,4.470918909008457,103.17261717138916
8.18044497986889,4,2.335651363216711,14,6,clear,bike,6.259635637323351,WH_East,2.2124460052573713,38.08422465715097
13.200344584928697,25,1.7442050255212347,19,2,clear,van,1.1717050350783431,WH_North,9.189195433557964,97.18494429871923
6.792333223119243,25,1.1166636794353155,13,2,clear,bike,8.744494067460185,WH_North,4.707313634572812,72.23428307110811
7.113906675539317,8,2.0305106804199338,13,6,rain,van,7.224125404445,WH_South,2.736564084347708,41.491893549985036
8.051919630385601,3,6.251597350275267,14,4,clear,van,11.146104154619962,WH_East,3.6335259092362446,33.472801958991724
19.08078088267522,9,2.4667663924884446,20,5,clear,van,5.771913401500681,WH_East,3.1191263159212888,70.89452940475775
12.61600559585957,7,2.605922974844547,10,2,clear,van,10.948993879393576,WH_North,7.644424007864369,57.83512994853414
5.009363740082014,7,2.5706540487335436,9,3,clear,truck,2.2067223805790115,WH_South,8.987099467695181,61.1153314543735
8.868570367542796,24,7.935095316622012,8,5,clear,truck,2.4466900471763604,WH_South,6.515112315165993,129.1166179427823
6.49802077972943,4,1.7334821701516547,17,6,clear,truck,11.38774163509831,WH_East,5.647715239150605,29.998748980951085
5.750794526639804,8,4.030689031382087,7,5,clear,van,1.1925724017067738,WH_North,2.7672139438657943,38.94258695668447
10.588484364394061,20,3.1647488700771182,16,3,rain,bike,2.8384732497641707,WH_South,4.477287540798214,87.40241408710779
9.36115160649021,2,3.481797827788725,19,4,clear,bike,1.696237206670716,WH_East,8.713204130303035,66.982735393938
4.232939307522262,2,3.9394664091215352,16,2,clear,van,8.516767602669551,WH_East,3.9024307985297946,13.224885786796595
8.064121470420547,8,3.4556668826969275,9,3,clear,truck,9.362886210018685,WH_North,7.229540928762505,49.32867797734724
5.637269917820577,25,5.784114731400346,16,2,clear,bike,10.817704839211542,WH_East,3.7603227366064034,84.23998835027511
10.201403028115674,21,3.2528120566361545,13,0,clear,bike,1.7616707553350675,WH_East,3.210355992645842,83.66215533291536
5.476697427024403,24,11.257825371267963,7,6,clear,van,3.860860071585868,WH_East,,67.16022574211252
7.140741070878754,22,3.425118115088538,9,0,clear,van,3.8063445140268657,WH_South,7.033155538150015,72.50710304203363
5.852642605313296,3,1.0076019312521385,17,1,clear,van,11.681666254981009,WH_East,8.259353789010726,24.781807869103766
2.2656700585050134,11,5.190433660900106,14,1,clear,truck,6.9948943862833834,WH_South,3.556404401286887,46.97813734384747
18.55028164647827,14,4.368709967937306,13,1,clear,van,4.049977505303639,WH_North,3.52230537337464,90.63242534533973
8.010532920150107,5,3.396622386876934,17,3,clear,truck,3.5848351055121714,WH_South,8.796149990809855,52.65271749251757
18.91282407339895,25,2.7684845567529464,14,6,clear,van,3.828179579522008,WH_South,2.132420008820577,115.59006630091623
8.230604906125905,16,0.7556074025232243,20,2,clear,van,8.54617368344763,WH_East,3.0204082751306363,53.88292848160073
11.697816125501635,22,0.8497689044455243,7,5,clear,bike,6.591395189871382,WH_East,3.297845727361851,91.34540731036893
5.229515351733705,7,10.519844799991668,11,5,storm,van,7.483325993993878,WH_North,2.3593405822617517,48.95734369041359
5.315429165679971,18,2.203722944948773,9,5,rain,bike,5.6460606458404445,WH_North,6.354853085876755,67.5380649442957
7.74199873381641,3,6.526914363929418,12,4,clear,bike,0.31507162041478676,WH_North,5.194312250469689,51.64558500070008
18.8177903911537,1,1.0809893739028755,19,5,storm,bike,8.245294831799516,WH_North,6.035162057380239,129.77869312734302
4.334445106005436,17,1.595519188405792,12,5,clear,van,8.689520659420293,WH_North,2.3407508112981863,50.15773637726914
1.8547766606372005,2,5.339054956207011,11,4,clear,bike,2.162984693399949,WH_South,4.195002554861749,14.591545156942468
14.083287397668899,7,3.0902415983174762,8,3,storm,bike,7.792478375762269,WH_East,7.755986528603804,136.50591837009637
12.112332717663211,20,4.837349856182459,12,0,rain,van,10.53056583394658,WH_South,2.563881423034535,84.74828964565394
6.06494472682083,13,3.2885844171740177,10,3,clear,bike,7.233222820838731,WH_South,9.405615434098562,75.64040744531754
22.92798892569243,10,2.870911643625692,9,5,clear,bike,8.022491151993908,WH_East,6.285159433511698,121.62913573699018
23.484622706056193,8,2.0626041197954517,8,2,storm,truck,8.408548102776434,WH_East,7.579023891742129,159.30115993018512
2.1433101527720932,17,1.4393593817953587,15,1,clear,van,3.8920219256726125,WH_East,4.193140792962453,55.65525005556584
5.149606081738573,24,8.863049589124381,16,4,clear,truck,1.8515430987986812,WH_East,5.74612712494244,83.08974226713534
7.708144591359135,19,9.945462075175017,17,0,clear,bike,5.671816868862395,WH_North,7.431233378130594,61.44511972777944
10.039945304999755,9,1.6046536384089056,7,5,storm,van,2.7815532062388435,WH_East,2.1725298324922226,55.7329523442831
9.1749630354937,11,1.5328743431556664,19,6,clear,bike,8.243921017693545,WH_South,7.447948823555689,79.03951768583258
7.992301253287917,3,2.6027245502574434,14,3,clear,van,8.57908633171975,WH_South,5.679326436851355,34.17587174046107
3.895524357458493,4,4.213545734310081,14,0,clear,truck,0.09818775258734913,WH_East,3.922361222489839,23.077303389155087
10.775962362222096,7,2.923341333672562,19,1,clear,truck,11.450414738889517,WH_North,7.543077246417668,60.55822421486605
11.131145717979303,10,4.709887609649273,10,0,clear,van,11.100020227348248,WH_East,8.15216891263307,59.80612811393684
13.524054887985013,25,3.20760879756493,14,3,clear,bike,1.5832669227808558,WH_East,1.9321652116680161,88.1871566439466
3.523129478553013,22,3.064113214156003,7,2,rain,van,5.733534500176473,WH_South,3.246482164080465,63.25184030500007
6.971548468593557,3,17.978113757731585,13,5,rain,van,2.508275766050998,WH_South,1.3572207985793718,35.38223617781736
5.878013150902213,9,2.298732131763612,10,5,clear,van,11.567014308023992,WH_North,6.675993681483729,37.856011757910814
3.476714474748364,2,10.464230527204403,9,3,rain,van,6.792391976019979,WH_East,7.338313087896104,15.315866114317682
6.903300678333829,2,9.14131407831733,15,6,clear,van,8.40191299291187,WH_East,1.0,30.60240601399329
4.031348100197709,10,4.7249900475707465,8,3,clear,van,11.73462562325675,WH_South,7.96132309500422,35.87243086194287
3.077820778486256,24,0.8621790756552598,20,0,clear,van,8.076014158719587,WH_South,4.356295534264184,69.72660519913104
12.201864729322565,5,3.393087396160115,10,6,clear,bike,10.44930073595424,WH_South,6.825932148087553,79.62791106267512
6.044325700174775,18,2.315703825959481,8,2,clear,van,2.8866243381327283,WH_North,6.42443833767816,64.9371825324833
4.987175496801214,10,3.3671392075512365,13,6,clear,van,2.7526971019192166,WH_North,4.138708289899899,37.1562975079343
15.409779382403475,14,1.5776292497043938,12,5,clear,van,5.294358909753342,WH_North,4.707441245400845,57.775580161442306
11.323654660746424,22,5.6371609681613,16,6,clear,van,10.57772217977103,WH_North,3.3601710183951474,90.5906106232764
1.6969940714339882,21,6.615990481278897,16,4,clear,van,0.4694425815692935,WH_East,3.481267690296284,50.46436740806871
10.078517478428862,21,7.530918487364622,15,4,clear,van,5.2966050107928115,WH_South,3.4930170333424555,89.18578357031281
10.050540524102882,11,2.5407895991552287,15,1,storm,bike,9.898895040004538,WH_South,4.190004693238678,101.40240037670867
6.725641152105444,2,1.5815453340367818,17,1,clear,van,2.129431118371381,WH_North,7.881000144893786,23.792452872149767
6.567878646261844,25,4.246847706153299,16,2,storm,bike,7.388705285661709,WH_North,4.191976263039086,84.0134646817878
2.4731460787013058,25,11.350389102565112,8,2,rain,van,0.8395449332845053,WH_East,8.20495023313968,74.73860852190282
22.780604695259576,22,3.485364898661312,13,4,clear,van,0.12445908601178024,WH_South,3.1356355567663785,122.48264633830851
6.8867380442367265,12,4.556742299807873,16,6,clear,van,3.8268272910624894,WH_North,2.2594219577677888,42.3412562951752
9.760670840519868,8,2.8166650757620366,10,0,rain,van,9.66772143866354,WH_East,7.547651310630631,57.91143342603242
7.124712162498001,5,2.333970409755649,19,4,rain,bike,0.49603316607630266,WH_South,8.220772713045475,61.12106688191273
5.041827933011113,10,5.263483958528693,13,5,rain,van,4.377590950309077,WH_South,1.5965338019766095,46.68869854140314
12.74196825033002,9,3.0825379359642606,11,3,rain,bike,8.743567610633715,WH_South,3.5942051321480704,74.73713373923778
8.708448100593749,7,4.403792220702903,12,1,clear,truck,4.429602906922979,WH_South,3.767608879737743,46.04492807560247
6.922918296272016,24,4.736293179372025,15,3,clear,van,5.7456791726584076,WH_East,3.361908089046189,67.60253896935087
9.699447383687069,17,4.234485306385525,16,5,storm,van,6.004191937367867,WH_North,4.262447061792834,70.87121503676141
7.5338675942124045,6,4.906195153449857,10,6,clear,bike,10.895585200756638,WH_South,8.108828695311317,64.84502379739195
19.637427176534498,16,1.8274032810732446,9,4,clear,truck,10.510700036933745,WH_North,8.17400360156669,115.67764090000155
12.496106265303325,18,1.7509866876414892,8,3,clear,van,0.7635033148484403,WH_North,9.393362164132549,83.14494975875488
10.631789093190568,14,3.222523909568321,13,4,rain,van,8.306524480207589,WH_East,4.5905145273866825,53.652760379283876
2.7015463193366003,24,3.277257930041372,19,4,rain,van,6.515033377097167,WH_North,7.920701242721979,66.13287337998938
10.84662586606736,25,2.3033717352524237,20,5,clear,van,4.2542402800581325,WH_North,2.570761712833484,76.15533174408723
10.690964552210636,11,3.930238878983426,14,1,clear,truck,5.910577221685925,WH_South,3.444275114087482,58.76505557540481
4.080791460995104,12,6.269848562136371,14,0,clear,bike,10.557665248544552,WH_North,4.142462171918028,39.36903138948483
2.65514300202353,6,7.623673284716081,14,2,clear,truck,9.276696560207125,WH_South,3.465386703733717,31.73534998023557
12.204588969655275,20,8.922563657543067,10,1,storm,truck,6.816871133690887,WH_North,6.434747317373731,114.33899568146887
13.080798485579862,24,1.3226520315804482,12,4,clear,van,2.107244714229179,WH_North,3.4573819135596935,85.35430240664967
5.333368421148462,17,1.4709390382936767,20,3,storm,truck,7.423879859628391,WH_North,4.724843249068136,83.31655764806189
5.178470311882796,6,2.710812009713735,15,6,clear,bike,5.976289091031223,WH_East,1.0,30.91239109478494
8.61942302583345,13,3.512052339488218,10,5,rain,van,5.3625893538994545,WH_South,8.262746495910141,61.32754418284588
6.03189174721683,20,2.809783396560672,8,1,clear,van,11.325958107999986,WH_North,8.31665120786849,76.35757021078471
2.6113763470914164,2,2.2550056283011526,17,5,rain,van,11.911564937070462,WH_East,6.789023895363264,17.130064039686296
4.0491142841090975,15,2.6829239659798305,19,5,clear,van,11.416312161044154,WH_East,7.258889054317665,49.18011547622372
9.552878154317572,17,4.656758828143591,8,2,rain,van,8.866504517241736,WH_North,8.664994553698484,85.19633454301295
4.206420946816184,14,1.3090010476164384,12,0,rain,van,7.186410075732755,WH_North,3.830058999682349,45.356014564309376
13.456620297617883,17,17.12175745986724,18,5,clear,bike,3.8331997476305415,WH_North,7.853782936678578,118.2450895991511
10.591253061107189,23,3.3692678998683507,10,1,rain,van,11.366169088994821,WH_North,8.56574128705573,79.74366864333444
9.777981519581811,4,6.928152450238721,9,1,clear,bike,5.467443097683336,WH_South,7.957644423261221,60.50544723681113
8.512330788433761,15,2.21222008252865,12,3,clear,van,2.4195607612006955,WH_East,2.8003589163106297,71.7535322961217
4.893620360871796,20,4.963170323960761,12,0,clear,bike,1.328884736109929,WH_East,3.712019196074498,58.45873880452484
11.435280353527737,21,3.5610795774321566,13,2,clear,van,10.02941336050984,WH_East,1.9628068219612143,76.63724260146546
4.80220106514683,12,6.0482312608572935,20,1,rain,truck,3.937976459000744,WH_East,4.20113394297907,69.07530496898578
13.883968931352715,25,2.889106132366896,20,0,rain,truck,9.19466403404435,WH_North,3.4222713539206926,125.20643180380156
17.929800633328902,9,9.836446295105144,15,6,clear,van,7.5287005832386225,WH_East,2.4462486434435426,67.52083404926566
8.677786245081846,12,1.1683130920643052,8,1,clear,bike,3.4022722074704066,WH_South,8.389956429442114,72.5825803129659
16.61142964152708,21,6.453106747602164,10,3,clear,van,10.208032224440622,WH_North,6.656621703923596,92.62649824214638
4.087667635555847,11,3.6078204223044317,9,5,clear,van,10.138497481826988,WH_East,7.1009029038829725,39.79726204774632
10.660051261005531,9,1.6277054295663986,7,3,rain,bike,2.0618788887565667,WH_East,3.4941762350344097,75.63028084376133
7.8712174802180765,14,13.01947233942077,12,2,clear,truck,1.4609570403099363,WH_East,3.637628109902303,83.19174691914586
12.324399944252448,16,12.110688485571576,7,5,clear,van,7.206123560962514,WH_South,3.2558575903259888,75.76303148016203
1.777953701675228,25,0.777470543844934,15,4,clear,van,2.800898486770236,WH_East,5.441092930903815,60.486714562687084
11.90866791966651,16,3.7574820711205694,10,0,clear,van,3.9862541855201608,WH_North,8.158642653485645,79.28639979000474
5.201456724491256,5,5.44100501011715,17,5,clear,truck,11.240593637421052,WH_South,8.222444249334702,42.748367533709725
8.106770400616536,2,4.52308085082557,14,0,clear,van,2.106656313750994,WH_East,5.055928364482752,32.70372404516057
22.56247623240417,25,9.591437043525127,20,5,clear,bike,5.645914097225459,WH_East,3.692712045586099,144.41677490032288
10.866789380482277,11,8.292428713176378,13,0,rain,van,3.538849477371491,WH_East,2.1404852137318064,51.186749918813
10.053187322690084,6,3.9973480327136155,9,0,clear,truck,4.175167829174816,WH_North,,65.88453001317217
9.582194528941734,6,16.34582525556096,19,0,rain,van,4.441104710768101,WH_South,6.8184274768327615,54.04002849739281
14.707566903765443,3,6.396766100704699,11,5,clear,bike,3.119960846767712,WH_North,5.577287707310704,78.50403982366971
12.565674466365039,5,2.5960987914489726,17,3,clear,van,9.161898247075944,WH_North,6.896598447135555,45.702488395678294
9.644348700775113,20,2.2554661807313345,17,4,clear,truck,9.742453466815023,WH_South,6.452480401425792,86.50138479278331
8.957195325175858,17,7.927510501179027,19,1,clear,bike,6.474207262344014,WH_North,5.306665723407066,83.24414672184645
8.60877547064107,15,1.9058575055176536,15,0,rain,van,10.791641265329675,WH_North,2.8673620954960213,48.87245499991412
7.612558459082059,1,2.4922432396773404,14,5,rain,van,1.6398102380163087,WH_South,3.1105625913909365,23.883246361107407
3.4816376387399837,17,2.807514790934802,12,5,clear,van,6.0791552116621475,WH_North,3.978523466938407,60.36417935009599
10.733049210159098,25,4.258672002986756,13,5,clear,bike,9.941155431947958,WH_North,2.036844782407612,99.57759498599296
5.539783516271033,24,2.899618411017348,17,0,clear,bike,7.450961372346777,WH_South,8.85432804360947,90.94689690884938
7.06172624981485,10,1.3206451569531996,14,6,clear,van,11.820039349679837,WH_North,2.94267803265035,33.82190389090195
13.050686804863073,16,7.489153820594375,7,3,clear,bike,7.148928926598504,WH_East,3.36312683791911,90.31346102796698
7.721268210087074,8,2.5015760315070397,12,1,clear,van,11.520343997150686,WH_East,3.9555547464216407,39.627397233724835
7.362117611310698,23,13.652937339113615,19,1,clear,van,1.1844749383959847,WH_East,9.075814806430829,88.06471952839816
8.693338011907128,23,4.107411419236973,9,3,clear,bike,0.5114981500163074,WH_North,7.845997388334707,99.03827196117592
6.515723636550728,6,8.06106143134204,13,4,clear,van,4.278168519564999,WH_East,2.802564541117563,26.235599286497845
22.291287836830076,13,5.163440185315467,18,0,clear,truck,10.096000351426046,WH_North,8.181727427628802,97.28118357784908
20.589706334730653,6,8.335632432255924,11,3,clear,van,0.606113012251718,WH_South,4.167327462999322,76.2429517532092
20.289591419643525,16,4.949256173874487,16,1,rain,bike,3.027549921260603,WH_North,3.628751716322883,134.00270534073005
9.600803939456036,8,3.9142282508621062,17,6,clear,bike,11.820221234417236,WH_East,7.919390028431649,71.15077043617045
5.31572615569125,18,7.136795487275215,11,4,clear,van,7.6915813602280405,WH_North,1.73976951433391,62.97789002923739
13.250580154198472,25,18.919260556346217,19,2,clear,van,4.71731452180193,WH_North,,122.53873437407125
6.546961642831867,22,2.7487386754200376,13,2,clear,truck,0.9343403732029412,WH_North,4.505913907961437,100.11218010077954
13.913649600005881,5,5.7918334031851355,11,5,clear,van,9.062905028407057,WH_South,1.6960650682217682,53.12616287904127
5.1565287905132315,4,3.3079496429687314,10,4,rain,van,11.10367253804883,WH_East,6.465065473200899,30.393039120447977
10.006099457426409,21,4.731495445360807,10,2,clear,van,8.8985230054728,WH_North,8.698315586022744,87.30229940014384
15.029880570967823,3,3.419556930866194,14,5,rain,van,1.3969364575507943,WH_East,4.057008712972289,57.80826462714029
6.7747803331919805,11,0.7331389585228542,10,4,rain,bike,6.382347170348305,WH_South,9.023792589719326,61.72717409372569
6.7597220091906,25,2.885993758257139,12,0,clear,van,4.833252388194474,WH_North,3.176309472298054,83.82914619580377
2.8586067614770285,12,6.6838124511475145,16,4,clear,bike,10.848526329228699,WH_East,3.9809601569805646,44.573310679084024
5.259605687317137,1,1.9432374361206015,19,6,rain,van,9.14766977996548,WH_South,7.299942081577214,18.844783948299852
9.491689849993268,25,6.325964481296371,16,6,rain,van,9.623656952819303,WH_East,1.4635130986699088,101.04061230445546
10.340107828351634,18,3.775475802187866,14,0,storm,truck,4.964861959207548,WH_North,3.941534397248777,97.31799288949499
11.221246615679274,9,2.9036153367787736,16,6,clear,bike,0.29849608848579123,WH_South,3.124838066744434,68.20989002312744
2.098249855027948,16,6.259315096980709,12,6,storm,truck,9.112783029493357,WH_North,3.6707795739342584,58.614945678527654
6.56638651661134,16,5.347996904874166,10,1,clear,van,7.599837075550889,WH_South,7.285589802105059,62.16921634537365
3.1103063713300045,14,4.456585767281882,17,4,clear,van,1.6977911393926557,WH_East,8.925393616660239,64.41239066541371
9.214206970426067,25,6.760725061667403,8,5,clear,van,9.081295754823438,WH_East,7.0723042163219505,88.70627388877895
2.4758393625235158,20,3.827335325976283,19,0,clear,truck,1.7916066494173326,WH_East,9.338746856481107,70.7972172120193
3.7742251391361887,7,1.0499407950443822,13,5,clear,van,8.876215386097707,WH_North,3.6719480126238344,27.284859498297216
12.443578142447969,25,2.5480169470526848,18,2,clear,bike,8.563368735621477,WH_North,8.049927730076305,108.83168425360527
5.654737272869576,25,0.9388667689471739,8,2,clear,van,0.0902081555674421,WH_East,6.736293437999207,80.47625788643892
16.690577809951428,2,5.260128090956799,13,1,storm,truck,9.297316555688734,WH_East,2.6119985896731728,69.61536771571078
11.390454396693922,8,6.217325855297865,12,3,storm,van,4.891912279796831,WH_North,5.240779907366596,74.79888429655577
6.798265676782874,16,6.4185457252377764,11,5,rain,truck,6.078997568189277,WH_South,3.7899566054635736,66.90639502416303
13.565735336334363,22,4.675641111372738,14,5,storm,truck,11.576304735651618,WH_North,2.7434254562993643,113.19967466029013
7.1576832014006895,18,6.537452676395128,16,1,rain,van,11.0381913213694,WH_East,3.4248745742286872,58.055970705659746
12.042328015243728,15,1.1011748587088226,20,5,rain,truck,4.5920169886436675,WH_North,3.199695745634196,78.05466254730149
5.09306342802271,8,3.0793026368554446,18,5,clear,van,8.514879576081983,WH_South,5.789330268830775,27.879615011928458
14.012462284118584,3,1.2331338909120186,10,0,clear,bike,6.1570287876950065,WH_South,7.3790892036809055,60.58854645552462
2.6542873060824337,23,2.583562527374868,20,2,rain,van,9.866392999486518,WH_South,4.3512842655711745,63.212881405608556
3.7703676534270882,14,10.292095929435549,13,0,clear,truck,3.8358841216074904,WH_East,4.471675731509728,48.16973900131563
4.22670340586756,12,7.136810926669328,13,6,rain,van,5.651250475149757,WH_East,2.6687185089915353,55.20022704316881
5.4464917699603,25,5.27827734745493,7,3,clear,bike,1.3489158285560086,WH_East,5.240223453650576,78.92345537541959
9.690092170670399,5,2.923746494610919,16,1,clear,van,11.120167780226527,WH_East,4.740486873050227,43.08512532824774
7.9717781611033764,7,1.6561301583106653,19,6,clear,van,10.808626980149747,WH_South,6.308111972905926,44.948501610602136
12.12131126701281,22,3.784521196597346,11,4,rain,van,3.312748577157103,WH_East,2.651767817241013,77.4608603717514
15.147625353654645,8,7.224464273664943,19,6,clear,van,6.995679472087742,WH_South,7.535111257504697,68.59623112993171
2.4378854154556846,24,4.423406242877015,8,5,clear,van,4.540346264978843,WH_South,6.594936299427163,75.10447302210216
16.1764340620996,22,1.0941922803622168,20,6,clear,van,1.8695431861076899,WH_East,2.423964248334169,97.07520991865118
7.061148139242475,3,3.572364237430937,10,1,clear,bike,0.540276323937039,WH_East,8.000601616738763,56.81517457362561
20.070540723692922,12,0.8699411316034953,13,1,clear,truck,9.873986938086702,WH_South,4.447443546657608,88.1184789396288
4.946533835759981,19,5.829485133528933,7,0,clear,bike,3.4696598271720753,WH_East,4.512732702476004,70.50552618583811
1.9171731560391576,13,2.043971188003271,19,2,clear,van,6.18530230158812,WH_South,7.849665401253184,37.999037917952855
11.464073716069208,6,1.4103177309486903,14,3,storm,truck,10.832195279394124,WH_South,1.7354813223678174,73.29088903198526
11.057527414918393,2,5.885851757666839,20,3,clear,van,0.23862715937345724,WH_South,4.65897843675031,45.964652381710856
3.840178768193549,1,4.911426779393012,12,4,storm,van,6.568743448167865,WH_South,3.074530386879186,16.327917332243935
4.110312519997219,5,3.906646266923833,7,5,rain,bike,11.46591678680694,WH_East,3.27754070480875,33.515352163602365
12.639021962447519,7,15.397352252868577,16,5,rain,van,9.711413711344516,WH_East,2.8900570157136958,47.27167672050125
9.962989355498399,8,5.17841945595857,9,3,rain,van,2.6317345024794134,WH_East,9.819650307393234,77.49079192068513
6.63080386249417,22,2.113890627857707,15,1,clear,truck,2.41051066318189,WH_South,5.65210609191617,78.93756262698176
10.552105062727879,13,4.775232707210055,7,3,clear,van,9.14983819169225,WH_North,3.386474392453353,59.27432575685747
9.392523825204911,4,2.717591091064831,9,6,clear,bike,0.9567667618423124,WH_South,5.789826009332278,64.04052402663302
4.411565373602271,3,8.05853014164481,15,5,clear,bike,7.192348243633047,WH_North,1.8602203484520097,24.95592624603217
13.177529661079982,4,4.041775375324802,16,6,clear,truck,2.8092295823719504,WH_North,3.24440933163168,56.85488012396481
11.75556997516675,8,4.331640335996006,9,3,clear,van,10.071086445413453,WH_South,7.314226115521786,61.1962019412962
8.08113124639052,19,1.2096633682736329,9,5,rain,bike,4.5529935726935005,WH_North,5.999987772056961,100.11806116491222
12.643723525956599,2,3.4658091754683107,19,2,clear,van,4.979669165008068,WH_North,7.328694492033646,39.65699838491984
21.46780880380455,11,3.1918921838071004,7,0,clear,bike,9.532984386621585,WH_North,4.206071641900882,103.88910946982276
4.076969531058653,12,1.6210118959127504,10,5,clear,bike,1.05705216253856,WH_North,6.929562409813532,35.64421784458712
6.816853736479363,4,2.8432533989521414,20,0,clear,truck,7.211535741013977,WH_North,3.365850310190529,30.868774053492928
7.0262325341718235,2,4.504273940130671,14,4,clear,van,11.551437511589132,WH_South,3.4788052849662208,20.522479922532384
12.486660745398524,6,3.3100234715256445,7,6,rain,bike,7.804508898112392,WH_East,2.8542627823271314,58.31266878017513
5.403287792729939,4,1.235567298831712,19,0,clear,truck,0.9815042491194448,WH_East,8.000365135590714,28.635345576590204
12.09210351365643,20,2.7421662679163985,11,5,rain,truck,10.902392723791268,WH_South,,94.01841919544212
5.81960306680174,23,2.3926048017554407,17,6,clear,truck,1.547364082387865,WH_East,5.516443610221469,91.2924074085986
3.7581426231222115,16,3.8017423169880664,15,4,clear,van,4.426160629088848,WH_North,3.9500281342765993,52.35199908708086
8.36886695763598,19,3.5249730587460246,12,4,clear,truck,2.1801430917484566,WH_North,3.4741510543902656,90.64867819469802
5.7390319157029195,20,2.488974694804769,12,6,clear,bike,8.662233035144723,WH_North,2.0875843681337725,70.85913283743326
8.867904346425803,22,2.421859393594538,14,5,clear,truck,3.178700493248876,WH_South,2.66455947019348,80.85361657984957
10.137509819327915,3,3.480081842916008,12,0,clear,van,3.1333090201006883,WH_North,4.840522707179132,32.24050285592641
2.5761960953788465,25,6.51484701600451,9,5,rain,bike,4.962713564939534,WH_North,7.727761137422001,74.58023482523694
6.165914024332562,12,4.035169732511159,17,5,clear,bike,3.433135395967206,WH_South,7.087486389487583,64.05643914982964
8.372982315184078,14,8.99032076190977,16,1,clear,bike,9.414690211645915,WH_South,2.992611636933754,77.80670680997758
12.674384389080089,20,7.339228184993434,15,4,rain,van,6.320198767839248,WH_South,2.57633428872876,84.1947301917208
11.80495622395186,13,9.465728479847186,17,5,clear,truck,6.67104947117624,WH_South,6.152365889667129,91.61812663428472
4.665200891241783,7,8.654153302289874,14,5,clear,bike,1.9395143914286583,WH_East,3.010988596259273,37.27510655689492
7.239758145620364,1,9.91515764724226,19,6,clear,truck,10.961874553892015,WH_North,7.029955345603137,31.90180325046392
10.44365615251629,5,1.4811221836662538,19,5,clear,van,4.186627047452291,WH_South,6.413775231847241,50.022340818198224
6.935646033624423,3,5.223660464424737,20,0,rain,bike,4.528560551895296,WH_East,4.590020281651462,44.75838538954161
4.968999256741757,10,7.789871677337855,8,3,clear,van,2.90867109639022,WH_East,8.146041095907858,39.63619467609858
7.789018608909393,20,8.840285082663454,8,1,clear,bike,11.522251006077541,WH_North,5.413849438450938,81.78582717002416
9.880280843852983,9,1.9357538378324732,13,0,clear,bike,7.284632869955898,WH_South,3.8982546642167883,67.27364785597756
4.370005034103826,15,5.260185895379378,16,1,clear,van,0.7314743673006476,WH_East,4.479927576948985,52.06915758792702
11.097849858530159,5,3.499577144940568,10,6,clear,truck,2.311342633207032,WH_East,7.182191103273352,39.29662960382841
8.667189545190581,15,12.096814616439275,8,4,clear,bike,5.7653567635102565,WH_East,8.32335664892084,85.31054395717848
11.32861365831443,24,1.257211109903625,7,5,storm,van,2.254227272411145,WH_East,2.762872766349831,107.66375672777507
7.685001780366395,8,1.9376914553036102,14,3,clear,van,7.260427060409649,WH_North,3.7412706874187336,33.14888719617319
19.68007038375072,13,0.934780368325322,20,2,clear,van,3.6947666481553507,WH_East,3.760084468600385,90.80130379813225
9.769889162107251,25,3.673817826031106,13,3,clear,truck,4.195371805043287,WH_East,3.965672611637629,97.74153088350232
12.062180373074408,16,16.19476737451192,17,6,clear,van,9.439880948840907,WH_South,6.4788039827187545,79.29613732601003
11.072191472889589,10,3.2186462986852105,7,2,clear,truck,6.29247285926871,WH_North,4.783236120077153,65.83451137450395
7.182358198790786,4,3.563429150510244,10,2,storm,van,1.3563406336061723,WH_East,9.080503017525967,51.009102119307286
9.268180583105021,24,4.880106968679744,16,5,rain,bike,4.462736094962449,WH_East,2.5220816130758488,104.38819923238655
5.484781994294541,16,3.0605561888042634,12,2,clear,van,10.756103652784681,WH_East,2.7481664575845057,61.35260262325613
18.891565785555517,2,4.289706061247781,7,6,rain,van,10.15390612220665,WH_North,1.7892728166023317,44.420982489378666
10.398184443984992,14,4.369061247518687,10,6,rain,van,9.118106223620705,WH_East,7.364469876956122,71.90874048486042
4.778512240362327,25,1.8369568995285623,18,0,clear,bike,10.122325189819637,WH_North,8.329053282728148,96.1156792943895
16.532812834519955,24,3.108583952977488,16,4,rain,bike,1.0981072819171556,WH_South,4.1682538184260505,152.45984068259955
7.406223934885414,5,5.580916713889955,18,0,rain,truck,1.4660896965591865,WH_East,8.245641326383469,43.541119555449164
13.027021020214008,11,6.359840392982722,11,6,rain,truck,0.2236433911197513,WH_North,2.488463765465802,87.94878520378994
2.524207296098301,25,8.23959472898303,20,0,clear,van,1.5003282513668879,WH_East,2.0088647570050524,42.75876609847471
14.87234485333694,20,4.19882719390367,19,6,clear,van,9.882569702353242,WH_South,6.552441556683203,99.68371515466461
10.154010466510261,15,4.259066470433704,12,5,rain,truck,0.45514636420787946,WH_North,4.4884783017947765,75.31895837850746
4.530742467590446,8,5.613247368621642,9,3,clear,bike,5.582148416558209,WH_East,8.0383179498522,48.912295672842866
10.052446139000272,20,2.1894729450428185,20,1,storm,van,2.965395858992627,WH_North,4.182084441835248,91.41924207361129
17.84579369042726,15,2.1275150673108727,11,1,clear,bike,9.989986353019757,WH_East,4.614268500675721,106.73900081859543
5.588921674028174,14,3.0423842465240343,13,3,clear,truck,9.63438417066999,WH_East,3.0439231041339756,63.00476391171109
5.541663062993302,24,1.3600039583730275,20,5,rain,bike,9.191936698619966,WH_East,3.20113024347143,72.13623972802901
7.116605737034411,10,4.414217316966168,10,6,clear,van,4.5390767327972705,WH_North,7.460983814578969,44.76947260372528
8.326559360040909,16,6.919596269140201,19,3,clear,bike,11.107089378851084,WH_South,6.960733232692959,87.4933507682994
13.508179144586318,2,2.0197413297074527,9,1,rain,van,10.75030119765522,WH_East,8.12747372632426,58.674270349259004
10.478475220518442,18,4.502372287731147,11,3,rain,truck,7.809778880082374,WH_East,4.9658288962850845,87.3333312427356
7.112875727031643,14,2.137438745496733,12,5,clear,bike,7.35110858276436,WH_North,2.639367958016735,55.58151930374945
9.50008035201485,22,1.6297019553213374,13,3,clear,truck,4.043347791159753,WH_South,2.2498728915092476,89.54839597534337
19.46222619286811,9,13.997695803870482,10,6,clear,bike,8.83066354806153,WH_South,7.155334700672727,116.89557872220723
11.517995893641679,24,1.6461460108450743,19,0,clear,van,11.261874020520109,WH_East,7.209107379386765,95.91787297907646
7.576780904725865,15,1.3559149649507276,16,3,rain,van,3.7945818305489674,WH_East,3.962976862406657,53.46597002613066
6.9870198008748226,6,3.8585859336999224,16,0,clear,bike,3.431155121256775,WH_South,3.0420655528550147,54.516381522661845
9.177574839069784,5,4.006688280622527,17,4,clear,van,3.1629927435956526,WH_East,7.854874707994992,47.938423020643626
13.415640231459786,5,5.296586194769417,15,4,clear,van,11.797884469043733,WH_North,4.9045029593577505,34.912198700476026
5.0985328982789735,8,13.475316944646114,16,2,clear,van,6.483811664917775,WH_East,3.774979730426726,38.84342883173516
12.402617684752878,14,1.9270862157766868,16,5,clear,van,11.61082507020944,WH_South,1.515764002631195,54.686933046253266
7.486185069328997,22,2.2146496366881236,17,6,clear,van,7.408553420706083,WH_North,7.338154436272202,75.23556457259868
8.155680044270262,25,10.238589317053389,19,3,rain,bike,3.5215340976325726,WH_North,7.817916176443648,109.61641811351491
27.953482960709984,17,6.406971124979299,9,3,storm,bike,7.036750865084953,WH_East,7.9919041550192045,296.4713862401098
11.704884609142963,13,5.812768343277531,14,1,clear,truck,1.8653568786463346,WH_South,4.675876841859868,86.4266757791317
5.851855245188927,16,2.1969980660749115,9,0,rain,van,5.377203685356143,WH_East,7.3274382561642755,63.692569254842496
10.137223230474191,9,7.301806288214064,9,2,clear,bike,5.3145073716313895,WH_East,7.540762587719683,93.37274694006871
13.79116355767601,7,5.8254017913382,20,3,clear,bike,6.9184651566530455,WH_South,2.873517603116516,65.12029978700131
11.777168317776187,14,3.7911753421620737,13,5,clear,van,4.646901544658911,WH_North,3.1740231508767747,73.14472118436996
1.6647403282143272,21,2.2046098023115737,16,6,clear,van,5.461638142263741,WH_East,3.1504240820715808,65.79415393001631
7.957705313303204,2,3.5775810514109976,17,0,clear,bike,10.513862335953922,WH_East,7.566245791011987,49.868509131579614
10.390701017976063,3,10.526973015850224,7,1,rain,truck,2.1646950774744895,WH_North,4.472375125323598,52.3269582608528
9.918367200005042,5,1.5437624299904702,13,3,clear,truck,11.071788681548066,WH_North,2.866975902082464,47.20724747090485
6.147937164021766,6,1.8967476425679217,9,2,clear,truck,6.462498926196416,WH_South,7.914255871504319,43.9868227243971
11.89063732595568,4,2.139427554709481,11,4,clear,van,7.546479343323839,WH_North,4.341000001226929,37.636540729262705
14.90781383577867,4,2.490354801263738,9,2,storm,van,1.2511806753899353,WH_East,7.31214938409818,86.83924901327411
2.636919934365664,1,3.2837442778002544,16,2,clear,bike,1.743095019616944,WH_North,2.5638200758987133,16.2016186108366
2.4585738725421917,9,6.494786120695503,8,3,storm,van,8.79084811695992,WH_South,6.274176592327339,35.7584620763195
10.086255084395715,19,4.585916057049023,13,4,storm,van,10.807924065375296,WH_North,3.93978320800891,77.36442240262816
12.442998892752211,4,3.4645707224857083,11,0,clear,bike,6.226265228627879,WH_East,5.324623889417666,58.172658328863335
5.603851023331775,9,4.030520131651018,20,6,clear,van,2.0103151717243333,WH_East,2.451251609936466,32.532287674782644
1.745324631818845,25,5.13866681985171,18,2,clear,van,9.562983990049572,WH_East,8.206189479314153,63.69626459050871
8.036233402013194,5,1.0230678789870828,11,1,clear,van,11.010375000892697,WH_East,1.6172004723193605,28.220459025747456
10.003358494834124,25,7.029453286951345,11,4,clear,bike,8.042133451426729,WH_North,4.135946718264633,97.27583128996795
6.77360640021074,13,1.8617388935231525,17,0,rain,truck,2.194360840491088,WH_South,6.820435932675938,64.83060705490912
13.981459298765742,19,2.4340164188711473,15,4,storm,van,4.949641036629716,WH_South,3.446009798582887,107.13833415235669
9.658937054139681,9,4.21354663933052,14,0,clear,van,11.27803127475202,WH_East,3.870980782057104,59.694011213020715
5.231430695187679,9,3.149412477610802,8,1,clear,truck,2.2989646277031084,WH_East,6.305293916856798,56.40968248503282
5.576589188765407,10,4.668562968328635,8,5,clear,bike,2.0490395761556535,WH_South,9.831077283615127,56.27115918726718
8.139222386290172,4,3.666654048915528,15,2,clear,truck,8.421486208356988,WH_South,3.255217788930429,36.96852865118821
6.49770856344033,8,2.7114062156034375,13,6,clear,truck,6.517266360332707,WH_East,3.546306075925331,36.921004349676316
2.342592399988778,23,9.680666174143026,18,2,rain,truck,2.4568004133846064,WH_East,9.143400583775447,90.11323488377946
9.188801754236918,1,5.4501649398349175,7,4,clear,van,7.398230253693227,WH_South,4.06387381901938,31.360460738866113
5.668636413961581,15,4.102030633623728,9,0,clear,bike,11.240096544872198,WH_North,6.695051701637695,61.346443013889065
6.280154982611924,18,5.391177863517778,18,6,clear,bike,10.262360565635067,WH_North,7.092433515619355,62.08865640563637
4.05260723770871,4,2.026417296207209,20,4,clear,van,0.07838381679415729,WH_North,2.146122880130728,18.403288481147527
18.102214163164902,3,15.21588912854283,17,4,storm,bike,10.521361109608467,WH_East,7.502110178576816,168.41208292791276
11.318684744311357,14,1.5506186172962033,7,2,rain,van,7.522824268766418,WH_South,5.309203883553922,75.0310193247681
20.55836993208537,6,3.5938284712571416,7,2,clear,truck,3.205508546060813,WH_South,2.529920097637266,69.78881297639978
6.753098055108165,25,2.716927387850301,19,3,clear,van,1.1210372824729933,WH_North,7.0582458833372375,69.54176837464905
11.681617512433997,5,2.645631891618743,13,1,rain,bike,11.654476485708024,WH_East,5.4682453788478425,70.56966381913854
9.281394942351797,4,2.415775299514954,13,0,clear,van,0.34845212178827767,WH_North,3.6431870737373018,34.58081129955821
5.361504046102537,9,1.9344112165013083,20,4,clear,bike,2.215432709138588,WH_East,2.9956690341806858,35.624324790966284
6.711309344273269,9,7.628105691458864,10,5,storm,van,8.054970912199536,WH_East,7.350285664034826,56.59783564146105
11.30689012778574,5,1.42861871485865,10,4,clear,bike,9.095384746529275,WH_South,7.378081174195899,67.52031978554234
4.048718509381919,17,6.609412233305574,16,3,clear,van,3.1999618700285097,WH_South,1.3556260919573395,51.21433354876467
14.058235792756232,9,5.227726156913511,19,3,clear,bike,8.844845963844707,WH_East,6.575588363811033,84.13353105357668
8.844948187325258,14,2.5430806687601755,12,6,clear,van,9.182076843107088,WH_North,4.851292511902823,58.52622264122111
13.044681665099985,7,4.8202466485696895,9,3,rain,van,9.632722740270589,WH_North,8.095332504756792,68.48921017957323
10.025942185841785,3,2.972700169032398,7,4,rain,van,9.047062390319587,WH_North,5.1173185367582805,46.757456142994506
2.652193099646471,2,1.5361750038651658,7,2,clear,truck,0.39195071909394885,WH_South,2.8737228876557306,19.771654511662614
7.961306771745943,2,1.5475862231499193,12,0,clear,truck,10.707692966650306,WH_South,3.7504684639520285,36.51070914030411
14.22698731549693,22,5.253051057080832,14,2,rain,van,6.753354608336781,WH_East,3.6479933200218886,81.62613877893205
8.769552171883664,7,5.065734928485158,13,5,clear,truck,5.172573596516842,WH_South,2.507436864975672,50.06726051210493
8.082342286161326,8,3.9330216180840942,10,4,clear,bike,0.29320263074579955,WH_East,7.989210705487022,64.37573689036053
8.764587299081764,15,2.5242359489513015,16,4,clear,van,7.089606960285666,WH_South,2.796710364724567,64.6034283686175
2.2056523519548095,3,2.905768579182571,19,5,clear,truck,1.9531153329394568,WH_South,8.088536333937144,24.523740843670492
15.040231413715333,16,2.6435237738738118,10,1,clear,van,6.572093198452654,WH_South,8.220530279847576,107.58487913430412
1.4018480872415968,14,0.9773984356943238,16,5,clear,van,2.2705744928814124,WH_North,2.843306823684051,32.099877881539086
16.769433529109335,20,3.465570533358279,14,5,clear,truck,8.254988323977717,WH_East,3.119949898799413,97.41009469599437
6.463728325578582,4,4.786112057655023,16,2,clear,bike,1.0661479968407357,WH_North,3.527881280153977,39.56748824819216
10.426411373774853,1,3.4810228017227334,7,3,clear,bike,7.20458318978139,WH_North,2.2488193172882527,40.65438155960075
2.0610416382802197,20,11.454749189884753,16,6,clear,van,7.725616102915651,WH_South,2.108391068216523,54.18140023633121
12.367961404974794,10,1.6434644753045604,17,1,rain,bike,4.7429423465583085,WH_East,7.637934387150239,105.28239987557409
11.212698209989087,2,2.090132368484692,16,2,clear,bike,11.005864280171755,WH_South,3.4824742213102997,47.3066717524806
10.831758262708362,14,3.644114123051663,18,1,clear,van,6.318595040661552,WH_East,8.382826354131032,76.98169018546186
1.9884700757857638,12,3.9378573954642624,17,2,clear,van,9.006216875905215,WH_South,8.304328122144826,30.48854322537256
4.908891851515056,24,0.8773528434140149,20,1,clear,van,5.334181334758259,WH_North,3.296140189611532,65.34699463615371
10.056103675253233,24,5.062642599877168,16,5,clear,van,9.50057211902843,WH_South,2.13871291913056,84.5194108400863
14.815457936620222,14,3.9504195469441488,13,6,clear,van,10.768800779713347,WH_North,,69.82678942662183
4.442084059984525,4,0.7530865928243877,18,6,clear,van,4.955865403535642,WH_South,7.170362761876902,31.844973735223274
4.523842047762745,19,3.0596591221857317,16,2,clear,bike,11.608332884650485,WH_South,3.2405675102255382,59.3611757961321
9.682266234549923,6,1.885175527577365,14,6,clear,van,1.8375448351988517,WH_North,,40.58206664829919
26.580619235255305,21,2.417354390225523,15,0,rain,truck,10.15402682855407,WH_North,3.1917486244075697,140.9124874046178
5.422140815923433,16,1.3012553478602031,11,0,clear,van,6.31001753577369,WH_North,4.15275680091426,56.95944854878604
6.41579673094701,9,4.443010001727328,15,2,storm,bike,1.660947107170919,WH_North,5.318125428758162,56.146370563692
5.843046974319968,25,11.395784045151006,13,2,clear,truck,7.503988107506676,WH_East,3.609280926135806,71.95750008713283
7.496625134075841,13,3.9968897730133914,8,6,clear,van,1.5757837844718807,WH_North,6.250304590023882,64.3349464568023
15.465086281361978,10,0.7322971745581252,13,5,clear,van,10.649821952814307,WH_East,4.9414857590237915,59.81432435547465
7.736692733427957,5,4.054864316153539,20,5,rain,bike,9.79184999528161,WH_North,2.665297739248533,34.24661279028482
27.992876564731155,17,2.8972234445896774,11,5,clear,van,7.8517779230602205,WH_South,2.285301639823064,102.12620835465049
8.585746500300102,7,1.5361683409182023,16,5,storm,bike,2.7958244188807067,WH_North,2.633423071629921,64.80837011774368
16.290106438807896,4,4.252626031874105,12,3,rain,van,11.553637201190703,WH_South,3.3885975645924002,59.44027935117842
6.712521767325123,3,6.146208020918657,10,0,clear,van,10.23796482628977,WH_East,8.943496040434251,37.05649896158223
3.4889016351469166,17,2.07934837353281,12,0,clear,van,8.582532661876916,WH_North,2.2936405342573742,45.97735184427499
7.729082852049802,24,1.0506268987447276,20,6,clear,bike,4.384419881100139,WH_North,3.5350611266733014,89.92234079495971
10.923583357738691,7,0.8120685122562338,8,3,clear,bike,5.8100061336460875,WH_North,7.790138140730886,63.974307763654565
4.937343940279561,6,2.083440126508042,16,6,rain,truck,4.0567567065659444,WH_East,2.498975175810471,23.48026584322153
14.885787717488213,16,2.9776892239663106,18,0,rain,truck,10.192636378673985,WH_East,7.497673622797392,112.69136454721303
6.02200514279539,4,2.3135799931644656,9,4,clear,bike,3.706594956039053,WH_North,7.57438768320158,41.44423900136024
4.053721208348321,3,2.0579339345774,17,1,clear,van,2.859734581128373,WH_North,7.879271346196848,14.535605196278743
25.097374439880763,16,4.940811895392713,15,2,clear,van,2.572153951805202,WH_East,3.3938062367792843,108.739573312843
4.770128154356183,14,4.590450797909962,11,4,rain,truck,4.813951383070619,WH_North,3.741042430178231,46.75264678661034
5.911280469923511,1,3.8179566912535465,9,3,clear,truck,7.475619114792368,WH_East,7.100390425296967,27.25553213187689
11.949254596912626,6,5.8799099610157715,20,0,clear,van,9.979786076087194,WH_South,5.763731223527186,56.32052486913341
6.571492691878506,5,2.0971616872890233,9,6,clear,bike,11.096490977005239,WH_East,7.908341937484561,49.3516490365382
4.153425253249836,18,1.5431233864193725,20,4,rain,van,0.9610478585248585,WH_East,4.2397054299109005,58.980914679260955
5.549125621368032,17,2.3033542452289133,16,2,clear,truck,0.566265620006634,WH_East,3.4005643229396916,64.73950020052429
21.310948059499687,19,2.1947937088783616,18,4,clear,van,4.352820091303322,WH_South,8.539317823407572,125.2805111874482
11.144548350973853,3,0.7898575871255286,11,1,storm,van,9.721240000830317,WH_North,4.069358139237081,54.65640013778687
12.40297616941073,22,2.2661944078247953,7,3,rain,bike,10.888835371308382,WH_South,3.907146488648277,98.07840591136801
9.410892244414518,6,7.195065102728324,16,2,clear,van,2.0214105305459245,WH_South,3.320279740698628,36.31821890451348
10.346010186875104,25,5.815910790230863,12,2,rain,truck,3.429116646827097,WH_East,4.047122421739789,123.07216751116812
6.2679715778176694,22,4.79526369165517,14,3,clear,bike,10.823541252512491,WH_East,5.315204614246957,92.81345770337546
8.738010406103834,12,3.6405422133467007,13,6,clear,van,6.909796263336055,WH_East,3.0726057885612845,61.857114302959545
1.852975223441658,20,9.154348097244554,11,0,clear,bike,4.892355793170624,WH_South,3.5626859788547787,38.98492864681933
13.722285823201085,17,1.580723215423281,17,3,clear,bike,2.9224183205605305,WH_South,7.889311041683297,130.46081676895054
6.232493502807631,20,1.6898183105850901,14,6,rain,van,1.3547419273137908,WH_East,3.0394092796782304,61.85718508377608
3.702874186541808,1,7.293668854049068,15,6,clear,bike,1.3013925011003593,WH_North,2.5075828485735903,26.94523573547303
9.032648741454574,3,3.3848968315885943,16,6,clear,van,8.088891088362018,WH_East,2.332911243822217,25.17239310328624
7.1732583391414,23,2.0754441626574867,16,2,rain,van,8.644971626395169,WH_South,4.513935971582948,68.4268130110374
13.450566938874175,20,4.885869378904014,11,3,clear,van,4.388214191165053,WH_South,4.884808527067162,87.27472295106308
7.8314174758913495,16,2.4426246241299685,17,4,clear,truck,7.272003175444775,WH_East,9.839249721106032,81.21745397248793
5.472759415444375,8,1.8473130042741557,10,5,clear,van,1.8724152670379328,WH_North,7.412435466294852,36.698789863117405
7.944813757650988,11,1.8116784408859732,20,6,rain,bike,0.2514429427820266,WH_East,3.1050381031904744,71.33377817242537
17.323715645623974,10,4.158209415801567,18,1,clear,truck,1.197910108153728,WH_South,8.611605784309297,122.34975615549178
13.69999174104125,11,3.8346219368097034,14,0,storm,bike,1.270325288575902,WH_East,2.9827900059817765,102.56638608676415
11.128135718872077,16,9.599612534399059,9,1,rain,bike,11.817247287001813,WH_South,8.378319930565027,128.49277350630246
14.03184370780709,19,2.709969898807862,19,1,rain,truck,2.8321636965133656,WH_South,8.734891546029635,113.78157768900464
11.616510832923026,10,2.677799528600984,14,2,rain,bike,1.6094953431199044,WH_North,4.721800851541852,77.3407957015245
4.545220090561283,21,9.095169708815009,18,6,clear,van,9.544642962225613,WH_North,8.500551341498642,90.94545188815775
12.459398454622903,3,6.619055958305215,7,1,rain,bike,4.399921453558924,WH_East,3.2614308199287687,70.05663694704512
14.961944295210522,21,3.6745431522847554,11,2,clear,van,2.475130560593449,WH_South,3.3568912363694365,83.88713510773339
15.43005318344774,17,1.1132582703353664,11,2,clear,van,2.6444801755037273,WH_South,3.60635995692361,83.76126310086013
3.9192689631194804,13,1.8808083397828836,18,1,clear,van,1.6684595312198152,WH_East,6.795998254071257,50.37472999693409
5.922112077960358,10,1.5874574397651728,13,1,rain,van,0.9588644664712409,WH_South,4.284562004313636,48.595206415279
5.37756204767879,10,3.405923916222143,8,6,clear,bike,8.161633224521736,WH_North,7.607635244626003,59.62035468035336
6.672708047076685,10,2.326025971620058,15,4,rain,bike,5.279799986030078,WH_East,4.305399766546952,50.55945108665465
10.476103832653509,24,10.196386828036442,9,0,storm,truck,1.7812759706881747,WH_South,7.93444513612673,138.6434158407239
8.900036149294333,1,1.1051642322076825,13,4,clear,truck,9.50934446475692,WH_South,4.705229347730563,29.21849195693988
8.901567275950374,16,1.4726480844274432,20,4,clear,van,0.22950107547103027,WH_South,4.317659917870485,58.750679740948925
3.226643962487384,25,3.9402341458149697,13,2,clear,van,5.167654394818658,WH_East,3.257737069138188,70.23800823848931
5.783614857413605,14,4.78269997247456,13,5,clear,van,1.5276662908199596,WH_South,1.0,43.960183755565126
16.06137906731056,16,0.542810307541111,7,5,clear,van,0.33325472193626027,WH_North,2.7022485096264,78.8575237476606
14.92614908030719,15,0.9853216810142749,13,5,clear,van,6.607947562926889,WH_South,3.035147009896186,78.09363878436038
7.752859807504564,13,2.7606810728189517,20,4,clear,bike,1.865196197182608,WH_East,3.842619228747194,53.54971301037392
12.478478132453471,16,8.578255250291983,20,3,clear,van,0.8222090750308868,WH_South,3.638705187226453,70.8580898020913
9.942469273065438,23,12.446414875715986,20,1,clear,bike,5.745264490995357,WH_South,3.316863160797887,91.64804135914714
13.249434607608485,18,2.4839542769724066,12,0,clear,van,10.123633405385979,WH_East,3.0378782342270623,72.07675436923833
12.785327027931125,22,2.94629107259491,7,6,clear,van,5.8275461973332625,WH_South,2.0703310645941286,82.03743425245743
8.126438950878274,14,1.8481663213510366,10,5,rain,van,0.9558512971092603,WH_North,7.391461478738609,73.07574689152256
11.167016371275459,20,5.171922518903581,9,1,clear,van,3.652281287188956,WH_South,8.779458440853427,102.94348217310122
10.318734955602892,22,9.679117300306585,8,5,clear,truck,5.353110056986052,WH_East,5.873889647229657,97.10625768998626
8.254448011970968,6,7.998184002036325,16,0,clear,truck,3.3738690661187216,WH_East,3.7448385214837585,50.539519069350995
7.231703975298939,22,3.2533966418129476,14,1,clear,truck,4.0504373609093705,WH_North,4.509851992774723,100.97456035170342
19.713883156722055,18,1.8460123134604312,17,1,rain,truck,6.002019247969469,WH_East,7.630002694198156,157.1509593037464
8.26052342010572,12,3.3392221913152884,9,2,clear,van,11.309639968030616,WH_North,8.444405774652193,58.49346265260561
12.04936246025514,20,8.728126073141357,16,2,clear,van,9.658198971875555,WH_North,4.77051264348243,80.92507434762028
18.889070920327065,5,2.508382269363614,7,3,rain,van,2.4525171485349784,WH_North,4.1549603950228216,58.573335479186674
11.156524468948216,18,0.9316479045028374,17,3,rain,truck,9.42309988542131,WH_East,7.35389045372695,95.5514975234382
10.875573021004104,15,2.580526693013602,18,0,clear,van,4.734534507467137,WH_North,8.983553337087749,63.21259146012579
8.288844234772576,23,2.7310385894845055,10,1,clear,van,9.78859433739461,WH_South,7.559285215053253,93.82489898569347
10.424471814313666,16,0.9278281812172122,11,5,clear,truck,7.405285582387672,WH_South,2.759311130909917,74.76452006582176
6.86984761778136,14,3.9056574586032458,13,3,clear,van,8.147811762380748,WH_South,4.263399196368913,54.18718524781138
29.980990980977072,14,4.7313154150703,15,6,rain,bike,4.345226569101813,WH_South,2.7286709138758023,156.49031231527545
3.28020706826883,14,12.205965777481747,14,0,clear,van,8.558299281357405,WH_North,3.5985689566493413,37.24049821456643
7.504585693327073,23,1.306479519768704,8,2,clear,van,6.788284260474557,WH_North,7.463636451956756,83.96205422849869
11.26017956406254,20,5.536513673766216,12,1,clear,van,7.422863177552646,WH_South,3.637403984505105,83.68380188475993
10.88108609174671,3,6.532471174822578,14,6,rain,truck,6.564540929746194,WH_East,3.17726887699333,53.17590525073524
6.8626535616934055,14,4.776627013250509,15,1,clear,van,0.6694881924218143,WH_East,2.0245744196458015,40.74336759361135
2.4781673433147176,8,1.6408901303610093,15,5,rain,truck,5.69097219444734,WH_East,2.911871020896136,41.750511582075234
3.6673865053702235,5,1.575466349672451,16,1,clear,van,0.6150679399498808,WH_North,2.2115363215242,22.020594341677313
9.263192890922088,22,3.5538720471658785,13,5,rain,bike,2.0220157079043664,WH_East,2.634062256558774,99.16922601339212
1.9482727520800982,22,3.5364534047922445,14,3,rain,van,5.707107692026442,WH_South,4.104300241336796,42.504753093087594
11.708782482389312,24,2.2443059568190313,11,6,rain,van,4.874092771002726,WH_East,2.705277908033045,93.71522430747021
15.6241157984038,10,8.200096393231746,10,0,rain,truck,0.5752431636607089,WH_North,8.43265672564695,109.91615341703226
12.883572016372806,11,2.5079705800406433,11,2,storm,van,1.6466980783398828,WH_South,4.112860325606971,81.67955280980019
14.317276733233877,20,0.8819759235737812,13,5,rain,van,5.58352596844292,WH_North,,80.55597257451088
2.0090599911759712,5,2.838172729082858,8,6,clear,van,11.611914604791291,WH_South,8.078150318236887,20.98479281823501
7.029180621206061,2,4.646858239242865,10,3,clear,truck,5.836750449753656,WH_East,8.02472111899142,29.189895542394616
4.313279920774367,11,4.218049453750684,8,0,clear,bike,9.270642114991727,WH_East,7.2876965988555575,40.233157231261586
2.7955364038936534,16,4.195262074361485,12,4,clear,bike,5.316698202640266,WH_North,3.377180705808291,47.3374579336588
6.15791315426616,12,9.447898256496615,13,3,clear,van,2.300697774509033,WH_South,1.9238092512072553,57.80967082208606
18.6334463096479,6,1.5214237891424272,9,5,clear,van,0.25418534850838403,WH_North,7.196016407267842,86.72026659503568
21.456889818717958,13,2.467990251694154,8,3,storm,van,4.505916509206328,WH_South,,157.47207104793958
4.692341627430475,24,9.791726815209786,14,6,clear,bike,11.033894423558584,WH_East,2.387991131492777,70.00738246071607
8.607733219104695,7,0.8376583815406901,10,0,clear,van,3.897895284867091,WH_South,6.985538195630038,60.94004242474184
10.340510545222385,11,3.197642715562676,19,4,clear,bike,4.4223285640610435,WH_South,7.926475069061329,91.04441821082622
7.060202504081969,8,7.847890587108357,9,5,clear,bike,8.312634456723528,WH_North,8.075198289500538,62.009766237159695
16.24420702371033,8,7.766436029218518,13,2,clear,van,8.842954052048976,WH_East,4.781736564815392,53.390316529335436
6.216746020441225,17,5.2702692956546935,18,3,clear,bike,7.300614240031215,WH_East,8.546032390222061,77.27567517072558
5.58221724802114,10,5.364523261265532,8,4,clear,van,4.05872897623456,WH_East,9.618119252477996,41.59541123268362
4.858241789049256,16,1.6020496070428532,13,3,rain,van,11.343070568506029,WH_North,4.631910498598453,66.91853968013812
7.029957703936683,1,8.68175727093477,13,2,clear,bike,4.230124698181488,WH_North,4.840999131646262,30.465711730246145
0.9645822336546704,17,1.4332674990768621,14,4,rain,van,3.5041177050022148,WH_North,3.878374007356785,40.09757587507869
7.235285280470581,3,1.4943792249152044,19,5,rain,van,10.117915845977596,WH_North,6.687983055695886,29.877769081272245
8.919668825358022,10,4.355815687355924,15,0,clear,bike,11.222665822744752,WH_East,4.8212086253008986,57.83150550589216
9.250572113947547,22,2.3511153979995476,12,6,clear,van,11.478759196538697,WH_South,2.1170623423407595,80.20084090019112
4.138822085762502,9,3.8369880211464897,12,1,rain,bike,6.398618807967607,WH_East,4.1814089409398925,42.61559317403348
9.147737370729345,18,4.488582523094852,15,0,rain,truck,10.433896691166936,WH_South,3.2528694437275876,86.22020041874234
9.037155615702236,9,11.526823729818355,11,1,clear,van,2.204522155014643,WH_East,4.105327195409903,54.94873397580843
9.154296009133368,23,4.497884656383334,16,0,clear,bike,10.667989133199029,WH_North,4.041111428721496,71.13430358798034
13.02339485759562,24,2.1533526228993645,12,6,clear,truck,9.098301714219067,WH_East,3.1466806386819695,114.02404416444355
4.022191796662717,23,5.331014569054743,7,2,clear,van,4.790246751979273,WH_North,3.784053875429435,67.99487650108786
7.11173931870177,10,1.8547910717698464,14,5,clear,bike,2.94221341919056,WH_South,3.479280146383579,49.54501021378187
2.3535546490170587,8,6.291558832175518,10,1,rain,van,9.115797512679286,WH_South,8.423521582444753,34.84075730406926
12.352531473448273,16,3.473766818631745,12,3,clear,van,5.167019936507472,WH_South,2.540989120893161,71.02072674727295
4.457861094951026,21,4.394618267637963,11,2,clear,van,11.74338550843725,WH_North,3.759169882725477,41.61655460351572
14.152030415771279,14,0.9546048593369078,8,4,clear,van,10.255203305219279,WH_North,7.423724755979636,88.10435878367977
14.42998433466699,19,0.6869306646802581,11,6,clear,truck,9.485172030437804,WH_North,3.174716136833913,104.81170445359609
7.539633115706189,22,1.1606765145388094,19,4,clear,truck,4.005506012447048,WH_North,7.425488534703715,79.02590818051092
7.3025491208643984,19,11.268819765266233,11,4,clear,bike,8.539820763675227,WH_East,4.9475857159488035,71.06510320180604
3.0765439492090043,10,1.4863026959044012,17,1,rain,truck,9.071098274529197,WH_East,7.738562237101678,54.02632154704128
8.44404037292273,7,5.543448951041502,12,0,rain,bike,4.913377635464876,WH_South,4.687892197422669,67.43557103350125
12.959970897204439,11,2.1184073169703765,7,0,clear,truck,1.1350077938096939,WH_East,2.9430480949135065,74.66101119779742
9.821404477995504,15,2.8066144377815063,18,2,clear,bike,8.823405049331926,WH_East,7.547340246014445,88.41207603371654
17.330834553238205,22,3.2177933237692904,19,3,clear,bike,3.5335909904755214,WH_North,7.246767824235815,143.02031995018183
6.611215188777075,8,10.49233404398373,10,0,rain,van,1.5931438333628325,WH_North,8.154312941224266,42.87735233784879
6.605845393135949,5,4.998579997278443,9,1,clear,bike,0.5121945748171219,WH_South,6.733518717534671,46.71957564408847
4.661179609799433,8,4.347161912323158,20,4,rain,truck,3.927095537705526,WH_North,2.2620517815834775,46.34727671184102
23.661139177093684,15,8.229200805308718,8,6,clear,bike,6.119318207459182,WH_East,6.436957706735099,158.04798567002643
3.055904089125482,6,2.131364095936228,19,6,clear,van,0.4607552941075759,WH_East,7.504993910194403,29.614957330715207
12.439297291057574,10,7.013522588334569,9,1,clear,truck,6.7608173660219535,WH_South,7.071228787577773,73.57064993679242
13.110278138705793,7,6.239573412175968,19,0,clear,van,10.744642089910107,WH_South,8.039019429369377,70.8187513624208
12.798136124742712,25,6.189965754377593,20,4,clear,van,7.17508511858291,WH_North,3.2174130284623996,81.6643365271577
4.92129727580779,13,2.978704004079726,10,6,clear,truck,6.2950459395125264,WH_North,5.422446876973368,65.95843175248388
3.4518826073594697,19,2.444595263823774,10,2,clear,bike,2.7871846440510297,WH_North,8.566752465943445,56.46271742491129
7.537056006788914,14,1.8060162421292634,8,6,storm,van,5.270987110442542,WH_North,7.584428291859604,65.4754322686397
11.44517867913698,1,1.8869699556837196,18,5,clear,bike,7.206793807771843,WH_South,6.964154674374034,63.58888507386226
5.6475888082872805,7,1.747333294937345,11,6,rain,bike,10.381207257697412,WH_South,3.0386029721252537,44.95476519089982
6.908053795484386,21,4.292174295262978,16,6,storm,bike,10.58206527943382,WH_South,2.8132235405999597,89.70664042608497
5.710499624207337,13,2.829682687218546,15,0,clear,van,5.423142800155819,WH_East,2.8706816466888387,38.54331446246219
8.786040936299736,18,4.490572226892665,14,2,clear,bike,2.203971012980607,WH_East,4.975405421954122,84.83091795111389
8.449324114001872,20,4.6716737573665865,10,0,clear,van,8.488476707287507,WH_South,7.709450587238377,87.490199488741
19.048922704503738,15,1.5811789852923992,12,0,rain,van,11.406838017565482,WH_South,4.12547729972859,89.92776120191276
11.58780604273146,15,1.548306925070398,14,3,rain,van,11.494837450633328,WH_South,3.351060238782389,56.727655932873475
3.576547180648966,6,2.8290408495251427,8,4,storm,van,11.947832053843577,WH_South,8.198586710193984,36.43818072631423
3.778201914365444,7,1.9297983073079483,12,6,clear,bike,3.0268087963782415,WH_East,4.030644406320993,28.078804615201292
12.563945448777908,4,1.7926796333459054,16,0,rain,van,10.043083817197642,WH_North,3.949961768342524,33.35423676591222
8.395803389300688,8,10.880594770636186,12,0,clear,van,0.6204489929274399,WH_East,4.124508166757914,42.798309517849354
22.885619874824563,16,1.1350215751390826,12,0,clear,truck,0.1804545170987928,WH_North,4.590202765405247,138.73901196829655
22.84946560892688,24,13.682875658997112,18,6,clear,van,8.085201668303997,WH_South,7.636611657756872,137.81550521449788
4.643576521221798,11,4.064185965072205,14,4,clear,van,1.438580213250741,WH_North,4.7397288999858835,39.20970034864996
9.908408412890486,16,6.621797098323756,17,3,clear,van,4.660318230944471,WH_North,8.088781821169821,80.51774858056805
3.8106668603723812,22,6.097220259356264,7,0,clear,van,0.14942948254928545,WH_South,4.088292556485095,73.1193432779182
12.444489212823237,17,5.1134351756626995,19,2,storm,van,1.0414962239546202,WH_East,8.015431807985282,96.47639938263015
20.565413108173075,7,10.625770814224946,17,0,clear,van,2.5038757383862094,WH_South,8.578277918078651,116.20438671745403
9.120586429912581,8,1.5562955004901897,18,0,rain,van,6.653604776697417,WH_East,7.411425304642791,56.76305648931424
6.468342912218324,16,2.9758661383174494,16,3,clear,truck,3.983289291454807,WH_North,4.277495693311072,75.01911567562323
10.497861523692558,8,1.8276064524308586,14,3,clear,bike,6.766281704639547,WH_North,5.867693219696587,61.246796673173144
13.903662691951446,7,1.0128258833154218,14,3,clear,truck,7.787677941749199,WH_East,4.123058382666866,47.475395816748666
13.956141061290701,15,2.0899313467855745,15,6,rain,truck,0.04038623974910216,WH_South,1.9225589499381015,90.49476051166529
6.512842558086422,16,12.314574070728906,13,6,rain,bike,10.172388774567628,WH_South,,60.72975968475763
5.558469078245045,7,2.9404814069530225,17,0,clear,bike,0.6929467831496372,WH_South,8.35871214960054,61.02691420345576
9.602477070642706,2,13.309272853654633,11,1,clear,van,10.476655308172422,WH_East,3.1964662488555877,23.29179470869825
6.7828042667256865,20,14.297418756158411,17,3,clear,bike,11.71271992592972,WH_East,,83.1895141761188
16.247494042816847,10,27.020376176550197,11,2,clear,bike,10.842243275145366,WH_East,2.5586604876793766,92.85426932539498
6.73303688186741,16,12.60186871114437,13,3,clear,van,6.506090859513982,WH_South,3.612542463840094,66.0877060291816
8.736113660658823,5,17.29975441492095,7,4,rain,van,9.23598599473909,WH_North,5.2505384716398025,39.3858433301655
10.348062480653292,8,4.1687543690907845,19,1,clear,bike,2.072185649913579,WH_South,7.321928069392322,61.868685579280175
3.135943992731213,16,3.895530084251995,16,5,clear,truck,11.2451096462732,WH_North,3.788248865548953,46.40515093293692
5.858783979258094,4,4.081185675142645,10,1,clear,bike,0.27994872600804754,WH_South,7.548856680986974,41.84198825136776
22.327388582019044,8,3.3202614944897637,7,2,rain,bike,6.617750039570403,WH_North,3.45145470541732,101.53310366506187
13.575257805915324,18,3.6868196192843263,18,1,clear,bike,5.534267498809491,WH_East,8.265257310330965,115.85800006617376
6.67773488539151,20,5.621102368265224,7,4,clear,truck,9.56274674303457,WH_East,2.419669306344101,73.06924474606474
12.473352898122865,9,2.39630388247891,13,4,rain,truck,8.94039784980567,WH_North,5.302431117387462,60.95041881630537
16.0985722029235,3,1.2657477237608128,7,4,clear,bike,3.962147615115934,WH_South,4.283585525775686,65.74706532246839
7.325334283120766,1,4.282483756870734,16,3,clear,van,1.9623425347360124,WH_East,,18.612072812960605
13.213143743089425,14,2.0442615335125294,9,2,clear,bike,9.531281519244232,WH_North,7.567909757080762,96.41339324145083
12.174836038609136,18,2.197913611041152,12,4,rain,bike,11.72973032812384,WH_East,4.246748537898714,87.63293368262909
3.853744378677167,15,3.0043845512657814,14,0,rain,bike,1.1744386158529085,WH_North,4.639524730711434,53.826711683858825
7.3498702093940835,11,2.558701098489169,12,2,clear,truck,8.794644994277622,WH_South,3.718361739529924,56.3009629283542
19.32838916191137,1,7.221262107507022,16,4,clear,van,6.188244591695431,WH_North,3.0141169235806435,47.42015631035425
21.97518613397735,6,2.954356682247246,14,4,clear,van,3.7438342144756227,WH_North,2.9511875830363383,72.48154490950107
13.637949890056934,1,7.480613044984887,12,1,clear,bike,0.17336675437773108,WH_South,3.4194646026681847,52.38133124501748
5.734530678031839,12,3.835160841126274,11,2,clear,truck,8.688805348778015,WH_East,4.004285069725981,59.36168040738955
1.5560269580847055,8,3.1206137544495522,12,2,clear,truck,1.5843634790381906,WH_East,3.653455476624145,33.94434587781671
5.25037455492392,2,3.708970483499705,11,6,clear,bike,10.209788763496352,WH_South,2.559527317140116,27.272443769445175
3.499889988637087,16,1.3442807278600257,15,4,storm,van,3.1750885248036003,WH_South,4.4102220277297315,50.51981593987518
20.1223767086253,10,4.206597106578039,17,0,clear,van,7.108129328410091,WH_South,7.385042525124344,90.88243300217555
2.3101967471038884,25,6.016059683666023,15,1,clear,truck,3.4108958624152046,WH_North,3.262158082272079,87.96983129597133
3.927300148672887,11,6.6432101221388455,7,0,clear,van,8.427116612389554,WH_North,4.645441488532096,30.724601067469905
9.487753437683965,3,1.2884992128880732,18,1,rain,bike,1.4058054876455484,WH_East,8.29550375819194,80.53053145318863
8.360826892617645,18,1.14650004025831,18,1,rain,van,4.116222106876141,WH_South,6.697475417882045,90.35145214220942
18.800157342040762,18,2.280117627041841,18,3,storm,van,6.1075111593025415,WH_East,6.602243042988279,131.9710564930813
11.750562767415031,24,8.751837257332598,7,5,clear,van,7.025484788749283,WH_South,2.0030388050093637,102.31326023069498
7.677244088865475,18,3.8755313481422964,18,6,clear,bike,6.954934026734568,WH_South,6.972437015805137,85.03169539278093
16.413980459141836,10,1.930373161541126,13,3,clear,truck,0.9527509423375053,WH_North,4.8606010732468885,85.2029774064426
6.560674059567846,17,1.2007452109213645,18,5,rain,truck,0.4053157768217184,WH_East,8.302640740110451,77.54320258620265
19.651399179612113,20,2.0569154101067015,17,4,clear,van,2.846299042411055,WH_South,8.47544201690712,116.24078150137156
4.797298218940485,13,1.961901606004541,19,2,clear,van,0.4524759443213884,WH_East,9.52159534290228,46.352256052155674
0.8188370784044459,20,6.391266205927187,8,4,clear,van,2.647239913532141,WH_North,7.98146251503533,60.2430871665713
8.179868503729708,25,6.744861627145492,14,2,clear,van,0.7111053615558776,WH_South,4.798124996168716,80.90845100697986
1.760435960813551,19,1.5921235472479895,17,2,clear,bike,6.328151158595565,WH_North,7.28591517673725,62.211332090906055
14.035932696713779,13,5.624973534530836,15,6,clear,van,1.2545899599348318,WH_North,1.5995061939947608,67.9043835249285
9.17610584472949,13,5.23585329470294,18,6,clear,van,4.98290943087936,WH_East,6.722213384630677,65.21822340326787
19.68065639426356,21,1.453861950060404,17,4,clear,truck,9.23474289457667,WH_South,7.687371790113615,117.33256557985658
7.188435135493094,22,3.1309200618194586,7,4,clear,bike,9.26873127840245,WH_North,6.1263806055036785,86.32372953460204
3.1026839907601063,7,4.214681359125349,9,4,clear,van,6.74623061927057,WH_North,7.7996101818675445,27.9889198809587
10.90156879630769,1,3.722013529055736,15,5,rain,van,0.3693726335380694,WH_South,2.0839716710372667,34.29838817698272
5.968657867893597,21,1.0026246847036222,12,0,clear,truck,6.440364289320955,WH_North,4.66818324845086,72.94142929686173
12.917670629001016,6,3.6394323371757475,11,2,clear,van,3.031920744042918,WH_East,3.116372006307131,40.481698429644126
4.864192001943554,25,5.1830071773954005,19,0,clear,bike,6.820877968838945,WH_East,7.929186156180069,83.23108771406741
17.748336705893358,1,10.031357313652439,8,3,rain,van,10.90093381907811,WH_East,8.589557301998294,73.4782382203043
8.732450622535662,23,2.078915076707436,14,2,rain,bike,7.186421011858446,WH_East,2.961525603177496,75.95407646789039
7.69529233434106,17,2.2663776101083974,11,2,clear,van,11.287016856364662,WH_North,5.165713917734221,64.30291710333404
17.092594892015317,8,2.8685115280352527,7,5,clear,van,2.50334634957423,WH_South,4.0141224296115965,83.67119271965905
14.15303247955497,1,4.070847240223535,12,1,rain,van,3.219873568216484,WH_East,4.117951859703377,39.02496413558675
5.310269674894715,22,3.553426813049569,12,6,rain,van,1.7848812345981622,WH_East,4.576513288282928,70.6140418064753
13.923627588433906,3,5.068351372150402,13,2,clear,bike,0.9399887614029101,WH_South,3.4559762189926047,81.80478571714563
12.338215479702201,3,1.5103923030820827,9,1,clear,van,0.1260107717670711,WH_East,8.514750501792438,50.68335698364225
7.959077140792008,20,4.383281226995623,17,1,clear,truck,11.135211140538061,WH_North,8.050936618710564,94.33612269881199
13.296606381258762,17,1.9747646641128114,11,4,rain,van,5.420792346708013,WH_East,3.2259396106103138,82.2810554075394
17.70432935583031,4,3.0031636065749514,15,6,clear,truck,11.266283047683142,WH_North,2.4529968511037565,61.63584308145695
8.100892222512426,9,10.974885642392044,14,6,storm,van,10.368023891480604,WH_East,4.827963851268441,72.2637810020568
8.117481745194588,17,1.2476103901961495,14,1,clear,van,8.926937479962945,WH_East,4.753382970954726,48.68416427867077
7.853815311090321,17,2.730194281617651,14,6,clear,van,11.014126045287515,WH_East,3.800556652232574,62.297186098376564
5.1722572979852135,10,1.3603580802350266,11,1,rain,truck,3.1681186830842445,WH_North,3.237258339124913,44.426498819413595
8.05050035702282,11,3.6956172192144945,13,3,rain,bike,10.27651983768705,WH_North,4.437150413619508,62.2636377638325
7.52076093411838,2,6.915484590142038,14,0,rain,bike,8.159758282429646,WH_South,3.4687701653618777,43.51460955407099
7.257364047329545,1,3.7387771143693738,7,1,clear,bike,7.194495175806214,WH_East,5.328235144275144,35.866572745125104
7.191028718418112,25,3.0596450198958887,17,2,storm,van,7.423984367967468,WH_South,8.891615281272607,91.8639537192679
3.920082076552826,6,8.41387080543634,13,6,storm,van,10.873893170319635,WH_East,3.827393948843112,27.991849925634014
14.954220660197477,24,4.184351376939532,11,1,storm,van,11.147004838712098,WH_East,4.535993526881377,142.39756265442668
5.852872678043388,2,5.892593594798079,7,1,clear,bike,2.1235621576117163,WH_North,3.7209923969614143,23.731431453342232
18.25929076477831,25,5.477671877357357,11,1,rain,van,0.9691825422118234,WH_North,4.238459366336144,132.38523851668396
4.506248863520103,11,0.4433621791010169,12,1,clear,bike,3.2717090715819217,WH_South,5.187201458472307,41.22832608920151
20.58106569156334,21,3.146629361820394,18,3,clear,van,9.722172889480222,WH_East,8.219992711604641,119.34373506331289
6.759220488031774,22,1.5610331407716649,16,1,clear,bike,1.1647422369360356,WH_North,3.043349014377176,91.07610164375224
14.018931077002994,9,1.8579582580808007,12,2,clear,van,7.94112975953097,WH_East,4.929452167278834,65.69059749699335
9.123904736747916,19,9.320444075308728,8,3,storm,van,4.79054919146879,WH_South,7.188514875844072,83.3840252849342
3.55575892530943,9,2.5539370719106986,10,5,clear,van,10.947923777041655,WH_East,6.973395039662055,33.18551415614512
3.688328371243336,20,12.488369073945966,19,0,clear,van,9.840233650674769,WH_South,7.373693766396348,68.1707474717102
5.546317267179751,24,1.2393884913128932,8,2,rain,truck,6.093532864093223,WH_East,5.451914872307839,102.0302930470392
6.5238441963680875,21,1.5549298837924188,15,3,clear,van,4.568003216064908,WH_North,3.9577468665090016,66.38762388983513
8.255231944519055,19,5.661254227699055,14,6,clear,van,10.01533331223925,WH_East,4.955496757160755,68.4041602437137
10.289935089260219,10,2.614413883770149,10,6,clear,bike,2.932155236445904,WH_South,7.28798688489715,95.4973357015915
7.6182205004721215,3,4.117018085333048,19,6,clear,van,6.520250949593233,WH_North,9.666971771275033,48.1816208035503
9.972477862981789,13,3.069102647194628,12,3,clear,van,11.179967429656747,WH_South,3.6621039749163207,62.86588586238981
10.928556438200069,4,3.0047568014787696,16,0,rain,van,7.244386657272729,WH_North,3.9993033937968363,38.657781830323955
7.413935545919566,13,2.683266114327862,8,6,clear,van,11.161034150259741,WH_North,6.906192608725151,34.754683415927026
12.223843963365535,22,3.764614073522149,20,4,clear,van,5.304111553655387,WH_South,3.8542994834040267,74.06395519498696
13.789968319770006,3,5.2025391332683135,7,6,clear,truck,7.551564323316014,WH_East,3.332999668063109,39.39754103352266
11.08966564758763,23,10.278923181721865,11,6,rain,bike,11.284750030960463,WH_East,4.359269498384149,105.488305966316
11.45316723479285,15,2.881298974455045,19,5,clear,van,8.847330291765434,WH_East,6.24503581399051,77.70578793614605
9.461628601896205,2,2.5204896622265904,15,2,rain,van,10.867163314362601,WH_South,3.8078438029350736,46.09756527988203
15.68676869044738,19,2.3031480638004895,16,4,clear,bike,9.984501269529225,WH_North,4.354168191479848,116.3782763616691
8.369258005811773,1,9.289165291026807,11,4,clear,bike,0.9336307627383778,WH_South,4.9520737938818105,41.18013318609432
5.610465181252584,16,5.382900891274167,17,6,clear,van,3.1016103495789147,WH_South,5.057996869940314,60.5377842611446
8.517613258487382,13,0.8786897526371727,20,1,clear,bike,8.897792192295697,WH_East,2.541465181177659,63.22707716312246
3.598899224156985,19,0.8519865897919789,15,3,clear,truck,10.680485477674768,WH_North,3.836554538469601,52.854737739118164
3.302402876844332,10,1.8569948040855617,10,4,clear,van,9.62771448181066,WH_East,8.807366535253648,33.20030373885311
13.827089208689255,3,3.9004885356353864,19,1,rain,van,3.7579065201831052,WH_North,7.367409884931754,57.980880873272
18.424254554815548,10,3.2432337483677207,7,2,clear,van,7.452535213537343,WH_East,4.402066563689949,89.95517266978973
6.889717612589471,20,4.76046325644614,19,6,clear,bike,7.936682422332511,WH_South,8.780082168093795,90.64200082488904
13.901503223565383,24,2.936415413841885,7,0,clear,bike,5.247756290579998,WH_East,3.8093128941688508,93.63265899501498
2.4030277826568454,6,8.830336653252592,7,3,clear,van,7.052379493774676,WH_North,3.594656742320533,21.36193623578502
2.100797441220968,9,5.700067205113631,7,4,rain,van,11.831955868521938,WH_South,4.224671428617826,35.291498847782975
15.9334618096387,22,3.5053964536728897,9,6,rain,van,6.5362245603702736,WH_South,7.162023690562855,110.15120679824356
11.109685626974724,8,7.401906494158761,17,1,rain,van,2.3323126364740454,WH_North,8.029724340978229,63.909302032467224
8.389393678280761,7,1.046829050469681,12,2,clear,van,6.049260878482663,WH_North,3.637223916234705,42.48264339705249
20.098919117980486,21,3.128168536335797,8,0,rain,truck,2.109014279638442,WH_East,7.568577242028782,176.05512452463094
7.700247639603977,13,3.655594062848646,11,2,rain,van,8.258497252549613,WH_East,2.896013164430978,62.732164118467175
4.286420142173586,15,5.060298886163972,20,6,clear,van,10.822825724115111,WH_East,3.5519609208247944,47.25864191898593
2.9858283186739167,13,0.9993839878334159,14,5,clear,bike,8.110404237622166,WH_North,2.0642226150482936,38.316982726593864
8.513693951201045,16,2.7668657052070325,17,2,clear,van,10.531583719500365,WH_North,,61.39936365032338
9.450623888589071,7,4.394362886809789,10,4,rain,van,8.732281666607504,WH_East,6.721928144544303,59.49691852607079
7.418954880333874,19,4.636749066580013,14,6,clear,van,5.249481086372351,WH_East,2.70646345397573,62.38466632314983
14.076207697211313,10,7.616301535053003,18,3,clear,bike,6.458350689239669,WH_South,7.82333639845392,81.1714207322743
17.325853335852962,14,5.657905284771425,16,2,clear,bike,6.390718473009832,WH_South,2.8102672105428006,103.96793347893933
6.843650733802665,5,3.181674929242916,7,6,clear,bike,4.709926139900293,WH_North,2.7603099971543252,41.73933512135412
2.399355703804763,1,5.325366972604891,15,5,clear,bike,1.115061638794383,WH_South,3.145556598406744,16.00629858700352
10.005987118906905,15,2.8836171331433227,18,3,clear,van,8.421787871691034,WH_North,6.387611485757461,79.71818470758801
15.862202419895144,4,3.6793708280827095,8,0,clear,van,0.5659400061230806,WH_North,7.116497850890884,58.88324152965626
6.862369848363038,23,5.7913281091680995,12,0,clear,bike,2.448572459905953,WH_South,5.424184628101017,99.58416759943637
11.45203283859672,24,3.2164859532517602,16,0,storm,van,5.446510904153255,WH_East,3.162233940817297,87.34486685343941
4.0785230745208105,8,4.277602870355693,7,4,clear,van,11.845022289580783,WH_East,4.437584046720783,34.01229465669298
9.86607231918033,8,6.507244784989097,16,1,clear,bike,3.682378616916625,WH_South,3.3432476873252446,55.50890646661485
11.571760026696234,13,5.465826812596379,18,0,clear,bike,9.536457939585837,WH_South,7.980097094920315,92.41364563956594
10.026895727178752,6,7.872930048033635,14,4,clear,van,5.033645505276569,WH_South,3.082426593212947,48.06956832876693
23.03324899225357,22,16.944000333932127,13,3,rain,van,2.6586663558251655,WH_South,2.0884213814913526,118.28500274847373
18.300418398553198,3,5.430599002240391,8,3,storm,van,0.31898264482897787,WH_East,7.403109847269059,100.93086787317283
12.641130566866204,12,2.403906720224043,17,1,clear,bike,1.0613723635553876,WH_East,8.197647352865584,99.55818252976924
15.036307048870068,5,4.750624739360257,20,1,clear,van,5.000813751917791,WH_South,4.410448736380509,81.18198217329316
9.826336046952946,21,4.609746616168873,19,1,clear,van,4.802214775878186,WH_North,7.928727654725257,86.19355284867956
8.171231666441662,4,5.101106543233207,14,4,clear,truck,7.5162793445445795,WH_East,3.100345505020746,38.25699249670013
6.420004918055561,12,9.45469433382749,7,6,clear,van,0.7466260920747625,WH_East,3.8282255032047052,53.35352083216055
4.019853225132242,21,1.021346590837692,11,6,clear,bike,3.407197069407934,WH_South,2.350226537416754,49.925562402638775
18.771205234806118,12,9.580086239050425,10,0,clear,truck,0.28108882220257536,WH_North,7.205353348829039,122.05643691416392
23.532267071000533,5,12.125271249191744,7,4,clear,van,10.462944500427056,WH_South,2.9177911483217955,74.61655495307772
8.634732647818643,4,4.941403816887206,8,5,rain,truck,4.770531025239202,WH_East,6.619263894487593,39.01844711410327
8.72276493725126,16,5.025347254126042,15,0,clear,bike,7.011429623471001,WH_North,3.5339768202491824,89.91783758155681
11.846606515382737,4,2.803443925897898,8,4,rain,van,8.526689476688789,WH_East,8.063985625994523,57.966056051074325
7.7213404562217915,9,3.33484697204718,7,3,rain,van,3.2156306273575224,WH_North,2.5823898995028802,37.195577672237555
4.368463434486079,16,5.41171750690001,20,1,clear,bike,1.619387581023621,WH_North,3.3856744622000465,56.6573738474085
3.525025123687162,10,5.173175284476678,15,5,rain,van,6.963254176985455,WH_North,2.2794727279986233,30.29369863075443
23.07345478374245,21,5.498618126828374,18,6,clear,bike,10.840295099514048,WH_North,7.384811193183766,133.86295083253734
2.6598163274830835,18,5.14830739825692,10,4,clear,bike,10.710955625883603,WH_North,8.072284261926653,52.80981507281437
10.247392726945796,4,6.226864912985479,12,1,clear,bike,3.698875707838143,WH_East,2.8734495720520705,50.15897447673795
2.916208568298913,21,5.758367814361499,15,3,clear,truck,3.193921994689742,WH_South,4.243017858843354,63.1845755696061
7.951027706117115,23,1.6208584792039114,16,3,clear,truck,4.242685691038868,WH_South,3.752879836715893,85.16961104148004
6.822457684685783,6,5.945220565450921,12,6,clear,van,2.9429635486126444,WH_North,3.7138597519914285,28.218215974682142
3.2596545127487717,9,12.194812196293388,19,5,rain,van,11.574162450216418,WH_South,6.41847924783492,37.34520119641579
12.081775701959035,10,3.2588073133317854,16,4,rain,bike,0.4160050853529009,WH_South,4.331400176154941,93.97648858808165
4.16664399894075,11,9.484282583637134,10,5,clear,van,2.2959117931725728,WH_South,7.778486499456439,48.073849925869254
2.9610007524975983,12,1.7469882233554057,8,4,clear,truck,0.3395860810306268,WH_South,7.862029621090751,51.410436041972346
12.840394116475938,23,3.251661726952152,7,2,clear,van,10.24776713250105,WH_North,5.688056749226662,70.84670573105943
6.84095149006189,17,2.1195192492222423,18,0,rain,van,5.658086068069302,WH_South,8.242329444300657,71.091124370861
5.225529417599327,23,8.718566887901979,18,5,clear,bike,2.736624580058383,WH_East,8.5865240169513,75.73142562464406
13.28739019254089,9,10.468110997171202,13,3,rain,van,4.744727326888205,WH_North,6.069664483292436,55.27058573429902
4.025822131446098,14,3.097398965588657,17,6,clear,truck,1.2730084183620511,WH_North,5.494397522348828,62.66879899411825
2.448654416136425,3,7.536388329453412,19,4,clear,truck,1.292033950931589,WH_East,8.836488243147523,18.102602653600073
16.6860840824234,7,10.542752315551725,9,3,clear,van,11.362624175050927,WH_South,8.264706154849472,76.82745734129654
21.297407230543428,15,3.2444855436684654,20,4,clear,bike,8.352914000036627,WH_North,4.01906393838593,110.07321929711566
7.82503240311385,5,3.635788943389269,13,4,clear,truck,7.664306719216084,WH_South,3.205226329987348,35.30268984753897
0.7508928452577536,25,5.548517410001904,13,6,rain,van,5.673084058190568,WH_East,2.1978244594219314,75.17706503174685
7.762407877551885,7,1.8408426208980393,9,2,clear,bike,5.877828580292716,WH_North,6.852176281245427,50.64976455109056
13.717634144866487,5,3.586110957818154,16,2,clear,bike,9.264535957891667,WH_South,5.800968411479114,71.02614869932088
15.758521678120749,20,14.879002254106119,15,2,clear,van,0.6286943603031365,WH_East,,90.49158790303407
4.336795721830761,3,2.3396247092030413,7,0,clear,truck,8.009299577969719,WH_North,2.5767400268941802,23.143619282411674
7.04718524060525,9,6.035618703370786,16,3,clear,truck,6.606031865800358,WH_South,2.852646656520343,49.91068553786239
9.787412699392947,5,4.790635679358744,8,3,rain,truck,3.680397370219196,WH_North,5.9773935913643275,50.55015334085425
13.273125983773024,18,2.960516848011389,10,1,storm,van,2.5880591842728053,WH_South,8.871954412722634,114.06353362996204
12.485641185352236,22,3.8773757241150832,15,5,clear,truck,10.34106366800623,WH_North,3.0407576438491484,97.53980077480588
11.367761173965208,5,11.322976129394002,17,4,clear,bike,11.178688902629316,WH_East,8.258260851503595,69.20091707129366
15.735695557950631,11,4.891592928084145,8,1,clear,bike,1.149858544880309,WH_North,7.802188841981834,134.21475412301714
8.163981832800019,12,5.456857290832019,13,1,clear,bike,2.037952323677868,WH_South,4.653022608956015,62.59759922506292
18.8667227331399,18,10.181818272227693,10,4,clear,van,8.005312819177934,WH_South,7.442836554854818,111.96325241610388
5.977420922864853,9,2.711257892303893,16,0,clear,truck,9.28816121505085,WH_East,4.065899419641312,45.75969855592132
12.5967945330733,14,1.5954559590279054,18,1,clear,truck,5.896077136393341,WH_North,8.046644837491584,87.47308222143873
6.524485283884297,13,11.448322058052378,15,3,storm,truck,11.122709719777328,WH_East,2.7557323447744144,79.04229006673398
7.894121261495985,1,3.653060275069437,18,6,rain,van,10.47638033941198,WH_North,6.349266344146755,33.36798351942886
8.648973850601726,15,6.206025004509192,13,0,clear,van,1.515048315318571,WH_East,3.527388284343784,65.67199528351917
6.298269252371876,15,1.9471554618441618,15,3,storm,van,1.7093581430016442,WH_North,4.088899470381625,66.8428089021425
16.12071981387664,25,4.357804666396946,11,3,rain,van,1.0307522933183066,WH_North,5.0495810169759565,93.87678118394832
6.7215435913393495,13,1.5405616390137549,20,1,clear,van,10.50505176916051,WH_South,3.9041636303020173,53.31129919533757
8.388041507574098,23,3.4716080021225983,9,3,rain,van,6.6915633500382,WH_North,7.72105648586663,84.64341115339738
11.768967688169916,9,2.1095059441425987,19,4,storm,bike,11.296709320731606,WH_South,8.078977831361302,114.69179909866828
28.61924411845556,18,1.796143677990179,17,0,clear,bike,8.750806917257858,WH_South,7.658640905650832,247.15989258470444
12.014115876469456,23,2.685358212244773,20,6,rain,truck,8.784002410017477,WH_South,2.9795670040635502,91.05829675438292
8.82917555011282,4,0.6667277748207637,15,1,clear,van,1.5017986743523428,WH_North,5.164317748414419,35.475233872876586
2.146995728325801,15,1.4741304544608806,11,2,clear,van,1.314252341827141,WH_East,3.5992417810747215,42.40062971212035
7.768504828165115,23,5.741324365310368,10,0,rain,truck,11.171482705520749,WH_North,8.035747200392347,103.15966337893076
5.618691542900439,14,4.234928617895311,9,4,clear,van,5.791215117632116,WH_East,7.219539378653298,47.116726870829474
6.9903580802129,23,1.565286911351307,20,4,clear,van,11.9271263225518,WH_North,4.9347580519340575,73.3093464713933
6.440852335871463,11,4.872033949276137,8,0,clear,van,3.8764140627971875,WH_North,6.979743146925693,41.001162458967784
11.702025520940374,23,1.7954413146998556,18,2,rain,van,7.456996230001525,WH_North,7.735303063487907,100.85174697310636
7.669815282768326,16,5.503447473790448,16,5,rain,van,6.873697549243896,WH_East,3.8842487190778288,64.78182135654075
4.796741283957349,12,3.061952084181756,8,4,clear,van,0.8169352075535605,WH_South,7.020613414725115,47.15350530663727
14.041907516386143,6,2.644319606829289,19,2,clear,van,6.226265674343752,WH_North,8.581094135925381,64.11996359629617
3.7462055925172075,5,3.1150819603147335,9,4,clear,van,11.09258809235624,WH_North,5.955826642118617,31.64632386882372
8.59216548340033,8,19.91891772619169,9,5,clear,bike,5.446439522891161,WH_North,6.017259840281725,66.9402308672698
7.802040091632934,19,1.95196964340247,14,2,clear,truck,5.671549831199141,WH_North,3.715231030835972,79.6675164363867
10.420422688004287,12,3.890707689426769,8,1,rain,van,8.410170503253617,WH_North,9.968676463144037,81.70834949927111
15.827682125372487,10,5.737124328017151,8,0,clear,truck,9.368506223391952,WH_East,7.930921901106358,92.03521238522144
31.051826748742304,12,1.6926765028208013,15,6,clear,van,9.935529270284576,WH_South,3.1500921655390797,106.26205321234094
8.825764547022352,9,1.0876501178058502,20,2,rain,bike,5.42360531692959,WH_East,4.8329522194783845,61.37534192559504
5.56115723018314,21,2.17979601195798,7,5,clear,van,5.328166246182404,WH_East,2.0222830917547223,81.08569291107106
5.227856088790276,10,5.649823133009267,15,2,clear,van,5.680275111250208,WH_South,1.070009714394319,41.30119124800666
5.212445217443582,12,2.613257647320211,15,4,clear,van,11.62785668323314,WH_South,5.360466573830697,63.81134207892539
10.201367017454459,14,2.8242020034720023,7,2,clear,van,11.150193969216536,WH_East,4.344192473659576,76.62468943264503
1.7851802199903597,17,6.2810599991132925,9,4,rain,van,7.472986629550519,WH_East,7.3992530525259355,48.07177831665256
3.593039129260333,9,1.8880788759255602,13,6,clear,van,3.411953923621815,WH_North,3.05162239813594,32.91457384528889
10.206840987808521,2,3.1201194370601755,16,5,rain,bike,10.804990985353118,WH_South,3.94692235357609,57.429296745518414
14.43585718754249,18,1.1506319015534685,10,1,clear,truck,2.05115549378894,WH_East,7.683660869669458,121.19118118049563
14.48400567429972,15,4.155793324229703,13,3,clear,van,1.2810066291354967,WH_East,,76.95313055540575
9.071807295271153,17,3.898745958004266,13,1,clear,van,4.974783445662222,WH_South,5.631802814036024,79.80389737026036
13.402385906956706,14,5.79430424727701,16,1,rain,bike,8.223642531127425,WH_South,2.680802694717672,74.38026986479612
15.98230672250979,13,1.4893215904199666,10,5,storm,bike,0.6310747427733037,WH_South,7.465490585757276,162.43952219343802
6.659728298903097,24,2.902808432754998,16,6,clear,van,3.7546731922203733,WH_South,1.9001846027205846,73.62655244267046
15.079855967593847,2,1.3567209844720183,18,6,clear,van,9.4097720682873,WH_South,8.40689572622567,54.6243997296015
2.791111573294167,3,2.7947015465051877,15,5,clear,truck,7.910632432703682,WH_South,3.2637955078514147,14.452451342849624
3.5240176066207063,24,9.367550595157761,17,3,clear,van,1.0136047992518948,WH_East,7.181855338099359,83.01002143811405
6.9062539359578885,23,2.6524216975314165,9,3,rain,van,2.421738355882304,WH_North,6.449484525019955,69.4869800723255
2.536482173332138,11,1.2761607071425813,19,3,clear,van,8.702045075824426,WH_North,7.484825326597761,31.507154569195503
11.811304229860415,14,2.062841733595167,11,5,clear,truck,1.3997368899807592,WH_East,3.1670649228622656,83.6990447885387
6.058853524550982,12,1.0750140342470589,9,0,clear,truck,0.11645286487686457,WH_South,8.842588003054967,75.64153044828521
7.851861838986811,25,1.3403878130768474,14,5,clear,bike,11.912171410075453,WH_South,2.0157497834972773,76.9470918620393
8.027175187683063,12,5.310525864679704,12,5,rain,van,7.367205854814608,WH_East,,45.67149400285678
6.8000504083157125,19,1.20635297010637,13,6,clear,truck,5.147437927407584,WH_South,2.5526654404561695,69.58139439969791
5.191203660281556,10,4.131456520691781,18,4,rain,bike,7.164936893978555,WH_South,7.1023332465460545,64.66462759327388
11.488725984447928,10,3.3804873081705256,14,3,clear,bike,8.04220207128819,WH_East,3.3369020791813573,77.07736741388632
5.978860496802643,17,2.288576996786382,12,3,rain,truck,5.946017151112949,WH_South,2.9493452342377267,75.39605474803264
7.963624761606853,10,3.8928634258811035,18,4,clear,van,7.896816481891816,WH_North,8.175425736102051,53.62560999728757
10.480865415543263,1,1.7222592450038314,12,2,clear,truck,8.502839213695372,WH_North,3.3653551722889397,26.010046731108382
15.908311618011156,5,5.981019752383878,20,5,clear,van,2.153480897999651,WH_East,3.009726466381683,56.98521267046964
15.210181218933338,22,2.036355704613909,20,3,clear,van,5.084510905977746,WH_North,4.073873805865382,97.52078580646996
6.315027106224645,10,2.533351622421893,13,1,storm,van,3.6553119306512007,WH_South,2.5585350136590836,52.729611868507234
5.018716092106812,3,2.3308996203699333,17,5,rain,van,9.568186024479838,WH_South,7.534263706528313,31.527487888358067
17.72375617061202,24,5.379693999207783,16,2,clear,truck,9.238877503597376,WH_East,3.988508255330026,110.19242798610512
5.95837676347662,25,4.860351398206163,19,0,clear,van,9.727268311955939,WH_South,7.989437298653089,93.94197927343241
11.225468340533581,13,0.5298343777167837,13,3,clear,truck,5.249751331727794,WH_North,3.6800254954650558,58.6129980157753
2.436276589564406,16,3.9668409814799053,12,3,clear,van,6.903960878341765,WH_North,3.5573799818714855,45.60790256776858
1.7466789146546058,19,0.979008472472733,10,2,clear,truck,8.467309163358644,WH_South,7.8484273368798,68.85013522924693
8.820647971249986,2,2.614505037679763,15,0,clear,van,3.8653445211414668,WH_East,3.8861332418780377,36.32771035120867
7.325616311735244,8,3.0779943037372663,15,3,clear,bike,11.732233045552064,WH_North,2.7378383056753535,51.22888031390658
12.89182558183592,15,2.594929216397489,13,5,rain,van,4.543485654582165,WH_East,4.417769528458928,86.61287356343212
5.230479601571949,14,4.714172775769473,11,5,clear,bike,6.44418335515375,WH_North,2.3738161833424396,48.97051689004505
10.027783437880746,9,5.496181598180697,13,1,rain,bike,9.921517610077885,WH_North,3.8600364851211486,85.05073396548103
12.503569320036945,1,1.9320351805645857,14,3,rain,truck,8.965046623170714,WH_North,4.848683018264967,55.115723951863664
5.365998002846737,24,1.883519494517845,8,6,clear,truck,6.018924571659888,WH_North,6.6923999107814,85.42549217145942
6.901394661869494,16,3.2375643796795277,16,2,clear,bike,4.899920195995391,WH_South,4.013277504393226,64.38940534484013
4.008128076193714,19,1.1268065203412774,18,3,clear,bike,7.64490566555104,WH_East,,66.0185072349774
13.154731790684496,11,2.377656687004399,11,4,clear,bike,5.228552078759993,WH_North,2.016375935770145,67.78682773057011
11.573499910936341,13,8.530555507617956,12,3,clear,truck,7.10410071184459,WH_East,3.776974339011051,64.74909497654114
12.069952945146541,12,1.1567213772087312,8,5,clear,van,9.599760007785916,WH_North,7.1705203983151415,65.5801765808657
7.307416256058732,11,2.6167101177047907,15,2,clear,van,1.4613829300823729,WH_East,4.795513609051119,34.10348123798842
11.460642947737464,17,2.193260898116485,12,3,clear,van,8.368188300554772,WH_East,4.521041852689215,73.66863412883993
0.9394860809424123,25,13.513477448608443,18,3,rain,truck,0.646002306242611,WH_East,6.367156748301222,96.07705480128291
7.704638546349576,20,2.278454028557885,19,5,clear,bike,8.80812357929488,WH_South,8.14143952265702,84.80301460688808
19.40844663459348,17,2.372946377439409,17,2,rain,bike,2.5098531106415147,WH_East,6.7284912898840705,170.62297781612986
8.406099226659519,1,1.6135949056807,9,1,clear,van,5.920498763111169,WH_South,8.576502240647049,41.7563797300377
14.720192947103477,13,3.3418523948860974,9,2,clear,truck,3.2039071707254383,WH_North,7.393458920871479,84.47797514703385
7.332244299562129,24,4.0113062584752095,13,1,clear,van,3.8629053112996816,WH_North,6.244218138542552,80.19519731782385
17.15885815226912,10,1.785906459292246,15,1,rain,truck,7.544689954738541,WH_North,3.268685899178091,79.11923238927842
5.0103483050776285,14,6.633323499046113,7,5,clear,truck,5.174090000261799,WH_North,2.9333725677965647,55.78387010216588
10.765519762290584,9,4.013824425971981,13,2,clear,bike,5.850837836364123,WH_North,3.9424727763015928,73.20068475848244
5.6569099303258,5,6.027482864218203,8,1,clear,van,11.987291101213383,WH_South,7.581736560234153,37.81746705966003
9.778112437286115,18,2.6387494995127234,10,5,clear,truck,1.4593616092852866,WH_South,6.1025486630900065,83.66478035976745
5.976589349767968,8,3.9362521184542483,12,5,clear,bike,4.611241730529817,WH_South,4.983692034041249,49.71715308452084
8.386419495640212,15,2.8600309704109366,7,1,clear,van,6.362516395690169,WH_North,3.2504020305203616,50.849658295047355
6.5254447865435505,15,9.2108034636527,10,2,clear,bike,9.764475419639762,WH_North,7.218155701482802,63.795042031381314
12.252431313870307,22,3.601624148770827,15,5,clear,truck,3.388708784741075,WH_South,2.901540680163653,118.82415704078768
11.024804083034507,24,3.3405242769618617,20,1,clear,bike,4.726163290669003,WH_North,3.973924018356421,123.44202981631295
5.531371132910348,14,2.4090454752489934,17,6,clear,van,9.855141281879241,WH_North,6.383624772502519,61.8775904938102
5.431773320425654,2,2.3136479051738053,11,4,clear,van,6.364452315702463,WH_East,4.658140203850476,23.80944019484396
4.7331701351677165,15,3.9212302834317843,20,4,clear,van,10.272788761371048,WH_South,3.937454367847667,52.755844679224936
4.141123117226794,23,5.892681879137136,13,3,clear,bike,0.7721752806185851,WH_North,3.818086337510952,77.80523288909059
12.723114555226648,12,2.0560966011060895,11,0,clear,bike,3.444956026641924,WH_East,4.302288291135339,82.54987052496656
4.560111977573749,15,3.6277241437909526,18,5,clear,truck,6.6930391223918715,WH_North,6.236260779076984,50.20541904737751
10.256555157634653,20,3.776956942381449,12,3,clear,truck,1.4638338533888389,WH_East,3.2734687005833276,109.19587755584402
6.183362147424699,11,4.266758738936738,17,1,clear,van,5.781445587922716,WH_North,7.780156546236893,40.49260664839501
14.482032764095123,11,1.0047638298261667,9,5,clear,bike,0.21163147016810813,WH_South,7.836929110206757,123.43904407775652
22.02194645932422,13,1.7379167228733257,11,2,rain,van,6.05594327690546,WH_North,3.5805077388330946,100.32013097869319
0.717259459531192,22,1.2762279790296167,20,2,clear,van,11.043787372527014,WH_North,3.5146099265063873,66.9575002890581
4.969493024707621,13,3.397429440138082,10,4,clear,van,11.379817279665321,WH_South,5.902432574249669,54.29104634646254
6.120403069772892,9,1.767062637265375,18,1,clear,bike,3.8293487461719162,WH_North,7.1758350283101535,48.43272900857432
7.46109725908035,15,2.34581107688439,13,0,clear,bike,0.041476371811045354,WH_North,2.3145091556978983,70.4020814424504
7.185768812475841,18,1.439079442701789,20,2,rain,bike,10.945785590491319,WH_South,2.5386794947275666,68.16676954991786
3.4893144889029575,23,2.5036118368337945,12,4,storm,van,6.806278898032179,WH_East,4.129193717397243,62.2170164731243
22.271857022411716,23,1.5115377031894188,13,2,clear,van,6.9674604864357566,WH_North,6.786969991391302,96.72164835318867
7.345800063551577,20,5.6436775981496385,12,4,clear,van,9.780816471933935,WH_North,3.9748100893067364,66.22319487836683
10.996673265323269,20,4.643459075264144,9,0,clear,van,4.720222120941909,WH_East,8.09947947783583,71.54472793999071
11.190678402079385,12,3.688281004358349,18,1,clear,van,5.041402625863218,WH_South,7.115545439469032,79.21241274483883
2.9545800259490607,9,2.6875786260315206,15,1,clear,van,10.217843604438762,WH_East,2.8564399870291592,23.225075075168796
6.7565669684271725,15,0.7974144391492891,14,0,clear,van,5.8984650423145215,WH_East,5.650528043940344,53.32032728297714
12.722679355617327,18,2.4091051274905717,12,4,clear,bike,8.829698844940303,WH_North,3.07516674274013,82.40151116087885
17.772180201254912,13,1.9483452438488202,17,1,clear,bike,10.860418452835656,WH_East,6.0001076996866765,109.39638325628695
6.844399832010334,6,3.9475374419711313,11,3,clear,van,4.723103084655703,WH_North,4.021002271432876,28.834191239274034
3.355191535306765,1,5.123280815750447,10,6,clear,van,10.667191665962491,WH_South,6.6132117424566195,22.029090756737773
5.799147965216264,2,4.167193817114593,8,1,rain,van,3.9287856294846226,WH_North,8.336268521013032,31.910821905969506
6.664620492251849,11,8.037570142160984,19,1,clear,van,11.154923900154861,WH_East,9.210860013496605,54.19618836681265
6.510440220937295,20,2.230397980031057,8,6,rain,bike,3.6644426174242617,WH_East,7.332096709266437,78.89527516632734
4.736549414370897,20,2.1665951566712525,18,2,clear,bike,2.8107007452669563,WH_East,8.004224714431688,76.17400106232716
3.1060436260313598,21,6.865540441018236,12,2,clear,van,8.649856951440828,WH_North,4.393654861092976,71.60744121820758
3.98196161192719,18,3.7297883006110357,7,5,clear,van,11.063982519796237,WH_East,5.434233151348462,75.28108861007006
5.830816909905412,1,2.7929569732095656,19,0,clear,van,9.217774100163913,WH_East,9.850653856641289,24.059098217858335
12.60302087882555,23,12.092250603361276,17,2,rain,bike,8.881462606960566,WH_East,7.515634629270055,129.4586606087933
15.364517464772192,24,4.974930412959348,17,1,rain,truck,11.676304662105405,WH_South,8.65482167113806,118.0173302250904
8.93703817195702,22,2.905539473557603,14,6,clear,van,6.689316561458199,WH_South,4.607477957894561,84.41236100922691
4.059256252788104,12,2.0541017144222096,17,2,clear,van,10.651430909639515,WH_South,8.424088332076774,37.691017180041314
6.0421070787533875,6,8.40274862938143,8,3,clear,van,0.445134843051453,WH_East,7.740302459092758,41.2794710474916
1.81363741513811,23,3.8377947378780664,10,3,rain,van,1.5858807063223597,WH_East,7.351950702491927,74.2903416209372
17.96238674488398,5,3.3775879945616123,14,3,clear,van,3.2579002732648736,WH_North,3.8887609863588364,55.47987436360415
5.462000759076299,20,5.330225256107262,17,0,rain,bike,11.353499232147945,WH_North,6.774159979705938,66.58218612793186
10.470758698076644,25,6.147598389616484,15,1,clear,bike,2.3631550468816784,WH_East,4.605800744354255,117.31463299326923
14.764158669229289,23,4.878847330232796,12,5,clear,bike,4.5969933450147735,WH_East,4.2518313576534705,121.52338579123604
20.743043809701298,14,6.164351268534912,16,3,clear,truck,0.4263404361358454,WH_North,3.4427485650815517,91.78887970896439
13.393635387367034,21,4.553800009061835,7,6,rain,truck,0.9382643509392379,WH_North,2.5945164017459197,108.61734932044224
6.485316062075555,21,4.896023810241687,14,3,clear,van,6.991778468320895,WH_East,,61.15585153882524
11.287859025735221,25,1.9894406157531812,12,2,clear,van,1.1728542583341297,WH_East,4.220246185733177,100.4126937162206
20.319048222299458,10,11.789952870547907,13,2,clear,bike,10.790442194124097,WH_North,3.7902130393292577,102.31892848760249
5.428977741265937,16,1.3999357443940235,8,5,clear,truck,10.629608090683472,WH_East,5.700947969941159,77.62179896305688
2.99417626027311,21,4.122931049270515,19,1,clear,bike,7.466576583728739,WH_North,10.0,58.62413853516846
4.7612323918030235,6,1.3024707782578422,18,4,rain,bike,4.755444480678066,WH_North,6.19953060186816,42.66091286419181
10.857867658989282,6,3.0997141042876595,20,6,clear,truck,10.65386252566359,WH_South,1.7041884898800228,48.15671067696607
6.588860386150407,10,2.2257511485333623,18,5,rain,bike,5.853808216556338,WH_South,7.845569137198417,69.41558597627687
7.924448142792708,10,3.6511022559648194,16,2,clear,truck,2.2873757421069536,WH_North,4.391389583626352,51.49145803419697
11.917076700443864,19,4.2174487218901335,11,1,rain,van,4.14790416196249,WH_South,3.157127108146517,62.11431803033014
4.691692618921397,24,1.6998948698815686,8,4,rain,truck,4.357718889387561,WH_East,7.099148611616254,98.54053462287615
7.690611925181921,4,3.252454303116806,15,4,clear,van,6.957708383691786,WH_North,4.212097407725671,30.943429865986037
5.976177444503475,9,8.807221022330099,20,5,storm,van,4.814476351169759,WH_East,3.340310907842826,43.630387970186305
19.865981324212544,24,1.3250026133143764,12,0,clear,van,9.81935434359394,WH_South,3.166487066343571,97.58927663953958
13.157689429147919,15,1.8260631431012757,20,3,clear,truck,7.5181336184142165,WH_East,4.694477789116381,73.63902968158865
6.617096330299854,6,6.0649618582126665,9,0,clear,van,3.0254934214293963,WH_North,8.314673497349998,29.08119791794649
6.388775503097331,16,3.5053429767743784,10,6,clear,truck,4.824970802257798,WH_East,8.202833464943248,84.63088628786441
21.12383537865352,22,3.69067161463603,16,6,clear,truck,8.678963967844757,WH_East,2.955158930823322,128.7070046149821
20.16710675643932,10,6.791091257751807,13,5,rain,van,2.9069549832502037,WH_South,3.7291722274943306,74.94029561810794
10.81656000944361,13,1.9043712635882244,17,2,storm,truck,1.099606078522556,WH_South,7.59455450299277,138.8498293552957
8.146635186277425,16,2.3081938577206644,11,5,clear,bike,8.533742692965562,WH_East,3.486972570369662,58.34209719682652
3.5345028563948944,22,2.117319058736149,17,3,rain,truck,4.879891299140826,WH_South,8.122039131686723,91.01640743223015
4.789176945618248,15,2.601941421247411,11,4,rain,truck,1.4913440428986484,WH_South,4.56328720637145,65.95396891374648
3.3481830862866118,24,8.479618490495278,9,1,rain,bike,5.75363324339942,WH_East,8.267547347243887,67.84467733996115
15.096326383243326,19,1.009286790237003,14,3,clear,van,6.723766784781205,WH_North,2.100038122521637,80.36279123030809
3.5733013021720224,11,1.439141610982118,14,6,clear,van,0.30908810272531184,WH_East,2.4361219761892263,36.41830802981879
6.337879945633813,13,1.2763722226125656,14,1,clear,truck,9.493441410698571,WH_South,3.874855640297934,54.64267563131513
2.100192702764573,18,8.856802124897651,7,2,rain,bike,5.898132290628303,WH_North,4.219734629202171,62.058346846939195
2.7803001671814207,2,2.159593578111058,12,2,clear,van,0.3065931872400607,WH_East,4.542375271623941,18.867582100163343
12.2290552218775,6,2.6414511594289327,8,1,rain,van,10.341435068452908,WH_North,8.293818541980935,68.05361915963918
9.872114331019159,6,1.0722466020885513,18,2,storm,van,7.023080790725254,WH_South,7.165777521518048,65.3119245162995
8.32352775847368,21,2.7630351697395743,8,4,clear,truck,11.559029098336362,WH_North,8.626305305747454,98.03431898107752
6.41133681750115,21,6.089495299177874,20,0,rain,van,3.3746188812824163,WH_East,3.071860198029517,71.84221686372317
2.5203209121696624,21,3.9632719487369394,7,1,clear,van,4.951310887755689,WH_East,4.936930066909803,63.405841825392685
5.8825064584058495,3,3.078662237289979,15,5,clear,truck,7.955254449057273,WH_South,4.1969737346575124,26.03644172220776
7.4115884697475884,8,1.1102443566066056,11,1,clear,bike,10.967778375260643,WH_South,3.790908636893064,34.02441543050564
11.758091033340566,8,2.6390883587967493,8,2,storm,bike,9.49398779897347,WH_South,7.216774173800539,129.47391332597462
14.63006561370646,1,3.6797335134968323,12,4,rain,bike,7.716230486614018,WH_North,3.17355752942597,68.10673134533452
12.44829874094631,7,1.658183291027438,7,5,rain,truck,9.546208498435202,WH_North,2.0154042355172814,61.684845010469516
9.837574213427784,11,5.251027703975183,16,6,clear,truck,1.1381057917237158,WH_South,,59.09855867087497
8.247337365824919,23,6.169069293213112,19,1,clear,van,8.690150868509432,WH_South,7.637589989574157,83.95797448700337
9.275093332933917,5,2.2931946841164073,11,5,rain,van,6.943537511134341,WH_South,2.496519306742404,49.66529009358233
5.6348414708483645,22,5.518370048632818,13,5,rain,van,3.291031412237326,WH_North,1.5510837812966367,72.15179210315964
8.67460611040131,21,3.0746229681619885,8,0,storm,van,2.8625900267420517,WH_South,7.364786484662633,121.70504467225314
7.3856479045911625,4,7.411231257459583,13,6,rain,van,3.459240500204101,WH_East,3.0836010208629987,39.18642620328416
25.87239276106825,7,13.789472821623812,20,2,rain,bike,1.4744728404073792,WH_South,3.4947990365942134,135.39064059217495
9.413848642113358,12,1.5440891084234019,14,2,clear,bike,3.2790587786598966,WH_South,2.994574673357517,69.61736553434149
1.6935571875566509,24,5.689595081828092,19,5,rain,truck,0.8550351394009734,WH_North,4.8479294209652934,95.83502908023013
6.198983096092905,20,8.27695540704308,17,3,clear,van,8.072867083301437,WH_South,8.830894633261442,78.13704017046868
6.895955308590949,25,1.682908862203052,8,1,rain,bike,6.1475402202270715,WH_North,7.76434684498839,102.84460543359852
13.409309247239838,8,2.2197965160514865,7,2,clear,truck,1.532172101493991,WH_East,4.08863029947458,78.10213985550459
10.121829816446871,23,2.20237435626989,12,5,rain,van,8.366344949844336,WH_East,3.1627385144710254,61.18517817500039
9.82605913706606,24,3.0254297061816184,20,1,clear,van,2.136139948612875,WH_East,4.24763166480747,91.06294065283929
16.869052647672692,15,2.587117044844285,9,3,clear,bike,5.93862881222473,WH_South,8.01652590451099,144.3556072292214
20.219391052845644,4,2.8898389917104543,7,5,clear,truck,11.041269972122617,WH_North,3.088748616195176,58.760151117564156
12.218777602130723,7,5.969074139070801,20,6,clear,bike,9.131029108500332,WH_East,3.686966150848945,73.29738155393356
6.4994163543013554,4,0.8806736039234351,9,5,rain,truck,7.009661731819417,WH_East,7.880093321066685,43.96702772757215
6.622038058529871,21,1.679127989600762,11,2,rain,van,7.019031165458806,WH_North,5.044966505547938,55.906621914125324
0.5,8,5.306591108755436,17,1,clear,bike,0.770310378925311,WH_East,7.051277250961103,27.71900508506629
15.667242615788698,18,4.888782544258092,8,6,clear,bike,5.12412474627914,WH_East,7.224487963650901,121.60813166308924
6.609515296841907,7,1.582523087483147,9,4,rain,truck,3.6854611378458024,WH_North,6.355159128125782,48.55721513857989
7.914436344307523,25,4.912541206307259,17,2,storm,bike,5.695628912376282,WH_North,7.3667322880037265,128.7347992090523
6.1154918834434095,20,8.404832766649719,7,6,rain,bike,11.41708996623121,WH_South,2.8227180243191867,66.87617133398943
4.011178194618296,10,3.2081082714096216,16,5,clear,van,9.438202110618203,WH_East,3.6668177516394604,40.80236609245121
24.750888707842613,12,1.6395589693713009,14,3,rain,bike,7.319720880939814,WH_South,3.6939854928608935,128.5941631099457
7.946896661542203,2,6.125546515189238,10,1,clear,van,8.456276198860323,WH_East,8.405526543211842,43.62483218910468
18.219038502405283,4,11.090975966461297,15,0,storm,van,8.767195531197942,WH_East,3.4894117286090607,90.99987743673775
6.665360435625665,25,1.78550589133828,11,3,clear,bike,5.476477436745991,WH_North,3.28006643369981,92.90074293133294
5.459997469697342,21,3.4126067830747684,20,0,clear,van,10.396287477416791,WH_South,3.078066365841612,69.71914835429904
11.632544847913795,21,7.121432823409663,12,2,clear,bike,7.407671365825584,WH_North,4.421651913487066,90.67099667381423
14.594787430275122,17,3.5993421781524515,17,4,rain,truck,8.856406358038065,WH_North,7.459445943339274,103.766270432057
15.12563757272026,6,0.9771574990691179,10,0,clear,bike,0.13258477438087857,WH_East,5.616157719940156,80.42064649756524
7.351138871193757,3,4.528507446296529,18,6,rain,van,6.455009755490772,WH_East,7.572167868129183,37.457892707891475
12.329104372242552,19,1.6733606248502157,11,3,clear,van,4.370214247153478,WH_South,2.963657960670736,70.94474170280947
5.845802560143229,9,1.3640990590267563,14,6,rain,van,0.6648396901288076,WH_East,3.1738717428996632,43.20475953895218
8.608691302451472,1,0.9906206692212788,18,1,clear,van,7.753600734584608,WH_East,6.783799578583368,27.32541126665536
6.921721555482565,1,7.639140563910174,19,3,clear,bike,11.145123119829378,WH_North,7.813258516088275,35.95708711621039
6.285984605295596,14,1.8509556563026837,17,6,rain,van,8.793068761960741,WH_East,4.416630170801828,51.08615462261917
8.822291097285273,22,4.192659785333659,16,4,clear,van,0.9586945889923304,WH_South,3.769682589935834,72.34107892569884
3.939025549298959,10,4.979194352812159,16,5,clear,van,0.6802884982183199,WH_East,2.2123480623775693,35.04899470524409
13.92496426314099,25,3.7183249806804484,12,4,clear,bike,4.140385795266815,WH_North,2.6590382763838947,113.11888155742564
6.302084323307242,10,4.086135042841367,16,5,rain,van,2.8625734611370466,WH_South,3.687763116667571,41.681715378959865
13.554774544130467,19,4.335052241170639,15,2,clear,bike,0.330865360909816,WH_East,3.6931928435369077,87.44570736174668
4.5159134909302185,7,3.657092309273938,14,3,clear,van,0.4808643946495703,WH_South,3.580301079639435,32.455625197575614
6.28828985584912,16,1.9501149898263916,11,0,clear,van,4.141757742511803,WH_North,3.1481241803027693,45.65530224115805
3.9299294037965264,7,1.8321020823272502,11,1,rain,bike,1.6024655977455962,WH_East,4.605111850174196,46.34031324094566
3.829285157222233,20,3.0848804947193886,8,0,clear,truck,2.3359962579918885,WH_North,7.408737692338163,68.59174255634164
4.91912091189109,12,3.03947610402836,17,2,clear,van,10.434224272271118,WH_East,9.138965903899654,49.2695801593108
4.562578530151084,2,4.484037250934011,7,5,clear,bike,11.924134952619319,WH_East,4.106611242555333,27.82431248559988
3.95258418473763,7,7.17896374198683,8,1,clear,bike,9.654950777591768,WH_North,9.08277022899841,33.129200422154504
8.261720788567256,9,4.2237938991498245,11,3,clear,van,2.793202172472085,WH_South,4.67121159480349,43.004084400044576
11.50292461887006,12,1.882087242988011,8,3,clear,truck,2.110102377069115,WH_South,7.254359224361851,76.85023133826888
11.847207393596065,7,0.7212214324651776,17,1,clear,bike,6.941708010480427,WH_North,7.847204945091651,86.01136037901982
2.3776873190207186,15,1.9381694708113726,8,5,clear,bike,9.406947244439113,WH_North,6.8172400915416915,56.15936496140749
6.894659574780265,25,1.2954482146032684,13,5,clear,van,7.889316004416161,WH_North,3.7543507572324675,91.11754075313206
6.4780517860410605,18,1.9912039550770884,17,1,clear,van,9.645021248053311,WH_East,7.790463594388822,75.01941378782307
17.037337284515715,8,3.9337528433515936,15,0,rain,van,5.843965696258386,WH_South,3.581081143674726,61.12125531012185
7.058700651561938,17,3.5221561880078784,15,0,clear,van,11.853216100920845,WH_East,5.292225961505439,54.43773428883615
7.853034258381206,25,12.191321325758754,11,2,rain,van,9.442417101517691,WH_South,3.505319739545438,104.33942282293825
3.0448765324281872,7,4.65600175078853,13,0,clear,bike,0.6112967346171052,WH_South,3.2380056536877806,40.76621457859334
4.834901770312122,6,12.634322244939895,17,0,clear,van,4.368658186018747,WH_North,7.438247269682643,38.058083425464034
2.9110981632228174,1,5.477219506080245,13,3,clear,bike,6.7154509954144075,WH_East,4.764110239579045,21.946019880300653
8.579531408850396,22,7.099289583034486,16,3,clear,bike,2.6903723788952907,WH_South,3.9690059560738975,84.70504031931715
17.340134442518117,21,2.582527085024141,18,0,rain,truck,4.840210977857398,WH_South,8.212608788307502,170.00302779141765
4.945031970224482,11,1.5649337669666763,10,4,clear,bike,7.555328402814924,WH_South,8.012396588600454,49.27604585096103
7.093397202947813,22,2.424749151696194,8,2,clear,bike,6.626015577182173,WH_South,5.826391443400179,67.87532345565539
4.581484182724211,17,3.2926454457455883,13,1,clear,truck,10.337398369643143,WH_East,2.8380705774786215,70.94666715194997
5.5546529534149744,25,2.138893803631096,12,0,clear,truck,3.1501355886734457,WH_South,3.5491087071411718,86.5452459364942
8.686265105282484,24,1.6474033200833456,9,5,rain,truck,11.053719148938372,WH_East,7.283272592089412,91.96292814716725
21.91260497743621,24,4.445028962508266,17,0,clear,bike,3.8657321764014845,WH_North,6.914124816152101,176.80998250932973
16.86410289273368,10,1.6425041264337803,15,1,rain,van,11.04474902268765,WH_North,2.8863730423411704,52.476668920187066
19.64067797952554,16,1.1349125917763556,16,4,rain,van,2.9794460058622474,WH_North,3.5189313059902076,98.91710851413373
13.623005734320992,5,1.5136738669296874,16,4,rain,van,6.090516687036809,WH_East,4.993652887490359,53.53388225241423
7.036103865388835,23,2.817785120868108,13,6,clear,bike,11.186880307770672,WH_South,1.0624200827438353,88.93628935632312
6.4564523162811085,8,1.6592349531943398,14,0,clear,van,3.3299835566966567,WH_South,1.4136039518769086,40.139880271305195
4.964497881375296,12,2.830170812696703,10,1,clear,bike,10.185027781795723,WH_North,9.36181102044959,64.41031840087419
1.1200229725978441,15,5.054662141273485,17,4,rain,van,6.014770827093395,WH_North,6.422655178200321,35.388586491523334
6.967779380942721,20,4.9634950154409125,20,1,clear,van,5.037543170506403,WH_East,3.435209792466307,54.08317937215286
17.477601618261197,19,2.0905388665672797,19,2,clear,van,7.964268143484729,WH_East,6.449315783837229,92.55940863579323
17.366953491927468,24,1.3327452185707078,12,2,clear,van,2.3826133229202457,WH_North,3.5276896442718835,105.30467174098436
26.429636187485098,18,2.2190153787109628,7,5,rain,truck,7.905959996292287,WH_East,2.8774866651192625,135.62814445217276
9.069267381286654,20,5.253798647382696,19,5,clear,truck,2.1195163338754965,WH_North,8.449600018762888,111.72593278736771
3.5319942054696125,15,6.186919840400658,15,5,clear,van,8.530397425596085,WH_East,3.6486073820723206,51.875404281837596
11.071762542518861,11,4.250441860562751,17,3,rain,bike,7.327796594976883,WH_North,6.645188449953048,77.09947407733004
22.04463588394536,23,7.698343960753847,11,3,rain,truck,1.678316005695991,WH_North,2.0828257393502883,146.97580096359883
18.76022230637919,10,11.13887769300907,19,3,rain,bike,1.208208804392494,WH_South,8.249711383563561,159.09732309192566
6.003849807090923,16,2.367277238748057,18,0,clear,bike,7.288238845242027,WH_North,7.332348950831734,75.7786726440692
3.7664615757706366,8,9.398915194637802,7,3,clear,van,1.4578299777873984,WH_East,3.149207135754375,28.435829429171697
3.6943478413396926,13,2.7665895035041035,14,1,clear,van,7.501126848240342,WH_East,4.866304937952352,39.349261938593614
5.171840373184988,10,6.77943718932051,13,6,clear,bike,11.98826012741494,WH_East,1.4192022632368069,44.86112682043325
5.682851619521841,7,5.45209930492258,16,1,clear,bike,1.4757106722921693,WH_East,3.47031827064947,50.70230651328246
6.716725204547146,21,0.831984978112777,10,0,clear,bike,5.6857305970935075,WH_North,8.367699458352632,80.49951229334862
11.918371815748342,20,1.688163084506808,8,6,clear,van,11.092841142059083,WH_North,5.937725908408524,84.36949180435592
6.574979654076008,18,1.412128949038211,10,1,clear,van,11.245226631403803,WH_North,8.968294700093166,65.74336297521405
8.37860564099352,3,0.9536744414296332,14,3,rain,van,0.35893283044531277,WH_East,2.8895082789389552,34.427246839063365
2.7655853324547657,7,6.144273368195454,10,2,clear,van,9.696093076125829,WH_North,7.73662478403169,33.894320299277716
4.968637575938486,6,14.127740820296028,13,1,storm,truck,2.86254978084892,WH_East,3.1760219614648264,46.87745936072385
4.820892521866472,18,2.772166783458937,12,3,rain,van,8.95882073856456,WH_South,1.3339003500300897,55.09753668503712
2.4315494597351224,23,6.0370148869112725,16,5,clear,van,4.260037714951687,WH_East,2.6214713619982177,60.78645664837868
6.473234629714886,10,9.386173689643076,12,0,clear,van,2.698667644683449,WH_North,4.513045165984398,42.52974183124994
2.7802862420706536,9,3.8413819709665815,9,4,storm,van,5.64866082823661,WH_South,6.868916300458061,36.160481821826735
6.191741880735811,14,3.261805428679552,15,6,rain,van,2.1110242131638253,WH_North,2.4346129263455283,50.05719971313863
8.767370645607429,25,2.795520879935768,9,2,clear,bike,5.0903453137367585,WH_North,7.335188229158771,99.77346542920723
17.64349984749722,10,4.836983185178874,11,4,clear,truck,4.737828842052544,WH_East,4.282457899416293,87.4455622504348
4.661624873366045,7,6.124430882818091,16,6,storm,van,11.554345213095077,WH_South,2.676227065463318,32.77354497919366
8.623058078410223,14,4.587170724952093,10,6,clear,truck,6.505481685824296,WH_East,7.020850960749266,71.66115074664818
5.404472799151925,23,4.478213314141459,7,4,clear,van,8.364841682746311,WH_North,3.832611390368311,66.0748438028613
2.6692315981572503,19,3.2032245334529357,12,6,clear,van,2.0992687317167347,WH_North,2.528913537182164,47.3911748384363
17.75771251343667,13,1.0886428540517674,12,5,rain,bike,11.96762580857321,WH_North,4.5206605652979235,102.42460283718205
9.004318456532154,19,6.22392957741636,16,3,clear,van,5.972168000137451,WH_South,2.877233956388413,78.8419025024728
10.74734825904648,1,1.3508883543142913,16,0,clear,van,0.9027699018032802,WH_South,4.432670942064013,43.727363284337585
19.37802616727935,19,5.122127855334738,7,5,rain,truck,7.311429942552383,WH_East,4.148223150797463,119.8433915439211
6.172769462230401,3,5.635104290746333,17,2,clear,truck,3.817755649456059,WH_North,7.675528824641509,31.236092956172268
3.407369938250881,10,1.4943592607665486,17,5,clear,van,3.527189097753988,WH_North,7.054758929432429,35.49273502471422
4.617682934601621,9,2.1695926837142325,9,4,clear,truck,3.8042228012635726,WH_East,8.2773288781855,48.93922082161852
3.190555804385981,18,14.658673176326497,11,2,clear,truck,5.405000388209681,WH_South,3.4658689718396145,79.90489226944463
15.061480144057926,7,3.140438480026344,17,5,storm,truck,3.4455050361877144,WH_North,5.293514613847245,95.17759277174554
22.5202187272827,6,1.413191225034568,15,4,clear,van,9.344131718024807,WH_North,3.57556415918427,62.60602277965674
8.711322411959168,23,5.8160158635566,11,5,clear,bike,2.1475107864201437,WH_South,4.481221742732966,116.48871268539874
12.110605166387113,12,1.933104686136355,17,6,clear,truck,1.7032713220081184,WH_South,7.511961993342597,73.9267288047295
13.94845152981537,19,0.8655701850704173,15,1,clear,van,1.2536658539196286,WH_East,3.8694249140119124,90.03085839442345
20.098726762231376,15,4.77712396105474,14,5,clear,van,4.924328221504515,WH_South,3.6806215902706834,103.19040224037667
22.00046547626975,16,1.7478169095932494,7,0,clear,van,1.3545043380551531,WH_South,3.6700438696978477,93.81650818147918
2.0137682787738154,18,4.157158714318383,16,4,clear,bike,0.30070219893146577,WH_East,3.8265276440005342,53.48614385964862
5.503280059990875,17,1.8797089919197136,9,1,clear,bike,3.532864721069305,WH_North,7.411899511396398,52.784244218511944
8.131979725540067,23,5.446879827363361,19,1,clear,bike,11.760357611688205,WH_South,8.22975508131989,96.93244848399029
5.078954442992479,20,3.7751828825047467,9,1,clear,van,0.13100530463303572,WH_North,7.317478301310235,75.23235679207673
6.822625791966962,8,0.5420234502842806,7,5,clear,van,0.766423221418898,WH_East,2.7162468735421275,38.9133238474525
10.347199678526142,5,4.337979898138613,12,2,clear,van,6.997622968407665,WH_North,4.591074566041932,40.36823675066537
1.3918701576932184,22,2.710648947098579,11,2,clear,bike,5.974547036789335,WH_North,3.625122727299644,65.7403846620976
10.184545116917242,10,8.950436925023508,11,2,rain,bike,1.2517405720431838,WH_South,4.308729623982354,86.39850027602967
13.692929280315834,8,4.378234208295695,19,4,clear,van,10.736698227328645,WH_South,8.383146936689402,74.07669174956031
8.241395109455427,3,5.636765965229906,10,6,rain,bike,8.093179404440747,WH_North,6.930963964610086,49.83981219653109
1.224112809118009,14,2.0190385631767187,18,4,rain,truck,5.9362159578126015,WH_East,7.485436795545807,33.190456842819586
6.47325158395539,13,1.909712246502688,9,0,rain,van,6.524783232526593,WH_North,6.612219314367461,56.884489585191396
9.76457884501541,21,3.26103773471815,15,3,rain,van,9.554069018948448,WH_South,2.8132490643931742,78.8343722897372
14.246912646446683,19,2.579430688584132,8,0,clear,van,1.1769619401144777,WH_North,8.348194181593195,104.80222358606201
13.102857559573208,19,8.47064228652111,10,1,clear,van,11.19800326145954,WH_South,8.331555035062818,95.35729208392775
7.5795582956095835,14,2.9822458538217207,9,1,rain,bike,1.3516149139447369,WH_South,6.909129823134733,81.1272311901577
5.274082666362338,22,1.408640105782508,11,4,clear,van,5.502575911397862,WH_East,4.15676793010574,66.9031732130684
7.795294884046831,25,1.8602173959122348,13,6,clear,bike,2.970985524222576,WH_South,3.1947099849568956,76.45111087605366
2.259217420479273,21,6.524313645388145,19,1,clear,van,7.982549019389676,WH_East,8.641960741330486,48.34562365680125
5.6091877459798765,9,2.953290164973579,17,6,clear,van,10.077959919283806,WH_North,8.94894164718384,37.18381682967576
15.739809283925215,7,2.8448255922139047,16,1,clear,van,7.400058975235482,WH_South,4.31734354168496,51.826667812447404
7.780904024724054,1,6.9735979618766315,13,2,clear,van,2.6877341370915513,WH_South,3.178284699023565,26.546699654926535
10.008283202031379,25,1.750087466938496,10,0,clear,truck,9.35254660534697,WH_South,8.469050541107897,95.48809352850598
3.0946061427657305,19,0.6944581283909143,11,0,rain,van,11.311941073920554,WH_East,2.862254882979806,51.023269731109856
14.192136235867066,24,1.8275812065995727,8,4,clear,bike,1.9318540356421052,WH_East,9.79925285105415,176.02021324773165
7.345365000792643,20,3.9332354699879213,16,2,clear,van,3.0421281457835625,WH_East,2.696249151509687,67.00793155604131
9.810940191946868,11,2.788048631131919,17,0,clear,van,6.355175447206362,WH_East,8.194665860808996,62.31016929713593
11.076768927444272,4,1.113712763658695,14,3,clear,van,8.877269401241222,WH_East,3.801682719167946,38.88104887302115
13.897996809078965,2,6.761479127381841,15,2,clear,van,1.523836256447359,WH_East,3.427687762584671,44.3487874199408
8.946681544267442,20,3.7226949773088793,12,2,rain,van,0.6078099424062766,WH_East,3.3710566512713482,71.87194474632165
7.4509269198181585,8,4.3592947352191205,20,6,clear,van,6.803505408857734,WH_North,4.225616629493897,38.61205877932201
3.6007050383977988,10,4.453664239016882,19,2,rain,van,9.566717581847978,WH_East,8.309805776508984,38.22525469743849
2.8913711233847392,21,1.3378087682413777,12,3,clear,truck,3.571548078273348,WH_East,3.66288206363662,58.95238261443279
8.840863839911346,13,4.104218066219721,17,4,clear,van,6.995815861432147,WH_East,9.35897971665833,76.43967848635114
9.848300752643521,24,6.26649788926747,11,6,clear,van,9.641419601655695,WH_North,2.893187090639729,73.24419521829545
10.805957298638127,14,7.375894339594892,8,5,clear,bike,0.3458657683235784,WH_South,7.661388770336403,112.83449333934618
4.680907274293101,21,5.5007493450309815,11,3,clear,bike,4.033968607886796,WH_South,2.593638269354848,61.88506201218804
5.642536808066103,4,4.754971779239883,18,2,clear,bike,3.638365910305669,WH_North,6.641719904458253,31.10079001181975
8.746957584675206,10,0.9839355467561208,13,1,clear,bike,8.676693121336827,WH_South,4.438776979718677,74.80331143456792
6.100204128434774,5,3.2855883670106416,19,0,clear,bike,7.994628141748822,WH_North,8.0772541383741,36.03871020187364
27.64700804724491,2,1.699608542442159,11,5,rain,van,9.921687609725472,WH_North,4.932060204596308,64.96426371685462
5.566019532567882,25,8.145922679644688,13,5,clear,van,6.583730738430036,WH_North,2.365211543109404,63.26764536987556
10.244865357230736,13,7.324798490269692,8,2,clear,bike,2.7346801066501,WH_East,8.40814581331378,90.51598375817623
12.879145725361603,9,1.706816317366181,17,6,rain,van,5.1972448892333,WH_East,6.7788362447335055,58.58644951641023
13.330982040238974,10,3.214961142832423,11,6,clear,van,4.752604854037676,WH_North,3.7634056336301196,53.67745851131306
6.033081571645716,7,3.9509521893399033,8,4,clear,van,8.012977360599505,WH_South,8.491923579518163,30.28570829521709
11.107962728723237,4,6.237340441580559,10,1,clear,truck,11.447076862594061,WH_East,7.775227170442419,63.04068607924153
10.325415295384197,23,1.0274368699808514,16,3,clear,truck,5.4924372145702325,WH_South,3.133516448331809,101.90862761978202
11.384314194323029,3,0.7069922183760745,18,5,rain,truck,7.666124485610388,WH_South,6.694707304720434,49.813290157309325
8.678399686172444,10,3.409971582178053,20,3,clear,van,2.132339057151841,WH_East,2.798495524822801,32.70708280963095
12.931705651368514,4,0.5644001599175007,10,3,clear,truck,6.892737257237789,WH_North,8.128308925271115,56.13640102869849
9.296355056020836,24,3.7098842878286917,15,3,clear,van,8.740957374679288,WH_East,1.2720015919572418,84.06241116921485
3.3025165377915995,6,5.025602973676917,13,5,clear,van,9.16494572993628,WH_South,2.4769923057155974,32.08678677512483
9.133247805443908,10,7.887316286190682,17,2,clear,bike,11.683505816895313,WH_South,8.613693388498318,74.53173764824582
9.770918413657421,19,2.147280642456592,16,1,clear,bike,11.850759989433573,WH_East,4.592164599209014,76.28016123838795
12.420411938741918,15,3.7166664550270037,7,3,clear,truck,6.185540131603451,WH_North,2.349114698704512,72.37588220901964
8.84713852203107,10,5.238613624042363,9,4,clear,van,10.327168494788712,WH_South,8.32460920858178,59.99365777244363
20.370115164975868,15,1.4578984691785564,15,6,clear,bike,8.845528582692214,WH_North,1.9729372967870769,111.58398907662458
7.610245532953541,11,6.301221216027672,14,0,rain,bike,6.29518676081077,WH_East,3.4595176263169267,61.0383825555718
5.837899854685224,8,4.023047208941715,19,6,rain,van,0.3608212381232523,WH_South,7.6893641918345645,45.378715662409945
16.892499139191273,15,2.173171385252606,18,5,clear,truck,11.724200566501464,WH_East,6.122373756393873,106.73092944921191
7.48483070399109,10,3.665506043961475,7,4,rain,truck,11.582718030407154,WH_South,5.084239336813187,70.7169461413657
8.367003239995535,25,3.0115830187809443,15,1,clear,bike,6.21771065090563,WH_North,4.031218993075041,84.71344041620625
9.773319440455179,12,5.731926947315371,12,1,rain,bike,4.133238820663458,WH_South,4.216437540435353,79.33843929886802
9.300567009132351,19,2.5797124439722303,13,2,rain,bike,1.341416925667489,WH_North,4.7695022945180865,82.41256231788628
11.332216793536482,6,3.892156387755186,7,1,rain,van,0.6615951057380607,WH_East,4.601427761637562,54.302461417707406
12.007603856622072,17,2.149742069552078,18,4,rain,van,9.640871068718528,WH_North,8.522906166879393,78.71461412643436
5.510068514724988,14,1.7220406515792743,9,5,rain,van,4.913276776583624,WH_East,,64.66951020127132
3.8135013210933266,19,3.743694486047269,20,3,clear,van,6.753970181253402,WH_North,2.8001652290097967,61.69138731850628
4.129776772420706,12,1.7722725207157906,20,4,storm,bike,3.617721741883393,WH_South,3.545948444495349,68.767291001323
15.86089069200047,18,5.814798909400307,18,5,clear,bike,7.367946895776002,WH_South,7.4269671463655875,117.05146319631864
7.113237372263438,2,5.02569007323756,8,6,clear,van,9.1052297656194,WH_North,5.842968364688388,36.523948564440666
12.813740249936934,18,1.943362811717869,12,4,clear,van,10.714710681349155,WH_North,4.324570205852419,75.53492444084866
12.193576217965987,19,3.8560614094596404,7,1,clear,van,5.9530119048930645,WH_East,4.137022832735432,76.78215706203693
8.365954017767427,13,1.9371349852093458,15,0,clear,truck,3.602218962522459,WH_South,3.6363730066132156,75.97013752544316
4.634827466231004,1,1.0800215946028036,19,6,clear,bike,0.9216710610402505,WH_East,7.055370756610461,25.561499699000116
12.362124567266545,15,2.185713637527691,14,5,clear,truck,10.248159269527822,WH_South,3.058599491993593,79.81168179493271
8.196725885093677,20,3.205211950890372,7,5,clear,bike,10.24281267177325,WH_North,3.3974518228099257,72.64936693483948
3.648067222757016,12,4.782608492755777,11,2,clear,van,4.240607376412849,WH_South,4.471776293797318,45.81535754337162
6.132263628013673,3,3.6863468397299783,9,1,clear,bike,2.4871244763981695,WH_North,10.0,47.824915361233074
2.721404686042017,10,6.267466653663479,13,4,clear,bike,8.080682768320129,WH_East,3.9521714121838682,33.44864475133618
6.3148618818788,25,1.670601397739364,12,4,rain,bike,9.079914361342851,WH_East,3.2203009733761103,78.55678183216995
8.624971471860269,7,2.5505553721617473,18,1,clear,bike,8.661863689225363,WH_East,6.084433841165228,55.027263543001006
7.683166024405276,14,10.496655590501712,10,3,clear,van,0.8553904147993898,WH_North,6.532833183905817,62.23852942890721
7.1369637671586235,9,0.8591978676074018,11,2,storm,van,11.810745562413098,WH_North,3.118367490805002,55.933877482054626
8.572183578508362,18,2.419671980786078,10,1,rain,van,6.534243461482722,WH_South,8.420496550598232,61.39627036864039
10.944372846030848,11,1.5682404157814323,19,5,clear,truck,7.300148263832659,WH_South,6.644613427180108,79.81098026463346
13.394231509418407,10,2.895683317992254,11,3,clear,van,0.5438893858250284,WH_North,4.1660552728971405,56.812123588222704
14.415928208481958,15,2.44950694850216,20,6,clear,truck,0.14164073108799213,WH_North,2.341154634944295,82.7690598550065
5.117807341249565,15,5.0607202074702,16,0,rain,bike,1.5160009986896918,WH_South,4.209897251242602,54.871055744881616
15.213419615495237,13,3.9703905357511693,11,6,rain,truck,4.691749605063121,WH_South,3.7851736307618733,94.17108476322238
8.20436796301508,7,1.3311825728131028,15,4,rain,van,11.33729066481196,WH_North,3.4380131294203458,37.381875271572895
6.663191154836728,3,2.199624246595243,8,4,storm,van,8.736259187400693,WH_South,8.191482579262034,45.86385471848586
4.215071285265596,18,3.319844902132532,19,2,rain,van,11.990744398110394,WH_East,7.403635883393468,64.58220560275245
1.1379187517332783,9,5.570955698406615,20,0,clear,bike,8.158494320947383,WH_East,2.6913151722211395,30.792652738541037
10.51094276486915,16,18.230014776977413,11,1,clear,bike,1.1971112412785008,WH_East,4.298326124651835,102.56070272453441
10.279198806226264,10,5.4300972973653066,9,3,clear,van,8.333955992744215,WH_North,,55.23267101869894
5.786791874238089,22,1.6343579819042942,12,2,clear,van,7.695961168632318,WH_North,4.334112455843536,71.8865346544578
5.894567717505195,18,3.1090223542378914,17,1,clear,truck,10.635707996314459,WH_North,8.659979299328574,82.84108149719077
7.514330491214969,11,3.768523712314259,15,0,clear,bike,6.5309291847026465,WH_North,3.5760721232789017,55.17799496642104
6.59255512293472,9,2.3081039595396393,7,4,rain,bike,2.946881331868623,WH_North,3.642366364474535,64.02137929764582
4.967864026002072,19,4.614393611301833,7,4,clear,van,8.792605080307752,WH_North,3.5436059315603887,53.870658792157414
3.906358262568593,1,0.6770812747944919,10,1,rain,van,9.040845996724723,WH_South,8.110759412386841,23.466345749570888
15.30842665270979,2,4.890060790133239,17,5,rain,bike,6.170470185909639,WH_North,6.875127277717267,97.81038303821822
6.112731539253521,3,2.3786397823883303,10,6,clear,van,1.1379167173883915,WH_East,7.113322440108705,24.66990680816497
10.245823136181322,9,3.0746969323414945,19,6,clear,van,4.965306219407044,WH_East,6.351420592026606,63.34720142997722
11.412820879636746,13,9.262797022537132,11,1,clear,bike,10.079075628526263,WH_South,2.875164379883598,74.1490691501781
10.540494621809263,8,1.372917416929014,19,2,rain,bike,3.64356446090952,WH_South,6.9821459778496635,88.69446344053453
11.765328193459773,5,4.0184790891951,19,0,rain,bike,8.779838818547269,WH_South,8.174931760390193,104.73357434234987
10.473070567526332,8,5.787758625379289,17,0,clear,van,3.042113548891036,WH_North,7.761424306537522,58.024505730905545
5.444156342541509,13,3.7405607030849217,9,5,clear,bike,3.944503211895674,WH_North,6.555816014381879,56.76581997409104
6.8223127100729695,8,1.072578310712607,8,6,rain,van,4.044562075158543,WH_South,7.597003930517076,50.032014382539955
15.079106191919983,15,8.544413171284317,9,1,clear,truck,1.6264182949441897,WH_South,9.11204539425492,106.73483723188872
6.002192480210423,10,2.863521510302713,15,3,clear,bike,4.213973672251001,WH_North,3.3547052991019144,44.2643349293129
8.211351812246377,24,2.2949737486385797,16,0,clear,bike,8.68339472757986,WH_North,2.824405568298846,79.77939673006135
10.971871960581002,25,2.67155842647551,20,5,clear,bike,4.815723164648136,WH_South,3.850612290679231,101.75751430952712
18.163276644393992,17,2.540847092196334,20,3,rain,truck,3.59683129985365,WH_North,3.813886135179503,128.1106173196159
14.334053156171466,14,1.4432163930395643,11,2,clear,van,8.408517432912877,WH_East,3.634961175060055,76.08268804763533
4.513425798972783,1,3.726484926019414,12,6,rain,truck,6.185745424814243,WH_East,3.9159775653980535,19.517052840301123
10.058890464804676,16,2.1857016416497124,17,0,rain,truck,5.230382208206352,WH_East,7.563708561631178,93.13890906660295
9.398572409501618,10,5.310159064765386,17,1,clear,truck,9.553871482119881,WH_North,8.157355308888757,78.65954474519756
6.858475655615294,8,4.769859480876708,11,5,rain,truck,4.583338717170751,WH_East,3.144238662917035,38.21460323870984
8.354227665516056,20,10.360169401923473,7,2,clear,bike,6.532173699190916,WH_North,6.720050354056623,85.85611469217748
5.410344148795607,2,2.8629621328471906,8,4,clear,van,0.38129812510300765,WH_East,7.6791366610665035,21.01149619499938
7.432991378770748,7,1.8921716190679976,18,1,clear,truck,4.0729939271371824,WH_North,8.643134965658646,70.47728067694572
6.036924145927694,20,1.1867047701924942,11,4,rain,van,2.8428400150354065,WH_East,3.574408228617535,72.49525467666278
8.72787776155703,24,15.414989346916927,17,3,rain,van,10.62899706973872,WH_North,8.20503824656042,93.91294905431181
6.705506420187253,13,5.2776218948802756,18,0,clear,truck,0.25263196163138035,WH_East,7.623617942814106,68.82137157977026
18.929929101163715,14,2.0448124119185986,19,2,clear,van,8.400544692929328,WH_South,8.515862381098792,91.79844231852202
8.897614380761187,25,10.861327694228212,13,2,storm,van,9.074386499106733,WH_North,3.7138890953134815,119.97091820329354
7.92294809981291,3,8.578968361816413,15,4,clear,van,3.9900151092277,WH_North,4.2531500286893165,18.2524643418554
7.196574440487366,13,1.2893081391790042,9,3,clear,van,3.0851774681281343,WH_South,7.119603979362905,59.849869176885576
6.716505800667681,7,1.9592614430141988,20,3,clear,bike,1.9780163021116586,WH_East,3.083025735471152,44.43864339161353
3.648669491678966,12,3.026396410846252,19,1,clear,van,3.325249357150255,WH_East,6.106136111156294,36.23500202021061
12.796623095738621,23,1.569787771443851,12,6,clear,truck,10.967282472293215,WH_South,3.3292218641670837,100.32425223582375
16.90602434971311,15,3.10307754647854,12,5,clear,truck,0.5200439673610346,WH_East,2.415906567994913,76.70280017983751
5.980176040926869,25,5.465050501638984,17,4,rain,bike,5.480584304992579,WH_South,9.775946614403434,121.27160578743526
15.035507601857741,13,1.2696196903084118,12,1,clear,truck,3.1725732888884757,WH_North,3.374911015104602,81.25633123107433
27.493855682704304,22,4.075935877774307,17,4,clear,bike,8.350451277270473,WH_North,8.921761527109117,222.8313422701171
22.079993544129252,5,7.522876535228379,8,1,rain,van,4.006830494938336,WH_East,8.829928332332704,104.36970598299658
16.49257114210034,9,4.393622982532906,10,3,clear,truck,4.151535615838808,WH_East,7.5785896055869175,105.75044652511725
3.962181491939913,7,3.1489483868488497,17,1,rain,truck,0.6995349817891903,WH_East,7.136938616483869,42.22983095944741
3.931504355016375,20,2.0799186207254694,19,2,clear,van,10.925958319557166,WH_South,7.678777870950111,71.13359782267236
11.733121735912503,13,5.939288294584411,7,4,clear,van,6.259047861897666,WH_South,4.821408001801736,70.97521139468503
8.259293545630504,6,1.456674242994679,17,2,clear,van,0.8278407142588051,WH_East,9.856938354264685,51.90254430507135
1.9145921563350328,5,3.935170727209107,7,5,clear,van,9.020685150308546,WH_East,1.8886497869699843,24.21973248043426
6.408766907964787,10,3.3799503266762985,19,3,clear,bike,9.360403624294486,WH_South,7.812849907172541,89.61379288163666
11.44241605851221,4,7.300389612801652,10,6,clear,bike,5.533678254738996,WH_East,6.4559301209109865,58.236822238018895
7.4972224342175995,18,2.2079751354919392,12,1,clear,truck,11.749539168460494,WH_East,3.4744522956667514,73.46554244259539
8.283143256197647,22,2.343357972488897,17,6,clear,bike,2.7120009867256982,WH_South,8.536177234160933,85.7705552303911
3.9275956041983404,25,1.3919346174104863,18,0,rain,van,10.130567942726538,WH_South,7.107385474002173,78.88223193386656
6.358510847408823,6,4.509106381105966,12,3,clear,van,10.157175032695017,WH_East,,32.80082009791096
11.761083384517779,11,2.467804551602498,11,2,rain,bike,6.254717911533511,WH_East,3.981821839778925,99.12094491372343
6.169734296754674,13,1.8158400823309362,20,5,rain,bike,6.4812945893045395,WH_South,3.3416219366912636,57.78924080494485
15.70730707497783,13,1.9410491256605176,20,0,rain,bike,1.3473461813348284,WH_South,3.4210320953559337,116.96913236339802
8.393798854157167,12,4.835448315305061,14,1,clear,bike,1.5985541271154102,WH_North,3.186777133085657,45.41832320353646
10.488568236871444,6,1.5340750869172792,7,1,rain,van,5.073410534290293,WH_East,3.9443052682662456,48.69663300530879
11.612082475814802,3,1.6324530538045086,20,6,clear,van,11.017227452217757,WH_North,1.7850867776885606,28.038975473701182
11.352583938262175,11,6.2180291390190945,15,3,clear,van,2.57430132041928,WH_East,4.179590359175341,63.72710189061373
4.429738536265622,3,2.9556411451556084,14,1,storm,truck,5.700038534202017,WH_South,3.4870575820489176,39.97840543400476
4.9448636564953885,2,6.480590029725551,8,5,clear,van,0.770928080079039,WH_North,8.248305249554736,22.38045758374033
1.8868001939285288,14,2.5817073129605568,20,1,clear,van,3.590802672492245,WH_North,4.086572602475544,42.7554839128811
6.807943328590296,22,3.3175012712600465,17,1,clear,van,4.464062710518316,WH_East,7.661877089135749,73.80442364257931
4.709842518661969,14,3.7039858269356514,10,3,storm,van,11.55456471738122,WH_North,7.593271888153455,58.13468901680499
6.057313769664382,1,8.767926847102284,12,5,clear,bike,2.3164726570493244,WH_North,1.2596572743361745,28.319979348801233
7.234034305627462,22,8.28221941978618,11,5,rain,bike,1.2086191165858544,WH_South,2.8882995635177964,77.95961462770796
9.037406881073874,18,7.442939960217276,19,0,clear,bike,0.645033926628225,WH_East,7.617078117259506,83.40718553723542
7.564035663316268,8,2.137905883981374,13,6,clear,van,6.264521884429709,WH_East,3.046275565397345,44.637373035675765
7.481922346698491,7,1.6639916118516065,19,6,clear,van,6.233424860107508,WH_South,6.828732013494147,39.62948139210585
10.020916551800234,23,5.655078687466536,16,2,rain,truck,2.350197016088323,WH_South,5.085477908940927,125.69888566372525
8.072240300326428,12,8.703556990704106,12,3,clear,bike,2.9702161308362713,WH_South,3.557964241914775,50.94771862371115
13.320890444258644,4,7.493028931285212,12,2,rain,van,3.82620902843218,WH_South,3.040484083400896,58.1039665650916
8.0872771262805,8,3.350583400686563,18,3,clear,bike,0.11339965281036513,WH_North,6.301758519844233,59.86364421611784
18.224910545347353,7,5.526009697644927,13,4,rain,truck,9.804669054373393,WH_North,3.3986712574250126,78.10003542424377
4.315174563177093,11,5.594429425234367,16,4,clear,van,9.27326413432247,WH_East,2.85766704134003,40.672375381057
6.735298255989032,9,3.684961043580902,8,3,clear,van,3.8430473912490535,WH_East,6.631869878551778,36.227691189909265
5.472011895187155,14,3.798710007225166,12,3,clear,van,6.8915786023703784,WH_East,3.519422067854354,56.870447634462806
9.239259888628094,9,3.5563571047298357,15,3,clear,bike,3.938158751489985,WH_East,4.824457639885211,59.32474688354492
4.313357483690246,17,1.912349186170304,11,2,clear,van,0.3215010960947575,WH_South,4.6415213023665585,50.056218932205894
3.1151477188871244,13,2.0539469709325244,18,0,clear,truck,7.077467117202989,WH_North,,64.82320424871406
4.851360893623242,24,2.031870397538546,9,2,storm,van,8.659439470261692,WH_North,7.833018942237764,78.35686828255979
3.2686506554643175,21,1.0838659751925532,18,5,clear,bike,4.006197073945696,WH_East,,56.975549655953415
7.290954555487724,9,3.6693038196133836,7,6,clear,van,2.896462431561296,WH_East,3.5262219602877085,47.756933530619946
9.022460601045172,2,3.22714756099457,12,5,clear,van,3.1707473527903587,WH_East,4.4432966489824635,33.441684307552585
2.800522990639439,15,5.659722682435363,14,6,clear,truck,4.189153560576072,WH_North,1.9472904368386574,61.65411430424767
6.486100347846091,9,8.024521957519982,10,5,clear,bike,5.610713365024443,WH_South,6.202757816307303,56.39830520064677
14.31266033136974,23,8.389710842906831,14,3,storm,truck,9.059026916114984,WH_East,3.2036537965849745,146.99618475769344
16.61297168649205,11,8.961394229180598,19,4,clear,truck,2.388106403229315,WH_East,8.129721048806822,127.5056529856041
12.283585779806186,8,1.954321903611885,13,5,clear,bike,8.476170300828358,WH_North,1.0,52.96805681833627
1.3582253057368745,9,1.2185096399886948,14,1,clear,van,11.57457151798076,WH_East,3.5942005482672186,25.38483960527424
8.55817378964808,22,6.369497013202647,20,1,clear,bike,2.1632874963732602,WH_South,2.195846232535481,69.9391309097903
15.23648082698665,3,8.736358076218194,19,1,clear,bike,6.091190544592976,WH_East,7.797905672627674,94.96049288213175
6.096787618820857,24,9.866988723725214,7,3,rain,van,4.3353157262624915,WH_North,5.663071103181919,83.72543214443176
3.690629275174731,6,4.662246188869745,17,5,clear,bike,7.205460861979418,WH_South,7.810903217655037,44.806860032444995
14.609787004425193,22,0.8206219395689142,18,3,clear,bike,10.570158128819344,WH_East,6.696392269141877,114.84553258003803
15.79926265792794,14,4.28845541250506,20,6,clear,van,10.636112175161683,WH_East,2.623228855176523,69.37353606842964
8.03796985493298,15,4.897910117659099,18,2,storm,truck,5.316601981833344,WH_South,6.999195508773357,97.46403883705713
3.7135803048485703,6,7.97612348715441,8,3,clear,bike,9.08820089706975,WH_North,8.965114617004172,35.86024623421826
2.555128641621674,19,9.031695255895453,17,6,clear,bike,6.135656246593616,WH_East,5.018368796233011,60.20165834705209
9.77541731443386,17,6.276066196452501,18,1,clear,bike,9.26408473424965,WH_North,7.404691863263577,89.68575641482414
5.500701320695679,13,2.2009845240499257,14,5,clear,bike,10.612334291881126,WH_North,2.3731002163898673,51.703600080657694
7.745810008937665,12,1.6154569855115481,7,1,clear,truck,8.541684169751658,WH_East,2.7441145139746803,56.00218132590156
7.267890338735922,15,4.824816998363758,9,6,clear,van,0.7290803185151078,WH_South,8.492682417822671,71.7859187714696
4.6889161639166925,12,1.9065768761800015,10,2,clear,van,2.9435317425905017,WH_North,6.390441222740641,47.750585759320614
2.456612919725629,25,9.324039660801322,19,4,clear,van,9.42934814832958,WH_North,6.725147712018083,69.1178195112527
6.19509172054816,2,1.0068319760475088,8,4,rain,truck,0.23573351424287559,WH_North,9.235979671055244,41.29233336955212
8.752158374347033,7,4.937309902251623,17,2,clear,van,6.215267965346591,WH_East,7.71036925523139,47.45072537423291
8.989086044643473,22,4.152350179732204,9,3,clear,truck,7.32503512424897,WH_East,7.642041357234086,87.82144905392697
5.284637037865206,20,2.8727315385399494,18,5,clear,van,9.839953146815745,WH_North,6.437189631302893,59.376936406266
15.622333335109658,9,1.7374501510232492,7,6,clear,truck,9.679400152209876,WH_East,2.9980356464808686,75.36363910991113
3.962134761917475,13,0.7840806361330409,10,0,clear,van,0.8781631327293762,WH_South,7.41375493296091,53.26057715572549
1.0956257662073576,1,2.2887365026917825,8,3,clear,truck,8.156343541433664,WH_East,7.138845849605278,12.296930921698022
13.69202126236108,5,2.317019758732641,14,5,clear,van,9.48360575204754,WH_East,1.7387239316961238,37.120166435294195
8.591666693588781,24,7.229831000893249,17,3,clear,van,1.2652777766874976,WH_North,7.836225376861675,99.8218636148966
6.228113952016564,17,1.9193777658040208,12,0,clear,van,5.824961703180037,WH_North,3.262656497212027,68.97898063018195
10.502794219911749,1,4.558252969962838,14,0,clear,van,7.792299085912978,WH_South,3.377786213172826,35.029868542861124
7.0135274552269475,20,1.343706899502704,15,5,clear,van,4.108785201628173,WH_East,3.593697772980623,65.99020203499487
3.0876784453710773,11,4.64677641848537,13,2,clear,bike,4.446387514817504,WH_East,3.344855238822487,34.52419095943734
3.774391166258474,15,0.6932322169492646,17,4,clear,truck,1.2345272269395142,WH_East,,60.760613585599316
6.746381961030439,22,14.392501251912362,10,6,clear,van,9.292386691534961,WH_South,8.506325428134193,81.39682196083959
5.738858141305467,21,3.007931794836235,9,0,clear,bike,2.845427857465446,WH_South,8.145273875340845,79.75133397046565
13.518122703015585,4,0.4694701751403422,9,3,storm,van,5.219059948164812,WH_South,7.314217877525969,93.94605446093541
5.578258064655684,10,2.00887601090832,9,1,clear,van,6.196579042945457,WH_South,6.812561292511534,50.35885775375277
5.368693230448462,7,1.7986500959192708,7,5,clear,bike,1.046998255157333,WH_East,2.8806381751518817,37.5810606676982
4.942711316900016,23,2.097879993047845,7,3,rain,van,5.173578137464046,WH_North,4.508942474774003,70.31698312373906
4.682230648004525,20,2.5721728868166682,7,6,clear,van,1.8283683330547058,WH_South,2.468905651496242,62.187784391522165
4.778865345902864,17,2.0879192432584737,9,2,clear,truck,2.7902771284311343,WH_South,7.761021361393154,68.8799303715413
3.4057972023265846,2,1.8748179212723022,15,1,rain,van,4.275440530544513,WH_North,3.2459748046967696,11.313605378261009
8.800821782863299,21,1.475389368501756,10,6,clear,bike,5.8767656808721735,WH_East,6.633038012458891,97.03555789485627
7.365353233457266,15,5.901771716426708,15,4,clear,van,5.21045942066849,WH_South,2.65036311161087,66.45460227151038
7.185609296333913,7,7.696725130515322,8,1,clear,bike,0.8589538329709243,WH_North,7.9893523049443225,54.54448201451012
2.6649612631000714,12,2.7781863528301445,18,4,clear,truck,4.204433265893341,WH_East,7.875318819324648,44.667519030339044
9.995797641802012,12,3.2793798846935918,11,2,clear,van,0.4706484350847897,WH_East,5.072633766663883,66.24751771672321
10.562893926426735,8,1.509182929168878,13,0,rain,truck,3.0094433964800924,WH_North,3.8390057175416366,55.8985358332989
17.742342717024698,23,3.489346567826494,16,1,clear,van,1.021319246610524,WH_South,3.099770338390589,86.71961421435725
10.244089599960752,23,3.89999251345827,20,5,clear,bike,2.008650690777478,WH_North,4.248167226567871,89.38289982739936
19.719605316907064,2,2.84744178875706,18,0,rain,van,6.029886038904094,WH_North,8.068944004337089,96.21052938505386
5.207719741644341,24,4.380892559951076,12,2,storm,bike,11.127724722005496,WH_South,3.9111547948992182,82.51516834895143
18.269397616702445,11,4.1210012160208915,11,1,clear,bike,2.3371766562894325,WH_South,3.72790897977708,95.8313024761183
10.431129093983724,20,1.587407889337214,11,5,clear,van,8.76967796789159,WH_East,3.076524746540218,68.31722448838416
9.700378300573657,20,7.653271929562406,8,6,clear,van,0.5244217920345324,WH_South,6.16136147270329,72.85507882932576
7.078139051379601,15,2.8709633001852106,11,5,rain,van,4.030190367454553,WH_South,2.8623131308356453,49.689179785990106
6.213139542046481,19,10.72846104959585,17,5,rain,bike,4.81661970384066,WH_East,6.738512606553877,80.82004795321475
5.455013284571267,18,4.456191210921923,10,0,rain,bike,1.300221231284242,WH_South,8.056921042879512,67.71429014029258
18.612491791547928,22,13.192562070365078,12,6,clear,van,7.64127926402986,WH_East,3.940737115163111,100.78547785005938
6.945474843856861,11,7.55861837238746,7,1,clear,van,1.7480798047143815,WH_South,4.605327202330687,52.61363747312207
10.53676578749891,19,3.892426490724909,10,2,clear,van,9.608133406126905,WH_South,8.196018440947965,86.99134565327954
11.846883482625213,25,2.0013564854179138,7,5,clear,van,7.098304049361124,WH_North,1.3847589623616792,82.07358788365445
11.753082599204046,24,2.0317607215937143,13,1,clear,van,8.895516264486421,WH_East,3.344563911095549,73.5863449503361
8.823926278808974,4,4.821687639649707,11,1,clear,truck,1.9707975369947017,WH_North,2.0960979581525123,35.28151589582132
18.083390445246135,13,3.669987509496145,20,0,clear,truck,3.805199969992023,WH_North,4.709860917362739,98.42922103151406
10.074240702765525,13,2.198294065526365,15,2,clear,bike,8.465700076084346,WH_South,3.6275497014507585,75.29316522829839
5.369938819696911,16,5.948517110245901,12,3,storm,van,5.440141996750164,WH_South,3.6034868220974587,62.29521029984746
6.3886828027099805,17,3.4114585640903603,14,3,clear,van,7.588098152703525,WH_South,3.118843501391199,54.226965818728814
2.771851364590927,22,5.973343797617985,20,0,rain,van,4.961501067892231,WH_East,4.87363123601436,65.87602205454137
9.376379454505862,14,1.6772758396576812,9,1,clear,bike,8.06654059798487,WH_East,7.827531889353226,77.9389029575585
11.034895240323781,18,6.683422239108351,10,0,clear,truck,7.698332678554454,WH_South,7.633142052310348,89.07542598346572
11.570950061959028,23,4.71475474366681,14,1,clear,truck,3.5940681601398015,WH_North,3.848826300418184,106.58182549522209
10.431240004933253,3,7.677536789059645,8,4,clear,truck,10.580162871668849,WH_North,7.917905412918816,49.58967384351282
7.092669011821476,17,6.581096353307033,14,0,rain,bike,8.788661679374675,WH_East,3.6148679387558884,62.96684070704691
7.890645856171382,10,3.128434186588489,9,1,clear,van,0.8186516171414122,WH_East,8.872450068063952,52.425316611039854
7.904071152689788,23,2.9571850568592373,19,3,rain,van,0.4524477990393687,WH_South,8.863204237317728,91.6638205484981
13.54449969808555,14,11.566600696706383,17,3,rain,van,8.593474965076652,WH_North,7.8206535577982645,73.23562014528858
2.0513647023948582,16,2.709060975751307,7,6,clear,bike,7.584380348074616,WH_South,2.2362122669488578,41.46537169053306
5.95989190861402,19,5.606370773165144,14,4,clear,bike,11.093472405524512,WH_South,4.030440123882014,73.84088396635703
4.11881445233287,7,2.5421981126428186,9,6,clear,truck,8.105627359366476,WH_North,6.400514917690706,33.49331158541375
22.11367955403557,14,0.9018400019385113,15,5,clear,van,2.4983085161043963,WH_East,4.220569302865943,83.63113354596982
15.0307483027302,20,1.4061600655457973,14,3,clear,van,0.5044946357633115,WH_East,5.150020231164351,101.55287055911617
6.113295941927313,20,4.411190551731388,20,2,clear,bike,6.388881721014451,WH_North,4.384856551368444,72.51716620498506
3.1689468396952734,6,5.423775663039058,9,0,storm,truck,5.9555605753618375,WH_East,6.69210733571949,43.618832423487426
3.781637356983824,21,4.421369043389946,14,4,clear,truck,11.248551010994074,WH_East,3.317398218459915,68.47597355999837
13.443106766091319,5,7.405068150421985,20,6,rain,van,8.50045283807893,WH_South,2.7564748341129675,50.24928656723402
2.7141586292802646,7,4.366152160092194,8,2,clear,van,10.800617131698003,WH_East,6.980390051913043,28.436122491255627
7.9652687943235625,22,1.9296443388879458,10,2,clear,bike,9.078799952462038,WH_North,7.464446612959538,89.24846540781792
12.243802418439463,16,5.0329763411175,17,0,rain,van,7.9274497012328675,WH_North,7.946618664847566,108.30463254239139
3.540447248863273,14,3.7386536973548767,8,4,clear,truck,6.75758492738042,WH_East,8.21182037997603,59.14842047773758
7.9156076760684275,14,2.219117061073427,9,2,clear,truck,6.960425782557662,WH_North,8.89651317361662,84.44031842451363
6.174984754645547,25,4.621704197650963,20,0,rain,bike,6.089482980349399,WH_East,3.7181543347799715,106.85442801643327
5.694289437698144,6,3.509800212044022,15,0,rain,van,10.06763485395535,WH_East,3.467671247742489,42.23288191282774
5.114505607051408,8,2.1738496202292388,7,2,clear,van,2.815583420277817,WH_South,2.5785675068524876,36.577742124898975
12.808248097748576,13,2.931440552959866,18,3,rain,van,10.982289552809746,WH_South,8.050558726298505,92.79582567215407
16.789586939808025,22,8.930719786927465,14,3,clear,van,6.713915249725891,WH_East,3.330630941906552,98.31128452749111
6.763764920851527,14,8.728743855578806,13,5,clear,van,5.249186777325522,WH_North,2.750652151706045,52.282376971166904
9.724201049859513,19,3.7874800272542752,20,3,clear,truck,2.5323191951675996,WH_South,3.2293612081112597,95.86895830454888
8.022090525347917,21,3.4559141525722765,11,5,clear,bike,3.3127571353276632,WH_North,2.454836110524227,83.95953877970241
2.2547848473130045,23,1.2175830764395494,12,2,clear,van,7.009854874992557,WH_South,4.384865369908469,66.74689836378403
6.605283179475913,12,11.062439919972897,15,1,clear,van,1.8206918117455868,WH_North,3.6878007633109693,48.50925015672998
1.9390367702219156,12,6.85816093937573,10,3,clear,truck,0.039723985763896685,WH_North,9.144901971399745,44.681323774115654
5.86437374980443,3,5.620193531333514,8,0,rain,truck,3.1107095115932815,WH_South,6.732916370154562,32.34453844676379
7.788556935029435,3,0.6754936635819727,8,5,rain,truck,3.649251547948854,WH_East,8.064627403328414,49.7798299104503
11.702455428160086,13,3.416599832341419,11,1,rain,van,11.295778731444978,WH_East,3.2954651816875042,66.00545033913068
9.232455925688965,19,3.037424353553511,8,6,clear,bike,6.981890409276902,WH_South,6.8895612362349805,97.69825691323749
12.991912478403153,21,5.354679260692606,14,6,rain,van,4.869181334058586,WH_South,3.3843154169179575,76.86654929864667
4.605179955622109,11,2.42123667052004,20,3,clear,truck,11.796000193567723,WH_North,4.663253428055876,47.5567097886961
15.632744555115194,15,2.8230076198834575,10,2,clear,bike,4.408853300668163,WH_North,8.698721126032074,122.14952985927428
16.799354437068555,21,5.122225728906534,7,2,clear,bike,11.497667344904901,WH_North,4.681254674982881,112.13707589099425
1.8650060340456291,8,1.9318829383489402,7,3,clear,bike,11.297588561532994,WH_East,3.552387530373758,33.52744837073657
2.603188569542121,4,2.221472183039111,9,3,clear,van,8.278758375897649,WH_East,9.371170494951453,28.709065928122122
7.681489944918372,24,3.8012450120913477,15,0,clear,van,6.302815676779446,WH_South,4.2932459297185535,89.30259209211928
5.5987209989786475,14,8.473469036984397,13,1,storm,bike,9.860939262260644,WH_North,1.0914383352843164,63.294021490819915
6.142142441410382,4,5.847000624826881,12,5,clear,bike,3.886923318938772,WH_North,2.9932254882382554,33.76345778734461
9.18464350353471,7,7.048274592742776,17,0,clear,van,4.4143023670545745,WH_South,7.420563141598672,59.79618945049475
13.278616796055452,9,3.470580129748924,12,3,clear,van,2.4826142554688864,WH_East,3.4817343766184203,69.58174582045332
4.450918973834613,6,9.455103197516767,15,6,clear,bike,3.0648150348493237,WH_South,3.536656512259718,45.78435154330715
14.505391274742337,11,0.9813484368079788,20,0,storm,van,1.6374902132848086,WH_South,4.040091509414883,94.30094799744005
5.057147882109472,21,13.674974080058945,9,6,clear,bike,10.20817178679711,WH_East,6.3552952673787075,76.72316982152142
23.758054048321576,19,14.972741021302669,8,3,clear,bike,0.01497763348845016,WH_South,9.116722428227142,215.707880618077
15.694742421714304,23,4.570540387694603,10,2,clear,bike,5.09370988309642,WH_North,6.607408917344486,136.60796000139902
5.384667508172428,21,5.945198067288659,9,4,clear,bike,4.3706103241654635,WH_East,6.546621699892103,71.96469424696555
3.21821506587041,8,3.2329663655075374,18,5,clear,bike,4.652093013537895,WH_East,5.986537590122157,34.80212421285044
5.3077138443595935,2,2.86710309615589,19,3,clear,bike,10.12514137060093,WH_North,8.16386102474454,51.54439373484031
4.859929275897747,4,2.1649358645364414,14,0,clear,bike,9.852743569767128,WH_East,4.094653169177257,29.08464244117929
10.90092699954948,20,3.208140829834013,8,6,clear,van,7.960764106702708,WH_South,6.232894523509297,89.59001881531997
1.9014293115506338,9,4.899599332638264,18,0,rain,truck,8.269312600489137,WH_North,7.228334224248698,34.19389841706528
2.626403023720096,19,4.454517247126111,19,6,clear,bike,9.642397229470538,WH_East,6.9603174543414115,55.87236972465506
10.72774539710009,12,13.338067303367714,12,3,clear,van,4.620539683584509,WH_North,2.8023526855565364,51.52874290199521
4.7293102333271495,23,3.56153696010505,16,3,rain,bike,5.406421827097429,WH_North,4.4827829167344975,65.61328503118438
5.910857905054208,13,1.17095541202954,15,5,clear,truck,2.9367827415075918,WH_South,4.373649485631169,64.35892193512797
12.21294774941476,23,10.496243537888645,14,6,clear,bike,2.8566370642938685,WH_East,2.804234659867856,108.23973555922441
13.607155869219795,7,1.412458785517628,11,1,clear,bike,11.215414006055072,WH_East,4.0760744726230165,84.67733240446228
15.28018026093839,20,2.2443733529615053,10,5,clear,van,9.127787701706863,WH_North,,92.88168068297293
11.647543001760901,14,4.015734216085059,10,4,clear,bike,5.435861797913873,WH_North,8.994859917440387,102.80403444419662
6.952119421080719,5,4.446078881819614,12,2,clear,bike,0.4679262386104095,WH_East,5.510969381176684,47.17535645006864
6.6102124552607675,6,1.2070666700435262,17,2,clear,van,8.913610837910023,WH_South,7.442324082005481,33.731016946464706
6.154624842359285,8,1.9688890202093532,18,5,rain,van,11.382189742761476,WH_South,6.993306419140325,48.016496509320355
3.5495455749175506,4,1.1775691568422078,8,0,clear,bike,11.120865296150743,WH_North,8.536612900528276,29.053209808518584
4.335429909971764,24,5.130479601201619,7,3,storm,bike,8.569949867979187,WH_South,4.074711680791054,70.53835530484933
14.191341424126174,6,7.601654487259224,13,5,clear,truck,7.77285810488905,WH_North,2.143699459909062,63.84298574706258
5.034524097649104,15,1.4115852576208485,17,3,clear,bike,1.4500801602919178,WH_South,6.136131811659295,56.379315661880355
3.5647783990937647,15,6.665613298211812,14,3,clear,bike,1.0279566315022417,WH_North,3.2267679142196517,51.78562503905462
14.84427912784982,14,6.369653809100706,18,3,clear,van,3.1824356837960046,WH_North,8.05941761225705,90.10683375598822
8.865362600726487,16,2.093108846360969,16,3,storm,bike,6.764916094561512,WH_North,3.409685165209532,91.47674283396778
1.5468094480680288,23,0.8287760334143217,16,5,clear,truck,10.958566887998387,WH_North,2.0150784157328605,62.1413032352025
18.83524785250865,25,1.5685016279706694,14,5,clear,bike,10.453160494843152,WH_East,2.4421075863924875,136.21696471921652
17.74164154119437,22,2.1887261089302754,7,6,clear,bike,3.672752438410964,WH_East,4.612073014942623,115.03907147233338
3.7770632117642786,12,9.768565153346643,9,0,clear,truck,4.394904928008291,WH_South,,39.21869815935353
7.385946744967601,19,3.0562485429258253,17,2,rain,truck,3.724128046740198,WH_East,7.481103355521164,99.67338880889771
4.127206246357378,5,1.6408598722939947,11,6,rain,van,6.362055405997504,WH_East,2.499881381616138,30.150931606442533
4.103640184882822,23,3.6821395712687024,17,4,clear,bike,9.70710142118833,WH_North,9.524984939634868,64.7601282932623
6.046531978371269,5,1.3407868329372419,11,2,rain,van,9.397412755259833,WH_North,2.4391883094349973,29.04864555297216
11.080201041283916,3,4.759002251033568,7,4,rain,truck,10.635678179340069,WH_East,3.0576894415197042,52.68876091504436
11.117129203051883,21,1.6747018652006247,16,3,clear,van,6.260639390186382,WH_South,3.822742405530105,92.02134440673191
10.353244544120747,19,1.853792205541886,19,6,clear,truck,7.897861288318876,WH_North,7.116671610523664,98.40733768666193
6.939347702348742,4,4.318224981475243,13,3,rain,van,11.446863360136367,WH_South,4.7749705215787115,39.11104543693217
11.45226032222176,25,11.304078366148357,8,3,rain,truck,8.106633214560464,WH_South,8.681997899229431,148.25290050499004
3.5290707058974853,3,15.463018844334055,12,4,clear,bike,2.0047245751775287,WH_South,3.1320082226298287,26.32950651054765
8.947383399630555,2,1.6033483253793905,20,1,clear,truck,3.9222442793252834,WH_South,4.047751370855144,31.292908681544734
7.935392678817293,24,2.186660668673129,11,5,rain,truck,0.908333694970413,WH_North,2.809853967917525,93.86833759402832
6.691973924458534,6,4.762975602582964,7,1,rain,van,1.325956979457704,WH_East,3.353709381419927,43.9857712223179
9.146834485293903,6,7.524411065235512,17,0,clear,truck,5.902018809547778,WH_North,8.680221846518023,66.42941938073898
1.7696027722392025,20,0.7298920863307149,10,0,rain,van,8.862837683935373,WH_South,7.994668316538816,58.43159667370159
4.1803506235855,16,3.5294278414549387,7,0,clear,van,2.2673112744921253,WH_South,5.2007786986154425,51.94804403913062
10.584263450464785,14,2.360798516848359,16,0,clear,van,3.840184728058653,WH_North,4.19411489660431,74.35973420235062
7.814989057719442,25,0.8634538403148713,11,0,clear,truck,4.038614597881439,WH_North,4.600248950086004,97.0874129471745
2.804973547394777,3,1.3021054795774947,8,2,clear,van,10.081472056628787,WH_North,5.323019315389036,19.365080850811395
7.710096133699591,24,2.2312408780115995,7,6,clear,van,2.208427651531461,WH_North,3.0472316780190956,64.92206503979804
5.633658996449134,7,3.4596606768564215,9,0,rain,van,0.4084560066804963,WH_South,8.156358117910434,45.088372469275996
14.388965201053342,16,6.723924601780222,9,4,clear,truck,7.486097061312851,WH_North,8.239460385423659,118.07767900942555
3.7045736163553706,9,4.254782653905345,7,6,clear,bike,6.3222186675214385,WH_South,4.35956649306985,31.954329888272344
3.7939805963412825,8,6.444825791595368,12,5,clear,van,0.032514727681125066,WH_North,3.5255794239533995,31.379989578195552
9.821446083824595,9,3.38281104880829,18,2,clear,van,9.176305910305903,WH_North,6.678331443150675,54.0877260907951
7.105987349998349,14,2.0269614258967206,12,0,clear,truck,5.086357581101102,WH_South,4.254802740701429,77.09544611510583
6.903384323631973,22,2.9193909982666044,7,2,clear,bike,6.573860369382319,WH_South,4.523834670162263,87.9584808476006
23.833750122187674,3,5.402501803514411,19,4,rain,van,8.049759234216957,WH_South,7.221602686500243,113.70278400703053
11.295151863337045,17,6.840039582471467,15,5,clear,bike,0.6161442987822565,WH_North,2.6004689354842583,91.02381412915793
6.384839290678991,22,2.9936330625535836,20,0,clear,van,2.0705275704681436,WH_North,4.479799491948445,77.31482180301279
2.556057264275114,19,1.7325933223263874,15,2,clear,van,5.557702829533995,WH_North,3.775152057161447,45.248081612997716
6.16714553122945,25,4.1994800148686116,13,4,clear,van,2.0628063235470133,WH_North,4.757715259033576,68.59500319451757
3.4528736358680105,1,4.6394075490407465,14,5,rain,van,1.3989913778767291,WH_South,3.1409440065847503,24.70378268195168
4.356409096920266,10,7.868782587918527,7,2,clear,van,3.8995706177122593,WH_North,1.8101880746243293,34.11160143332458
4.451942788126311,11,2.0644544216783505,12,5,rain,van,5.1199370262823205,WH_East,3.027355360717053,38.06204661353899
13.756144990195565,14,2.080362010364759,13,5,clear,truck,10.198451749013884,WH_North,2.617473655439071,55.784204778023394
2.9730588429159566,8,5.63677525265834,11,2,clear,van,7.1392542590992,WH_North,4.330236757155914,34.5343417323675
12.99440328266623,7,2.4962672105691226,18,3,clear,bike,11.152763582343617,WH_South,8.157274488001516,76.42903942666206
10.078314584177722,22,2.423520105006395,20,3,clear,van,5.486358692891978,WH_North,2.9283090674170262,68.43638222782346
9.993442896070302,6,7.987660465650528,13,4,rain,van,5.66901344879147,WH_South,3.9552477406829265,55.83516623537988
4.242326925632478,24,1.2716255919052117,17,2,clear,van,3.7373915098792123,WH_South,8.25922698934729,55.52134598150557
12.03839745327679,1,14.00398872328968,10,2,clear,van,0.9787347021968316,WH_North,8.176557018393202,56.683756919530154
3.9214998359116815,11,2.162262680811859,19,2,clear,truck,2.06409613502126,WH_South,8.656307962234973,48.01767988095418
16.94720676347403,16,6.090376375083554,16,1,clear,truck,0.8124958488435539,WH_North,2.856876236631285,95.8357548713513
13.936966713417291,25,3.076646597037314,17,4,rain,bike,8.44138963920025,WH_South,7.636537842852978,129.66401389695505
18.568895656577205,20,4.014663765906918,15,6,clear,van,4.188008576034831,WH_South,1.0,77.3369993319667
7.959822427646703,1,2.762260731791956,18,2,storm,van,0.37820594959805254,WH_South,8.839078078914376,51.08858170723468
7.10296360919847,19,6.047250200599244,14,6,clear,truck,9.026390153732082,WH_South,3.0869310019023564,73.23513158478818
6.0646182134243976,9,2.6035432043097217,20,3,rain,bike,3.0580999005202725,WH_North,3.699395318101616,41.658928065528066
23.550649394501256,22,2.223177479681146,16,1,rain,bike,10.722256781631796,WH_East,3.684748967085438,173.7400122896428
11.024031673018566,20,11.81463808220276,13,3,rain,van,9.877001916965625,WH_East,4.232220536098538,76.5925562721958
3.4795296284199093,5,3.38911182286455,9,3,rain,van,3.6451125122156784,WH_North,8.736607336724903,19.530632696646848
15.868710100012471,10,2.0688918117625983,19,0,clear,bike,2.8285993330156325,WH_South,7.537935207658515,87.41721447009684
6.940869379982201,21,1.1697609211849616,7,3,clear,truck,11.916961145279187,WH_South,4.168553513545639,87.04891064716156
1.0797381646123794,24,12.25463976644593,7,1,rain,van,9.83575386086607,WH_East,4.158075206709886,54.91017166645722
4.848862657395248,16,2.2561328887331973,7,5,rain,bike,11.119496576521346,WH_North,1.0213777220816453,52.185470270003776
13.931753696492805,6,14.059337516398125,8,3,clear,bike,0.2044452641479526,WH_South,7.162792564420602,114.19000065715086
10.09793935684853,10,4.389424152750469,10,2,rain,bike,7.179962241453481,WH_South,8.191946779001603,92.63136373184147
11.256427595353937,20,3.6693687340903427,13,0,clear,bike,3.1997059911049175,WH_East,4.91046601016414,98.1385231843212
15.78204395020804,15,3.73927098500023,10,3,clear,van,4.496763243790447,WH_South,9.02316563400954,92.61991655686637
2.243023728858997,6,15.66087646666626,13,4,clear,bike,1.0929049403415827,WH_East,2.6977977282345296,27.471131722828744
4.886784593628893,8,0.7156579149590864,13,2,clear,van,8.980387273823574,WH_North,4.699472989811833,31.48042579668039
8.065835202065097,5,3.857576218781266,13,6,clear,van,6.307728575081871,WH_North,3.929840268978282,35.4180970552255
14.16401648174823,12,2.7575910061255446,7,1,clear,van,9.504276103572515,WH_East,4.171458770391387,77.87110944570102
3.9067160328744115,12,2.8600371962867506,14,5,clear,truck,1.3978347603806878,WH_North,1.182143722343899,44.20594100843182
6.361415298623733,14,3.685913148733001,11,3,clear,truck,11.967277581038473,WH_East,3.3165833969199197,54.955160229089856
7.764400665495595,24,2.7555638760177015,14,2,clear,van,4.1826742667013,WH_North,3.897481776652379,75.95866691558598
4.732379558803778,17,3.787444309753016,7,2,clear,van,11.417321587511125,WH_South,3.5876659680309273,62.43074353112023
7.712034112459193,15,3.2657706758778953,19,3,clear,van,8.117474515377793,WH_East,5.848262227554858,56.99974994801091
7.0819943193660935,10,1.3238038212443133,17,0,clear,van,1.3060076139271901,WH_South,7.564844035438572,53.5581280436866
5.547536426930729,16,4.336017180698089,11,4,rain,van,9.38386925912762,WH_North,2.9624002346466,58.007690358926176
12.02106307157715,24,5.480728971940318,12,2,rain,van,6.72796113963944,WH_North,4.3317471996308425,116.22106710592476
10.817920310446276,1,2.2717581968318723,11,4,clear,bike,2.264437132047065,WH_South,4.231936664490304,59.502494162853914
12.32448764307204,9,12.274540691304622,20,3,rain,van,2.246840853898506,WH_East,4.2707723940341875,57.697350958723845
12.93975498438783,2,8.456202721474384,16,6,clear,truck,11.437856859701741,WH_South,2.667562840749705,30.312888308584448
18.003819737218443,6,5.994045797483896,13,0,clear,van,11.98275575352334,WH_South,3.8182545038655764,61.298862436589445
2.7284671338396063,2,5.943359351001585,16,3,rain,van,6.913388646557435,WH_South,3.7244810435949276,15.42244762563152
2.953350769262828,15,3.390806730998339,7,3,storm,van,2.245840472341075,WH_South,4.622268068984524,49.656768209563076
11.447627924510863,21,7.381378968914256,18,1,clear,van,4.0831052756426605,WH_South,7.320005048110532,82.79885270211929
5.872636736192156,24,9.969478029027304,15,4,clear,bike,2.543498501388183,WH_North,3.1185257383125964,75.12797697053954
5.416342879970743,6,5.845176603757065,11,2,clear,van,7.289892930848244,WH_South,4.665378945509851,30.883600892946895
4.91066859169786,18,2.2273257725849627,16,5,clear,bike,4.803334913499216,WH_North,3.7387772355005433,58.15035172349478
12.56785601530979,9,3.229163073213327,7,6,clear,van,4.536817061434552,WH_North,3.419340326512297,48.416212589286935
22.721115996088123,8,4.960809946561465,13,5,clear,bike,9.617016710637659,WH_North,4.421413096207907,100.26953514998483
12.901344829444612,16,5.968057113620547,20,4,rain,truck,11.562819555916104,WH_North,5.67956780900029,100.96107501710553
5.708136419229648,17,3.1448492312670435,17,5,clear,van,2.3643097340787165,WH_South,8.107586036804257,64.51242424386857
12.209288791241566,15,2.2327500166187857,7,6,clear,bike,4.973085427237901,WH_North,2.327391755519693,77.51178298245058
2.888288182801198,3,10.063800646275668,15,6,rain,van,6.4383589489811435,WH_South,3.747987124874458,21.259112946389006
0.89725495116736,11,1.5673341771653917,16,5,rain,van,2.950471120169058,WH_East,3.099210203501215,27.055191057414746
6.784646145141926,8,1.7178401432338788,14,6,clear,van,4.822800708171682,WH_East,2.4939278838339054,45.58770736488665
2.2453678191667974,1,1.311288882575297,11,6,clear,van,0.6695610001524828,WH_East,2.3329868749190137,19.18858646231986
5.879504567149132,2,1.7151738165889234,16,1,clear,van,0.49465718130277825,WH_North,4.042345863201333,28.196369664422296
8.591273186218194,12,7.949757411971909,12,3,clear,van,9.436326709432631,WH_East,4.535158521993636,41.97066496752316
25.065404879255404,3,8.138313156100239,20,2,clear,van,4.069123224146704,WH_East,5.041390270796009,71.82140892816251
14.80287876982753,19,3.15241279365369,18,6,clear,van,8.489095661879281,WH_North,7.606702687489665,98.97041534113865
2.2801931079904256,2,4.699330618088323,19,5,clear,bike,0.9949677384881817,WH_South,7.516538073400526,19.362164482973263
2.448000108327972,6,3.29579296370115,12,6,clear,truck,8.048002501849213,WH_North,2.8147193754673334,23.023480842336067
4.753334291110481,25,1.4414019578905923,16,2,clear,truck,7.840440545124219,WH_East,3.9948723208269885,74.37353996208651
19.874527637644373,18,15.684530456624833,9,5,rain,van,9.857458825869507,WH_South,,110.0645785369508
2.3603120220699223,14,8.69126045660468,17,0,storm,van,2.4552897778056244,WH_North,8.308725671798621,45.10139318660812
4.935093260744582,1,4.254994986359679,17,6,clear,bike,6.613407179675519,WH_North,7.388544984318361,17.64140659446017
4.918143247916786,2,1.823717598579752,17,1,clear,truck,10.814195309984534,WH_South,9.522798018320364,37.98333441154243
9.811022317574535,23,2.8364291967285458,7,3,clear,bike,2.638597544778651,WH_East,3.764270793839939,95.53008264933719
12.386233310029134,20,2.044804352984981,13,5,clear,van,1.4983763334645235,WH_South,4.07214490806721,70.40955216831452
10.879168801476318,24,3.5548311606877543,10,5,rain,truck,4.137181241678936,WH_East,6.573061227513189,128.11822320909485
9.023361065909521,21,4.1245058646344095,19,1,clear,van,11.584152812253002,WH_South,9.327329583366442,87.31354913591179
2.802987254657101,1,2.6148641721011714,14,3,clear,van,1.8886881992615594,WH_East,5.104534607582684,18.756775894559766
8.208391811675824,21,1.1995075204897254,15,3,clear,van,1.4320146167615526,WH_South,4.81874700188407,81.0923551163123
16.034385494453776,12,14.767684148947197,13,5,rain,van,11.972966355790637,WH_East,3.054205044557722,69.298225124515
19.05930375846853,18,3.9206941718562693,8,2,rain,truck,4.717876332570938,WH_South,7.599987940275209,150.68629145153844
9.65851094194113,11,4.570462485601308,15,5,rain,van,1.7909856158390562,WH_South,2.6661195766780215,63.03931991259354
2.2969392970817046,19,2.4702353506076515,15,4,clear,bike,6.703434244857398,WH_North,2.9245450108491906,57.437736628838095
9.754514786536992,22,1.1124805138557208,12,5,clear,van,0.16628961846205703,WH_North,3.42087860948169,85.03261243947965
7.068528141478862,25,3.1320559074599226,15,6,clear,van,5.1068995557547225,WH_North,2.776468220835178,94.56658441601967
2.5748421853041834,14,2.647841007293268,12,2,rain,van,0.43462483198835766,WH_East,4.144411744936987,50.104694062650886
3.7525914829879947,7,5.45577164915037,16,3,clear,van,6.784062861146749,WH_South,3.952852465257113,27.47425510234077
4.240992030687914,16,6.26046398492741,11,5,clear,van,7.497240729107191,WH_South,2.033623824055268,54.244498507958276
11.47039608264353,13,5.671880018995519,17,5,clear,bike,0.042332292998545906,WH_East,7.955151901535297,86.78771816344064
18.610027544350828,6,6.631232173644715,19,6,clear,van,6.152462418329526,WH_East,7.0864828556458965,85.1398951783761
10.476742038736962,19,11.734885419205353,13,3,clear,bike,11.33944757966333,WH_East,4.57598175334607,80.32282650536825
11.68041764735284,2,4.361849731232363,7,4,clear,van,4.777070096021935,WH_North,2.7511558798670084,46.05833141802269
7.373914915220136,11,7.166741401782871,16,0,rain,truck,11.45403406614451,WH_North,3.112477097246364,55.6213082175517
5.3622884869025516,18,4.691265622910814,20,3,clear,bike,11.561653345604551,WH_South,3.446873482871478,62.7917682193199
10.643355605635179,24,0.8780736719989505,16,1,rain,bike,2.8829983094888285,WH_East,4.018615582359656,98.72289706696117
9.093828998264849,16,2.979739266178908,12,5,clear,van,6.928546285672279,WH_South,2.906786980012871,57.324739868204446
4.505907455854339,25,1.8086884062448707,14,0,clear,van,9.963749125164842,WH_East,5.027914816179633,67.48302102024398
8.738283133019914,21,3.9040064921317716,12,5,clear,van,8.50988761950833,WH_North,3.9311568894800915,73.8871567438304
7.668721311086623,6,1.9084528516191361,17,5,rain,van,9.121549502363912,WH_North,6.342168167908888,41.32616359390059
6.330467494337147,22,5.073224558457231,17,3,clear,van,3.1311458641773076,WH_South,10.0,79.7045863657514
5.241937086098638,9,6.5976905339486445,15,4,clear,bike,11.018562413463103,WH_South,3.723660467215131,46.5096883147524
9.653309976336885,16,7.7098523135802095,12,4,clear,van,2.8277297207159413,WH_North,4.962100953178675,63.053318413269295
5.46370266635901,6,10.313802978059618,9,4,rain,bike,7.737691427770375,WH_East,7.543892448337568,50.44930986503614
22.73801646870203,14,1.027145033119298,15,4,clear,truck,10.61654035738528,WH_South,4.362251640180575,126.45136283725509
10.273251722301042,17,1.4343330613104277,11,1,clear,van,4.313930108878655,WH_North,4.654901642039059,62.659694479352325
9.74812750111586,23,25.77669090732214,19,4,clear,bike,6.625599953238118,WH_South,6.446146092903339,109.5392874496267
6.8992768139147325,24,6.730615555598152,7,6,clear,van,8.286151044691582,WH_East,4.57222709997238,68.54480113417982
5.987893911762706,21,3.8849634652949483,18,2,clear,van,11.141852293389078,WH_North,7.096825838887394,65.88266692723985
1.9019390794596926,14,3.3954159000976034,17,2,clear,truck,5.3764395776516825,WH_South,7.485809283879586,55.7651145192479
4.706623438474741,23,3.1905646169169466,14,2,clear,van,7.2384455483619305,WH_East,3.2553460237535283,63.628469665906394
2.2581441933218938,3,0.8575956248711148,20,6,storm,van,1.701529240947635,WH_East,2.4894957391017787,14.74380063028223
2.234622902831686,25,1.9335730774302027,17,6,clear,van,0.782673475027821,WH_North,6.53189719557436,69.18281465064251
3.370150346462291,6,3.070089406602088,7,2,clear,van,0.25721446293535166,WH_North,2.72541542336739,26.92030324472731
15.095180261430496,11,2.011534949653522,12,6,clear,van,5.719006995327675,WH_East,3.6851139633774395,69.68570304348263
15.05385791699458,23,2.2042885562635366,18,5,clear,van,6.548629293668592,WH_North,7.103723914336151,86.79610961493565
4.779750735958917,18,19.90780757796855,17,2,rain,truck,1.036287214305077,WH_North,7.675535934893775,101.29703550681654
2.754066032305559,22,2.7838722964818707,9,5,rain,bike,2.1731599975932694,WH_East,7.91447953273415,63.767665666480035
5.81836105796418,18,4.033699745446101,9,6,clear,truck,3.1956114771793493,WH_East,,71.59783554308441
11.403634593941387,16,3.9344669129995538,19,6,rain,van,10.695296510021903,WH_South,5.595957215971079,86.09462937002846
13.373766990150791,5,5.015944050371023,7,3,clear,bike,1.1911237023155756,WH_South,5.261201443170704,88.9871211681391
8.664025182741927,25,2.377149459792727,20,1,rain,bike,5.876286815417203,WH_East,3.7791469811160474,92.03767992529444
9.58231372702957,16,7.94773413540206,14,1,clear,truck,9.468807915821454,WH_East,2.5841576326090294,69.5164890443021
9.041582599072783,17,4.528965448167239,18,5,rain,van,10.44207972235344,WH_South,7.371436237775941,80.72848757479339
2.3829892913057673,11,1.3484893129035223,10,5,rain,van,8.31762524888774,WH_South,6.894774472963853,31.24185028198865
2.9552784491393025,24,3.079438270175952,11,4,clear,truck,3.1866231863716994,WH_South,4.574486751281195,107.12974384412763
19.040904613138153,12,2.943196323125283,17,0,clear,bike,1.457021372593922,WH_South,7.930851762897056,123.4991560025243
8.639738371358867,5,2.849900784642817,9,6,storm,bike,1.8947784414475413,WH_South,7.321121999365454,93.46481679369131
1.5442257797518104,5,4.742231291535637,8,0,clear,bike,9.243302181244061,WH_South,7.4083061632851654,23.401401468565453
9.921921905671436,18,5.177423985216751,15,4,clear,van,3.5583985589729994,WH_South,2.8744117706104393,63.57858176397711
4.10537368938357,19,4.766713901574082,7,6,clear,van,4.054464134797842,WH_South,3.667585082576085,53.47243124960009
13.988318978349866,6,4.209065917100565,20,1,clear,bike,2.1062860783578214,WH_East,3.327536818499438,81.78323120324758
13.146857370141985,18,3.5252325134782994,16,3,clear,bike,5.215742395421916,WH_South,4.1621483965324515,99.9666653038428
11.04098854664172,25,0.7365008397583953,16,5,rain,van,4.014504087310652,WH_East,4.337267735263136,85.58423305167314
8.580882227177534,14,5.72318140383164,14,1,rain,bike,4.284202339154567,WH_South,3.656186453372036,70.77271116750748
15.923409453810493,25,4.673217780221782,15,0,clear,van,0.4054828350292312,WH_East,4.430072733881165,95.88343276862095
16.843107595021777,4,1.6664024918789426,20,3,storm,van,5.55083242042299,WH_East,3.7724653845152134,85.71419544295904
4.178130458840695,11,4.040658181342915,7,5,clear,bike,1.3426945243568045,WH_East,2.6718136567217345,49.10392436623983
10.971373594382861,14,5.225533703035554,10,4,clear,bike,6.428123080787815,WH_South,6.393885548626654,91.79908341377404
5.280029530249419,9,7.537367217586529,16,3,clear,van,8.030204001694491,WH_North,3.7645413122915383,38.45706705948947
3.7740981645378833,3,4.745567432293971,8,4,clear,van,6.553278444999725,WH_East,7.652191777665653,26.175696839988724
16.83485140614969,12,4.158362075009246,10,0,clear,van,1.7576423139222577,WH_East,7.016280910429764,69.60583934268467
11.997252342513917,9,6.441365953786698,7,2,clear,van,7.397942667155118,WH_North,1.9684216301132962,51.32835086149422
9.006178265344925,6,2.6789421216383364,7,6,clear,truck,4.953580210472833,WH_North,1.4968551137852724,48.486789661015
4.454584447845526,10,4.430011826607338,13,2,clear,van,4.312716523930303,WH_North,5.406721677710115,39.65371104372873
17.115046752749535,11,2.1494688477439103,16,6,clear,van,1.7853167508917656,WH_North,3.0340291283379255,68.77374985442005
4.064851586637753,23,7.222547249580972,8,3,clear,truck,11.931970239947226,WH_South,6.507407984100282,82.13955465098194
3.4551725938387348,13,1.0759480931621204,20,6,clear,van,4.712067623050878,WH_East,2.4580932134646045,37.76110547716969
7.682689143261314,11,5.880936523342156,17,4,storm,van,5.476447180558543,WH_East,7.809123922889084,66.1422770271221
11.402381856600531,10,3.361530154022742,16,2,rain,van,1.1325884105922084,WH_East,4.203960629729803,63.62886122696474
6.186015472259678,15,6.525849468695199,8,6,rain,van,8.105677359253356,WH_North,6.790097426827264,56.130989814793345
45.0,7,1.9224856165402122,14,1,storm,truck,3.3919025692457776,WH_South,5.619092073762905,217.04271038021275
8.498294023479398,22,3.5359729864634786,19,2,rain,bike,8.881981282916314,WH_North,9.661523296509209,118.75429893409807
5.2657471621753515,11,3.464059138299756,10,5,clear,van,0.8055253788556622,WH_North,7.344684239706407,48.85157623560167
5.656405943232156,11,4.498385218459411,14,6,clear,bike,3.5620480766056772,WH_East,2.670381696570045,51.020255283661285
20.254260306748115,2,1.5947334950711534,14,1,clear,van,8.94785665709215,WH_North,4.144332278109555,48.185472924528675
7.246836970045081,23,5.182826488770392,16,6,clear,bike,4.752088406894938,WH_North,1.803986269174319,72.68123627550054
16.5030405688925,12,0.9119903321737692,19,3,clear,van,0.41142725717201944,WH_South,8.699529384450578,98.96714850948153
2.1725481828951674,4,2.0802967670824355,8,2,clear,truck,9.474508372825566,WH_South,7.954552017038495,25.329779672727373
14.150271688563679,5,1.1119208275002843,7,0,clear,bike,11.587169858040113,WH_North,2.713681549017595,56.10042847351944
4.602269623391514,10,5.928395362091867,8,0,rain,bike,4.518167127035915,WH_North,7.274163247712182,61.08045444969571
12.164823144634537,20,4.393347848271968,10,3,clear,van,7.459139819468927,WH_East,8.316111126609744,82.75671177180621
4.576606886026591,3,4.568692472092955,11,4,storm,van,4.471812304440997,WH_North,2.3013255720210557,11.689875915922102
5.91803526168598,4,9.311335951294417,19,0,rain,bike,6.65979017808729,WH_North,6.9958383118638965,46.43765083857285
3.6967374466712286,15,2.6613694778006263,14,6,rain,bike,8.862762936595777,WH_North,2.5807202330641226,49.84060778197608
12.299793831538443,13,5.087110445810016,17,3,clear,bike,7.594950370048789,WH_East,8.677695226036812,101.51138340721828
13.423424712931915,24,3.477159215467589,15,0,storm,bike,3.776527518310544,WH_North,5.3429276126468075,154.7078336791592
4.702786225115183,19,3.1256298401620333,20,5,clear,van,2.342262592893289,WH_South,3.340859970256953,56.71778851417045
2.618113289944966,17,8.28658616242891,11,1,rain,van,6.532010620766769,WH_South,1.0,60.74450396313114
16.369530731610492,9,14.257962953286999,16,4,clear,van,7.913974878324838,WH_South,2.794907945815924,54.6257298358388
5.0813844551855984,16,2.4546233699021265,10,4,clear,bike,6.893955330147339,WH_North,10.0,68.36386545323909
7.014433871595678,15,5.951264476655372,10,5,clear,truck,1.5376896410170118,WH_East,7.141670643455459,69.68711941735391
4.153018276950977,7,4.1511351993662196,20,5,rain,van,4.260555094211934,WH_South,1.0,37.365282994829656
11.621432048366824,10,4.18613844038984,7,6,rain,van,8.935783979551438,WH_North,5.135494326706581,54.46800119812724
11.790478794568434,24,3.9472708273389796,10,0,clear,van,1.760983193399035,WH_North,6.597594045676748,95.1216924692502
17.910868495988606,14,2.62963592744289,12,2,rain,van,10.600578094132818,WH_North,4.31613118729141,84.7044733382274
14.387274082303394,12,0.2699586735444701,8,2,clear,bike,5.598392577030869,WH_East,6.7683340323932475,100.09285132711113
13.824939773525664,20,9.721758592084445,17,2,storm,van,9.493949239614112,WH_North,9.78195897703631,125.85933131829299
7.418275336923662,7,2.041504811518675,12,1,clear,van,4.089667483432064,WH_North,2.5247957813202655,37.41244943783403
6.864302660246969,6,2.8036159606333535,13,1,rain,van,4.31058720736992,WH_North,3.2732236110716597,35.66989082019881
11.527621301173905,25,2.845659838859884,11,6,rain,van,11.604340636833431,WH_North,3.944095286233927,94.00788616986254
7.164087746352549,21,1.9181048182293852,19,6,clear,van,6.808200841199797,WH_East,6.502187259839486,85.51676962119396
14.668779193817436,11,3.928148123370491,12,4,clear,truck,1.2228810903743152,WH_East,4.237714529872857,81.39434920706591
3.9754937139548128,24,3.2187120504358124,18,3,clear,truck,11.491990074917691,WH_East,8.547627093561617,78.6715834367481
2.1382176849494816,10,2.0105831710069118,15,3,storm,van,4.49820736293054,WH_East,3.959409380669691,46.22097230111556
10.750343480372866,17,3.6858877718856027,20,4,clear,van,8.522685186522516,WH_East,2.8000217573884267,74.80611220978672
5.502811108971793,1,3.2441952254990203,15,6,rain,van,1.5427401638296434,WH_South,2.2916899987996997,25.808888080752546
3.5675643612615238,18,6.356557771272294,20,2,storm,van,10.263872780412587,WH_South,3.454915767515595,60.36217417802591
24.205782997732822,5,1.2991783791501113,16,3,clear,van,11.508873183773149,WH_South,4.328623791107559,79.16656807549806
7.846484713721894,7,1.8893398368368743,7,6,clear,bike,4.594180159554419,WH_North,3.7305267472951633,34.50632481714985
3.0105638579400305,21,5.516305416440703,9,6,clear,truck,1.736601725482616,WH_East,7.184601814866247,91.46945020239352
5.08430551414692,6,2.121619982546722,18,1,clear,bike,6.691760245739996,WH_South,8.43194764269806,51.898386432099194
6.5055133804388685,13,1.764060786077394,7,1,rain,bike,1.941446392526533,WH_East,2.3675251380505093,58.09472839694478
10.620246634439532,24,2.196348791248497,9,1,clear,bike,5.305675483905491,WH_East,8.06793331376765,121.13333957790866
5.101551363414211,24,3.093536386977291,18,0,rain,truck,7.4718888864125415,WH_South,7.741601976319968,103.01377969335354
7.080028214832202,12,3.1017756714678586,11,4,clear,bike,1.6715854548872215,WH_North,4.245702452304396,50.14938586114595
9.192562129483697,3,2.866320337314928,10,3,rain,van,11.37622406470387,WH_South,8.47704473721981,48.6220748230046
10.22851341125286,8,1.616081506610475,9,0,clear,van,8.467068109715274,WH_East,6.854011858442204,54.377816238914086
7.402524077931609,16,5.704248505680238,11,1,clear,van,4.335363201523436,WH_North,3.701001156090851,57.649499763425915
20.07314792323153,9,8.40102593558761,18,3,clear,van,4.988253103013467,WH_North,9.001029342337889,95.23198868853336
11.693359759962652,18,0.8717086041519919,13,5,rain,truck,10.177418063159191,WH_North,3.273560708015363,96.9585240960308
11.319088452137603,25,1.1190963931036366,20,4,clear,van,5.712050696875569,WH_East,3.7097741543863294,88.70390697995626
11.078949907901807,16,6.699278823651193,17,3,clear,van,11.844967551342604,WH_North,6.7039224041885435,87.65804691118772
14.733503569272873,16,9.962792845233748,10,1,rain,bike,0.746091292647654,WH_North,8.288547317846609,131.05936866539497
8.828316272303628,14,0.7479454135609906,9,2,clear,van,3.256043003972897,WH_North,6.548765173020994,63.42321655041099
3.930583071057631,5,5.875584537909253,20,5,clear,truck,6.221364543453568,WH_North,2.8394395370444663,23.42055436803397
9.942130369235986,15,10.44910073367479,19,5,clear,bike,1.6301381185531816,WH_East,6.557899439832189,94.55916604032156
10.69186283458811,24,1.8154101386862893,8,6,clear,truck,4.274734973551085,WH_South,7.354089375106141,99.86144684221327
16.04935556028419,18,10.031874549969116,11,3,clear,bike,6.239731176345886,WH_East,3.261177838066816,108.38544369253043
3.6614008171276393,19,2.9311768667276716,17,1,clear,truck,3.1318926269982876,WH_South,7.504389059511187,84.04578746823736
4.298534918510117,22,4.13813814561999,20,3,clear,van,1.9752877090645695,WH_North,2.9803617497988446,64.63940250927001
8.002597756957918,10,2.006790500210725,19,6,clear,truck,3.220146282440964,WH_North,6.776408539849368,52.03536203993322
11.263552131780042,9,6.690709807013141,10,1,clear,van,0.9908615218259804,WH_North,7.993259564963851,70.76722038786866
3.2006034504288605,25,5.954316878747566,19,5,clear,van,2.3512178250680797,WH_North,6.6873527232731265,75.24606102448888
3.7315296550931265,12,11.103901677251645,17,6,clear,bike,0.7321825467625427,WH_South,6.717832715434563,51.83017843730183
12.839274259524704,19,9.101371881574053,13,5,clear,van,11.430374635736202,WH_North,3.148077523547337,68.75801761306917
3.295484835662425,16,3.298919428852025,12,4,clear,van,1.9321692271625501,WH_South,4.700988253252433,40.76286841682779
4.339146665709563,4,29.24957461886494,18,2,rain,bike,0.015217445300435894,WH_North,8.470149687100669,58.913626873447576
13.309983979385802,8,8.546782137590366,18,5,clear,van,11.488596918021827,WH_East,5.8355968297522,54.11228836221751
11.167782382855474,9,4.847006144394185,19,1,rain,van,9.102983877224087,WH_South,8.49065168353578,62.1890546076921
5.136465389648036,5,1.6520086673129053,13,5,clear,van,3.2042524917817,WH_East,4.231067174720885,30.189191929652274
10.426274750371864,20,1.1376640594609735,10,2,clear,van,10.547016406391773,WH_North,8.43512199252509,71.80900218360065
9.277561806909334,25,1.207413538249008,19,3,rain,bike,10.459500220926175,WH_South,5.6278418345316155,107.55744210404623
7.225097417059747,25,1.7270835197192436,11,3,clear,van,8.891929426205552,WH_South,4.038279490780164,91.0449868781277
6.088168861124697,5,8.706865558659999,17,0,storm,truck,7.1066764452408835,WH_North,9.04513478607404,51.04620228273947
10.186064113477808,12,4.669080883409904,14,6,clear,bike,7.016591147626053,WH_East,2.5962443391576553,63.75393024174544
3.5037723450350304,6,2.1611462919390467,15,4,clear,bike,11.626830282729037,WH_East,6.41013201102078,34.425824449475776
10.117538709984608,2,3.018897481474803,9,4,clear,bike,5.581774150345453,WH_East,5.837762462734315,45.723594009311576
8.770151605362464,16,2.7720233864171164,10,0,rain,van,9.70275913514606,WH_South,7.931533043302504,66.80902976642149
9.150136167176498,22,5.8126435615314485,16,5,clear,van,1.3498940736702942,WH_East,3.651048869954576,78.27563377179955
4.211139503478336,2,1.794706621094517,10,6,clear,truck,8.409932796150827,WH_South,7.154875999570991,35.12495243239833
16.278411165635266,17,4.240921032419993,16,5,rain,van,11.874781704257451,WH_North,3.1385983707914087,75.23586328758131
5.148101172232096,1,4.096201345571353,20,1,clear,bike,0.11973680826993682,WH_East,2.863880677121956,25.453660395046814
5.6858666934900075,22,1.8327038551824633,8,1,clear,bike,3.0948218844822852,WH_South,7.28221344960329,102.37296042775577
7.04956817748775,2,10.090599223357207,19,2,clear,van,9.419351275646868,WH_South,8.316297783424194,37.86490317813851
11.152685733717817,11,2.699590663575605,9,0,clear,van,8.805737672385611,WH_North,5.897636107458901,45.181013851811386
8.98699662562138,4,1.6571096545529287,8,3,clear,truck,8.810349063382745,WH_North,8.614784867565524,47.64626900693891
2.5463775624860068,11,6.0316221369453,18,3,clear,bike,11.7895650668139,WH_South,7.697358317550259,45.47748791755664
7.77790022857817,11,3.4492158108662574,9,3,storm,van,1.1502626581548672,WH_East,8.297047181376689,86.5292235092432
8.175821789535725,14,4.418939869806683,16,6,clear,van,8.101126786578671,WH_South,3.7617467764087524,67.39841552675493
16.50284672613994,21,1.4487833566852029,8,4,clear,truck,7.694241237476453,WH_North,10.0,144.3525904970208
6.438145539352372,25,5.8631756473659165,8,2,clear,truck,2.469139500372741,WH_South,9.058841893513687,116.34302077957356
10.594904110609306,9,15.190949990424103,9,5,clear,truck,2.555103334149293,WH_North,5.918433106582333,57.44312225408752
30.492483179385797,24,1.371652735665462,14,2,clear,van,7.802546524518162,WH_South,5.745543369614805,131.09924925239343
14.917882703766637,11,4.254367763197672,11,5,clear,van,7.8542336267999815,WH_South,1.0,51.23647013102066
4.055012775589282,3,1.9160834123969261,10,6,rain,bike,7.200855512529245,WH_East,6.600634048836655,38.433040409961734
12.019320575513118,16,21.817758357009886,18,6,clear,bike,5.5427129325008035,WH_North,7.156242902129463,108.42339117479536
10.142593563221773,19,7.906954863939583,9,3,rain,van,8.24641277781376,WH_South,7.50839850937302,89.56740867671094
6.304923178022229,8,4.04497407005768,8,3,rain,truck,3.8626743916208937,WH_East,8.05358205601115,67.74181151480529
12.099927888539026,15,1.4056400728225364,8,2,clear,van,2.829631312483935,WH_East,7.648124031442282,82.42850549739345
4.013641636270795,11,1.6648928177833193,19,3,rain,van,7.145068935307467,WH_East,8.956276183502391,52.99647589396778
5.216820025647239,4,5.5979035074562065,13,6,rain,bike,7.407369228975395,WH_East,2.5659786767234327,38.89463777337352
7.09593328048082,10,1.2792263250046136,20,6,clear,van,9.747109530980147,WH_East,2.895924252668675,47.21057372019027
6.121675325160137,11,1.3076351916673512,18,4,clear,bike,4.9928956877642765,WH_South,9.394350460330305,57.900353975754
11.354829471810922,9,3.340705077031273,10,1,clear,bike,9.169471301730896,WH_North,8.671313473909875,93.32827056251358
7.64835661654353,23,3.6451286825079046,18,2,clear,bike,11.012539261131794,WH_North,7.647104598128042,93.03853579594762
5.737612837981743,10,4.3319681854637615,13,1,rain,truck,5.107945925506135,WH_East,4.225084715792601,50.14209499002458
14.777876267663911,16,2.440815711743037,14,1,clear,van,6.510950013799979,WH_North,5.485388475927131,84.54266417482533
11.108002544002021,1,6.322423389023171,14,0,clear,truck,10.923146177843115,WH_North,2.553886034756327,39.75968275463733
2.922276564462117,8,1.8161696599838748,17,5,clear,van,3.6030014045111782,WH_East,6.021270166185259,30.32724076223398
2.8810830634375995,23,5.148220121631896,9,5,storm,van,8.671880817094829,WH_South,6.4828550775812035,66.79514331677996
5.7636444342624165,23,3.8569799276132697,7,1,clear,truck,6.926645731320368,WH_South,3.995472662971462,81.75095317067336
3.1869873255597128,25,5.0553867600432305,17,4,clear,truck,4.967988805589737,WH_North,8.671545876708104,75.65652543913932
13.454541089900353,2,7.59430509157201,20,1,clear,bike,10.370368409976,WH_South,3.1116178472656575,56.941155026391385
5.378922845377682,22,2.41395711748439,15,1,storm,bike,1.8807383982646826,WH_East,2.9525229111802673,88.51979695843136
10.587180961268995,7,2.090170680025752,8,1,clear,bike,0.4248073808030006,WH_South,6.619517700857934,88.70372685795952
11.922917203205474,1,1.0182896139004964,8,0,clear,van,2.485708410247079,WH_North,6.9519637313069325,37.174903560874114
1.9184344770424806,3,0.8079125414122019,14,5,clear,bike,10.515230241381042,WH_North,2.4098247450482666,16.960756228259328
5.538308606980265,19,2.935324734832644,19,0,clear,van,4.1232023822316615,WH_South,5.8528904559784545,65.07329105593048
6.897329325295246,15,3.079397569053587,15,2,clear,van,8.2076222527567,WH_East,3.2948079992171695,54.22395931547131
9.223730520825493,15,1.5523063818118974,11,3,rain,truck,2.7700732291218744,WH_East,2.8554378647159933,62.53982827069532
13.025736057976639,23,1.804403759543469,15,4,rain,truck,5.890720125175619,WH_North,3.652494264644816,98.03853622967696
24.814045005297395,3,9.644788330736201,9,1,clear,van,6.274278898915798,WH_South,9.32825715304496,124.48716830189814
18.960406233954043,3,6.129344715124218,13,3,storm,van,2.944497786729067,WH_North,2.3658945241310105,87.71860329892424
7.592906628988514,24,1.3728312150034474,20,5,clear,bike,4.648838502480044,WH_East,3.9125430068186455,85.76166066263544
7.5380226954715726,16,2.4359975990043496,15,2,clear,bike,3.141258206701266,WH_North,5.300922459006189,73.15041877549965
17.854880528172142,20,4.411443164715257,8,6,clear,van,1.2081006664164575,WH_North,7.868383355830818,118.86599369370421
7.847450399897106,14,2.141452384007759,9,3,clear,truck,5.17983502621817,WH_South,8.108162332192242,72.09794218096717
5.45814010185175,4,1.8849725891253812,7,5,clear,bike,6.763526097787449,WH_North,4.182582267703246,30.53278407885723
13.580544975793023,14,2.6201405237459245,12,0,clear,van,1.080704967412339,WH_East,4.3696088768238095,66.50786074642164
9.489056146419601,25,7.12395194383316,10,5,clear,van,4.294717523464724,WH_South,7.999625121445843,99.53117772948917
2.8484975828995274,3,7.5911334261185335,20,3,storm,van,5.552385135356898,WH_South,3.906806929575536,19.13621138744807
6.4736150524613745,4,1.9841432870404743,11,6,clear,truck,11.190314515722186,WH_East,,27.54004517374433
3.2582630363925253,9,4.583146478306916,7,4,clear,truck,7.323865327384523,WH_South,4.847377235272159,44.76137053948625
1.0776761060093825,12,3.305248874818742,13,5,clear,bike,11.30718709941117,WH_North,5.348664469381747,30.348700595575835
20.438426737563365,16,1.6392439923206885,17,1,rain,van,6.292595163779995,WH_North,7.493626709568672,92.78255182479809
8.46291617390878,4,2.696751338806099,16,3,clear,bike,9.639095270293584,WH_East,3.8203226668252452,42.05086318521249
6.625167828339398,24,1.3703087349115086,20,5,clear,van,1.155021345870035,WH_East,3.100799608029582,78.79320095313892
5.735354014658968,4,7.494269531320623,12,5,rain,truck,6.773015100368376,WH_North,1.6778760629411333,31.939960342744964
7.937670945971062,6,9.84270360428682,14,2,clear,bike,4.235222552885734,WH_North,3.0365564906756246,35.54841403743646
5.689158278787464,25,2.4907872941676352,14,3,rain,truck,8.74116223978518,WH_East,4.074069722926386,104.28342656664017
4.105123604223428,10,2.107799434480037,7,1,clear,truck,10.5311416099123,WH_East,3.7155036396860255,41.993035211942306
5.904995369300954,15,6.946348364750636,7,3,rain,van,8.547109232474423,WH_North,3.8150451616903895,57.531334145011684
16.875719066826022,11,7.778039068622328,18,3,clear,van,1.059402388469099,WH_North,,97.07732264800211
13.405091827950319,7,1.521827657315097,12,0,storm,bike,7.452661247848404,WH_South,3.6954084514493637,101.05867741685539
5.909861968327245,13,2.993276874292385,16,6,clear,van,8.929224349497163,WH_South,2.3108508799432244,35.93840700549453
21.605658352859894,20,3.1859264584180456,20,4,clear,bike,0.3580978269605608,WH_South,4.1914326590422055,163.41813263992256
7.537865603486052,1,1.935675978638935,10,1,rain,bike,2.0367364291837484,WH_South,8.095665490890054,42.30802266452682
4.737541500394993,22,4.350049332588434,17,6,clear,bike,8.16344320885328,WH_South,6.207769799316899,70.69260374996038
9.737717299859602,5,2.034069091708878,9,4,clear,van,3.7789828436580724,WH_East,8.17326236586342,57.249535833713594
18.383505148182316,23,2.2746301738662433,17,4,clear,bike,0.7462058798321682,WH_North,7.238905176200454,137.6812605563673
16.426986904513704,25,3.092748225858906,9,6,clear,van,10.673038298328798,WH_North,7.5877801072909365,101.91534279130165
4.892928314247609,24,1.1707638539890495,11,2,clear,van,11.426103909131688,WH_South,3.7611470428049376,68.74580987739425
3.559138346812782,17,0.7870076666616557,13,2,clear,bike,4.481670652658773,WH_South,4.154779463097906,53.20232164455784
6.2545834384821575,23,6.314134278178443,13,4,clear,van,11.91451916763019,WH_North,3.9584182688008513,64.63480714072638
10.700014422028461,22,1.9773821780525542,7,6,clear,bike,10.278951042918122,WH_East,2.9493098880684103,80.79102680494532
12.39947215713786,16,14.79670999047775,18,5,rain,bike,6.670291092758155,WH_North,7.2943591471388824,126.74963369696391
15.127851802780631,23,13.200920309234998,7,5,clear,bike,8.966836353920101,WH_North,3.757905584224755,107.27063014956842
8.741279056901924,9,2.3290604939858195,19,5,clear,bike,11.234910008041869,WH_North,7.108448662069053,66.21935283992644
8.912308961642847,21,17.070248542741826,9,0,clear,van,8.727846078846753,WH_East,7.8938375951729,80.36815078482695
8.550806320197147,24,6.40002675337225,16,3,clear,bike,4.0498055564758175,WH_East,3.4815125573337244,103.0639992050663
14.029575444598843,16,2.113362620445242,16,2,clear,van,2.316286292934881,WH_East,2.163183362369182,79.8373927420357
12.524644146674408,4,0.5448265358266119,13,2,clear,van,5.181027966949704,WH_North,3.830373197027536,41.24464972886381
4.778160046953999,6,5.374731376610092,14,5,clear,van,2.2400008384268624,WH_North,1.8603043983420253,30.82146688465853
11.659213023640957,5,3.3936536450564034,8,2,rain,van,0.25828226847152536,WH_South,7.290646677629811,73.73428606442668
13.520320121808918,14,4.490450855750697,19,5,clear,truck,5.47134167882113,WH_South,6.220584516066577,81.50536628202701
14.133963696721144,11,2.8286927423834003,8,6,clear,van,3.951065632851486,WH_North,6.354185933190946,60.36603371498866
9.495338124042688,21,1.4907810072661152,16,3,clear,van,1.143364722023695,WH_South,3.2103357429001074,79.2042920793546
9.193535059875076,8,2.462264204361115,7,1,clear,van,10.457532366215979,WH_South,4.236979727669659,37.523904713822375
7.737328053338782,5,5.444718739128108,17,4,clear,bike,1.475356860532182,WH_East,8.09947205273108,47.71388746102506
8.229273098789557,16,2.5907236619368805,12,6,clear,van,7.564778875330867,WH_South,3.0998603869889934,48.89299976397032
19.76138739136276,4,2.5797887090431386,13,2,storm,van,6.8317891285151156,WH_North,4.888505910195904,93.91451272996966
8.39533669171188,23,1.1461735405353248,7,1,clear,truck,11.747887943698645,WH_North,6.55264051606947,72.84203534850252
5.030647221700885,3,3.5389863249109297,10,3,clear,truck,3.0460675803395847,WH_North,8.256702621177201,29.699526505020664
9.613475635559107,13,1.524471268800635,13,6,rain,bike,2.826026700717672,WH_East,3.8172562314453993,46.42327575541712
12.26036535082549,24,6.315256293073667,17,3,rain,truck,7.526392279847845,WH_East,8.052302373070287,135.93071771736356
13.804163926871642,14,1.9860135132187346,15,3,clear,van,6.699062084511366,WH_East,4.3831439073290115,73.92377410922363
4.073481135857702,21,2.6993395626220447,10,3,clear,van,9.741706291113031,WH_East,6.338088542248771,61.82462249209552
17.522943176899894,11,15.101415724585351,15,5,clear,truck,2.0767895126887823,WH_North,1.0,93.25533717970737
11.998982517990655,19,2.678877983831449,10,2,clear,van,3.607413061341496,WH_South,5.897382382465057,90.34824100617257
16.971058209041303,18,2.439023193715082,14,5,clear,van,0.06003840407071026,WH_East,2.4378701164825665,77.41513557404541
3.0991951111222,13,5.002488007288509,14,6,clear,truck,8.658991679717222,WH_North,4.230180346544967,43.81163283690317
14.438598586530125,3,0.9515307631469032,10,5,storm,bike,3.9055988008111266,WH_East,7.2298230168201165,141.4740639242975
3.941746190393459,25,7.96905985402392,9,6,clear,van,2.8330701136879686,WH_East,6.6484063775207884,83.37098364762804
6.712772457434288,2,6.657593150480736,14,5,rain,truck,7.259183640793308,WH_East,3.512497016871204,30.182930860142356
12.222543164476788,9,4.792806851910301,15,5,clear,truck,3.020447771962569,WH_North,3.3178063165702536,49.4160517589853
3.683306751504682,17,0.312244655744297,20,0,clear,bike,0.6809997261183249,WH_North,2.5803614619797814,57.275972399703505
5.661121147713578,20,2.7687939023558865,13,2,rain,van,2.8350591247451526,WH_South,4.222002770440846,68.96980803019275
3.0586603658853506,14,1.362053710260905,13,1,clear,bike,10.196649119109757,WH_East,4.549096792857557,44.3259817484533
12.038556719477524,11,7.292706570367704,13,6,clear,truck,7.144385124414951,WH_North,4.890731547661124,47.443098765666015
4.726020458802438,11,6.936468345635856,19,1,clear,van,5.653961023087332,WH_North,7.728413485383671,47.913326458458194
8.077474753155858,25,4.356229644837097,11,6,clear,van,5.896937619537023,WH_South,4.524392183980529,83.75351390448778
10.153637458075321,9,1.430211251956596,12,4,rain,truck,11.963561807936918,WH_South,3.435687542684163,57.37288373702799
9.549532671486388,22,9.449916895759426,12,0,clear,van,0.3778910578597787,WH_North,5.893816483470385,77.4788799110701
9.047671384489718,2,2.7632767469454587,15,4,rain,van,1.9345876265282929,WH_South,3.2645080507624975,36.627763975639475
9.037335547289409,17,11.748901499674945,16,2,clear,van,10.386083794408577,WH_North,4.378391675076159,71.36147911945683
3.205294741565436,18,3.997906890565361,13,2,rain,van,6.417985255855417,WH_East,4.057971314967026,52.57989311023743
6.941626168954007,17,4.733976813634226,10,6,clear,van,11.940743419290506,WH_East,8.340803271647788,70.57065906719299
8.989869948252723,11,2.4055701180967457,16,5,clear,truck,8.207076820978173,WH_East,4.219332272389119,51.97533243982873
8.42258125356857,18,8.889483105279306,10,5,rain,bike,8.68110217746765,WH_South,6.061795942525988,83.52010149962689
7.43733937696305,12,5.083010575399687,19,2,clear,van,6.957200483355992,WH_North,7.497383553915315,58.98369059811198
5.149102601789975,15,9.11593685712157,15,4,clear,van,0.2082130859003004,WH_North,5.71369725525791,52.06587137224983
9.428530011676965,23,3.759473191653667,13,2,rain,bike,10.89612005609471,WH_North,3.8891816268811175,109.41765969406887
10.46141290889183,17,3.2125754570486467,10,4,clear,van,6.276039521193738,WH_North,8.532539527649371,80.11584120760928
6.142368621634633,19,5.035894234268486,17,2,clear,van,0.10863747252239309,WH_South,6.836686338692476,60.54329635898834
13.85821155430075,25,9.113696176405151,15,4,clear,bike,2.518723709010751,WH_South,3.578692461062715,98.33768186738503
17.727564227278933,6,6.764673619926608,19,5,rain,van,4.204559215410616,WH_South,6.362175961715101,87.80233624085369
8.173440485660517,15,3.6574151875664236,16,2,clear,van,3.434248078311175,WH_North,4.633393340142195,54.142785002478206
4.847246826400874,17,0.904789503331949,18,0,clear,van,0.33315114270751955,WH_South,8.463843326230469,68.22579598699474
3.652167927898066,18,5.854849121581527,8,0,clear,bike,3.362840401614017,WH_North,8.901245830003052,59.1666092215825
6.653101484472699,4,1.2127695662285547,7,6,clear,bike,10.755674167779315,WH_East,2.0232490900479334,35.89689217034349
7.818543028667832,20,3.402478134799382,16,6,clear,bike,7.066047888541916,WH_North,3.4938020742594187,71.0095876713642
3.520038011289071,5,3.06167964461426,7,4,rain,van,3.9236060611410153,WH_East,3.818165546274949,27.19446873641549
6.528419103029803,11,1.2306740923859942,19,0,rain,van,1.0573282640518964,WH_East,5.599781418301481,55.75531893803423
13.452599513120864,18,4.30919952975333,19,4,rain,van,9.015535594395224,WH_East,8.216876002554272,97.37183639805228
1.682190999111647,7,14.999583261432399,15,3,rain,bike,8.620275575635322,WH_South,4.9628085425629465,34.08303791756966
8.480226003625305,4,2.6675918275479353,17,1,clear,van,0.02841583026551131,WH_North,9.21366991211531,34.41645935913934
5.639419197554595,17,5.675256517623082,12,2,clear,van,11.92092725915353,WH_North,3.76818646081539,58.76647152476539
7.964211915166252,8,17.27020715421695,20,5,clear,van,3.187870837268064,WH_North,,44.251858589207195
18.25839288380414,21,6.07285750717287,7,6,clear,bike,3.1488127771472185,WH_North,3.490836417535961,116.73634439264346
7.742265456833206,23,2.114058764079659,11,6,clear,van,3.612399928634246,WH_East,2.3158784676365998,53.29003889422658
7.083302531007493,9,3.9192893820737496,16,1,clear,van,11.540605017949991,WH_North,2.993002667152377,29.042647215203367
11.602341923849975,19,4.648507164565391,18,3,rain,van,10.093286235262367,WH_South,7.756913565302358,94.21489952002067
9.503645726197373,6,9.058188844581435,10,3,clear,van,7.647463604680514,WH_South,7.587816321056241,52.38974904439367
8.501671323359659,24,7.7666213602836685,18,2,clear,bike,5.931166843022785,WH_South,7.8793913814667915,108.03972005806196
9.703019364907874,7,0.4776301776148285,13,3,storm,bike,3.9242818973547213,WH_North,3.424038780308944,77.7513652081707
15.517599887464993,23,1.8233159856698662,19,2,clear,truck,4.020788388665378,WH_North,7.991218301849786,112.37483220448722
12.967788868128281,20,3.1612935470511676,10,0,clear,van,3.907953236043758,WH_East,6.840246442414268,79.42601374568586
6.790419906955638,8,1.6311724589628105,16,2,clear,van,10.351196293995732,WH_East,5.171177297154783,27.090783702044543
17.721063933530186,21,0.24905934156734555,9,2,clear,van,8.175763693273595,WH_South,6.162081284943243,101.96606170987187
5.857073589550902,16,1.9978409222727314,8,2,clear,bike,4.8816621315299,WH_North,7.727066755821177,81.94335152495539
8.48090880754403,17,3.3117361707450765,16,4,storm,van,11.922599389760563,WH_East,3.6167682670719623,72.75988527167503
9.056781965936727,10,2.2986011035109373,16,4,rain,van,2.1297986555549553,WH_East,3.67808990841866,48.049974664276505
6.594791241857582,6,1.6522528519150623,11,0,rain,bike,0.9201303939107288,WH_East,3.0404362750408924,47.31981497208905
16.665601631929054,18,3.4178962743520502,15,2,rain,truck,4.41770401534638,WH_North,2.4400454611922897,103.84175305312348
6.394594385912335,2,4.22137845441822,20,0,clear,bike,11.782131011712247,WH_South,4.016315401882681,24.81071896783731
7.381978795411058,9,2.391646450583546,11,5,rain,van,0.28822641607645716,WH_North,2.8156007045783054,45.64617595994333
14.034909472977837,4,8.673051379257883,14,6,clear,van,0.9720121441217744,WH_South,3.3460411982062093,49.26510163721278
5.993205143211046,1,3.456996301620914,9,3,clear,truck,4.097397568473546,WH_South,6.3150228079118715,28.233219700970675
3.420033885465502,1,1.803880957273615,14,6,storm,truck,11.849105559166658,WH_North,4.5449187367179364,29.614167423851285
8.623830178535227,3,1.5110788627564276,19,4,clear,van,4.121388979220322,WH_North,7.728133226227826,37.10365511975253
4.1366417552116825,24,2.8602846210188164,15,6,clear,van,8.136941006043337,WH_East,1.0,82.07927009464898
3.8344881557014068,20,7.2383585239175146,8,6,rain,truck,10.368361650508204,WH_East,7.169901087255297,72.62602929666448
1.7138461594993786,25,1.865292549132651,17,4,clear,van,8.046698123935018,WH_South,7.375271982314836,55.5896981759938
1.9041217190594963,3,5.038536378400466,12,3,clear,bike,1.0778190475335236,WH_South,2.7801053319244007,16.385525565890582
2.019665620853626,25,3.5473109479709803,7,5,clear,van,1.7824116573321152,WH_East,4.108822292801258,76.68336472248113
19.01989899663515,15,13.400112181201441,15,1,clear,van,3.106183058565385,WH_South,4.636743148632043,86.5217795309892
2.013460795844418,20,4.363070377594109,11,2,clear,bike,9.551661369201394,WH_South,4.107591814753005,45.70376506393929
4.067299238421894,22,2.0365182966001156,20,3,clear,truck,9.62267251601995,WH_North,3.8693125560736092,79.01203843767001
7.45688904503932,7,5.559224778061712,20,1,clear,truck,2.0430070461257843,WH_North,4.254367243226776,43.40666878516194
11.31197917375759,19,5.691736542767687,16,3,clear,bike,4.549284371922495,WH_South,2.379872192099544,92.97605365242747
11.97486535558097,17,2.514546052893405,15,5,clear,van,1.6776800225103758,WH_North,3.172515726955652,64.62185430854895
4.849216830867146,11,1.4699126936749254,11,5,clear,bike,5.677087755328628,WH_North,4.11383320265431,38.7119842358335
8.389858281956604,13,4.831826888129483,7,6,clear,truck,4.371486228263414,WH_East,3.936057276088796,79.564524083476
7.326757431672386,6,3.4710620858319214,7,6,clear,truck,11.905211429375857,WH_South,2.05446868523621,35.51249289360023
8.110275463870233,5,1.1484519852469381,13,2,clear,truck,4.664516045386067,WH_North,3.967004254695169,34.93715063811397
8.754095969677774,24,3.967613178023313,11,4,clear,bike,0.6003618608009242,WH_East,2.78948603911266,93.1073306542512
10.133970258386555,19,2.1257081020959343,20,2,rain,bike,6.245857178011805,WH_North,3.9413468085674026,61.00989852455607
5.5735087986580965,15,1.1492143910313035,11,6,clear,van,10.886187828296746,WH_North,2.323026935611723,52.74052980359686
15.148913334159891,18,2.5948236576037407,10,1,clear,bike,4.433860433562794,WH_North,7.016992792646493,137.27784676882453
20.498084378566233,11,8.150205274125147,18,1,clear,bike,9.821962534535025,WH_East,8.122301222110213,146.73293957685615
6.424539675641414,7,7.734130372181949,18,6,clear,bike,5.000783103852122,WH_East,6.34682123867087,43.200912284953866
24.21827633142654,24,6.441274803658086,12,1,clear,van,6.820342929861393,WH_East,3.0847842096157043,107.49212137168081
5.788683142650949,25,4.008684060770944,8,4,clear,van,6.02811361184664,WH_North,8.116473249127068,80.60298094768616
8.477555546058335,6,5.038246184953439,8,2,clear,van,10.489971794975606,WH_East,6.466652257192972,43.86056045926241
7.366489504795606,21,3.5574756527409055,14,1,clear,bike,6.816578152204203,WH_North,3.5101897370618205,88.55132576469548
8.283304817911311,12,1.5318320259171352,19,4,clear,van,4.548834250161983,WH_East,6.416665194229236,66.5230306762782
14.242774133432267,18,1.7614699702112682,12,5,storm,van,9.203943243311079,WH_South,1.7804803223656218,90.72795453615561
7.115206364554251,3,2.170534286253022,7,1,clear,van,0.6040680700050314,WH_East,4.8536351436270655,27.804558826318505
3.7259398153261127,12,8.854726228978354,12,6,clear,van,3.270293171507285,WH_South,2.6252831590594665,39.30201835971828
5.5104156479907775,4,7.054625576249193,7,0,clear,van,3.437190540673363,WH_South,3.1544836914799532,31.60532812517055
7.124813091994914,21,1.5590641005312702,12,0,clear,bike,6.827182715042489,WH_South,4.565849377232496,86.78273890593587
8.919908920343568,10,3.446550172608932,13,6,rain,truck,10.010066555442922,WH_South,4.454393859609316,64.2277505202687
4.8640147775138285,7,2.5047151113694723,17,0,clear,van,6.645795258599796,WH_North,8.026467787420996,34.652527744695504
5.211521299328996,18,2.978529202557243,7,2,clear,van,5.499969133036901,WH_South,4.71864834843028,75.9096121063963
9.109168404650696,24,2.2813560540928943,13,0,clear,truck,0.7837227432884282,WH_East,3.303538889156902,105.53433175096097
9.292316634876524,9,8.88162144918435,9,1,rain,van,11.640625775557414,WH_North,7.848943134638203,42.954733940922246
13.133962863696485,18,3.276466071005868,13,0,clear,van,3.546504289934961,WH_South,3.8065943853981654,78.98857396824269
5.467246869147468,18,3.862481154896991,20,2,clear,van,1.5559998360668081,WH_North,4.0914624088281215,60.04223353228988
10.70394685026603,13,3.884447438739342,17,2,clear,van,9.994422533271171,WH_South,8.66817132337361,69.3124457688103
7.374764433212797,21,1.6169810762502885,18,1,clear,truck,10.684141228271697,WH_South,6.4774258626686425,100.51460235407991
5.965968624735037,4,3.5822374402014168,7,5,clear,truck,3.5831117601614304,WH_South,2.198889313338017,31.14927110081474
7.519472172458102,22,6.983999697687006,17,0,clear,van,6.582949756140426,WH_North,7.363250361736257,70.04377790532028
8.148216404717173,11,9.308087908857267,19,3,storm,van,9.401447734958424,WH_North,6.926857333696224,62.00473069236376
3.4551730056781946,2,1.4866563272816442,16,2,clear,van,0.260423440754217,WH_South,4.006823315657308,22.0754670218024
3.6445353112869507,25,1.1468042188565315,17,4,clear,van,11.843071133621171,WH_East,7.995619416915698,60.15021125916467
11.534849782472605,20,3.4677092103720955,7,2,storm,bike,3.8874263559690188,WH_East,3.8527470553565886,114.33552805433852
6.328636492026979,21,7.216941895621207,17,3,clear,van,5.757210765494191,WH_North,7.43757676728119,80.69689104757559
8.957446819561486,4,4.270442782492696,18,5,clear,van,0.6068175430925771,WH_South,8.212989922571083,38.367075202036304
11.343428573811119,19,5.345244319006699,10,1,clear,van,0.5632603159057106,WH_East,7.99495688623111,78.49831504181691
7.546135317139601,18,1.2812365744420582,13,3,rain,van,1.3398448959693918,WH_South,3.6648093558641954,54.70591414229415
10.814878691028717,23,2.2246703804169137,12,3,clear,truck,3.8534501028674835,WH_North,3.8598890206324787,89.28187927311328
8.178669846594826,10,0.7137099625722084,8,5,clear,truck,11.058374437284826,WH_South,7.66989856593251,58.35807897912376
8.40303601088428,24,3.004942297163698,8,3,clear,truck,6.185215816990455,WH_South,7.992542370613064,103.86274948515022
14.888573820362652,18,0.729822730989049,11,5,clear,truck,3.9089339871793007,WH_North,2.2222240355224017,81.89666582443643
7.068469624719162,7,8.438994709698084,8,5,rain,van,5.413706508855476,WH_South,8.586556831198466,49.33631551107368
11.609156891525181,6,9.85890420986284,14,5,clear,van,3.18057756221104,WH_North,3.415771810197455,51.8868557512209
3.0330738093043124,23,3.663615291519278,7,4,clear,bike,7.488231213998301,WH_North,2.763187869025631,64.26193503960059
8.772523010222464,17,1.1516536023192379,7,6,clear,truck,6.086082880805,WH_North,1.3657111328293179,89.41523431637995
16.97832502574295,3,4.3188918698358805,15,0,clear,bike,4.542571026237393,WH_North,4.419930935073366,73.15467978464562
25.178903530484085,4,12.199473449401326,10,3,rain,van,8.233489062253991,WH_East,8.963312276258932,112.14159676181663
3.144904731278764,21,4.632120940829884,12,5,clear,bike,4.700207640330489,WH_North,3.4067965455890383,60.473631173632846
6.309337837726319,5,7.61019498188493,11,0,clear,van,9.678544411882253,WH_East,4.351415058859736,28.83770068165805
4.198892728680848,6,2.3640689878900365,13,5,clear,van,7.180987472932822,WH_North,3.5740813917281016,26.14624644051529
7.236716771080233,16,1.8042643863284216,13,0,rain,van,2.4257611966593347,WH_South,3.8042809065330485,48.52493463284075
12.669852098321243,22,3.159445677144909,8,5,clear,truck,1.9582793494208168,WH_North,5.48666895334335,102.9906192841831
15.18388688721661,9,0.8618330121759068,7,1,clear,bike,3.0714753977809774,WH_South,3.171008131769392,90.743447781354
15.455550459444467,17,16.19758234146048,13,4,clear,bike,11.01888370431316,WH_South,4.515111899502874,127.88524611318448
2.9438480033363046,18,3.6610684554759807,14,5,rain,truck,9.880956193784568,WH_East,3.5274455862437515,76.87352321551285
8.045212801698375,16,6.090566313110038,17,5,rain,bike,11.666602742417556,WH_East,6.823931244842151,83.08157394284092
5.397838473589764,18,2.4035433157163744,9,4,clear,van,8.931875960119008,WH_North,7.306666674961006,63.52686767140256
6.987710354067268,6,1.1273159491880018,8,6,clear,truck,10.9732950474442,WH_East,7.156475091085979,46.644695767972586
5.880835665844913,16,9.007615457402244,15,0,clear,van,4.2642414282895915,WH_North,3.4911829370975025,52.3838349342609
3.0533245053873848,1,1.5115412159458992,19,1,clear,bike,7.438659866380313,WH_South,7.728426240589631,19.488446428957836
15.265851443717365,19,4.23840548857389,10,0,clear,van,4.698046352413046,WH_South,7.919011436977762,102.82224565015501
4.8952968868620115,20,4.527452267490028,8,5,clear,truck,10.378407402570536,WH_South,6.300513317522888,78.77652385923443
5.46188898660575,20,3.4965120434123125,12,6,clear,van,11.963685236868946,WH_South,3.720049025062957,70.55422188716634
17.03450670334891,1,1.9170566876955046,14,6,clear,van,8.946241285048488,WH_East,2.851771661564995,28.897876061267013
2.6753131580245393,23,2.9899522999508275,15,3,clear,bike,9.378432444752988,WH_East,4.238822797853658,60.90147142782663
10.05119236362876,11,1.7073874953491455,8,0,clear,truck,10.571330142267804,WH_North,7.857129837109626,79.84118720677778
13.657704803647967,3,5.849898933625861,16,1,rain,bike,1.1439549019311093,WH_East,5.188040161778908,88.97494464582816
16.294111595137768,14,4.953442796409781,11,4,clear,van,5.781549398311201,WH_North,4.288618190392883,67.07137559409261
9.663817853301502,15,3.270746665218996,7,6,rain,bike,8.789964546284455,WH_East,3.3668356079040094,65.70860380208246
11.728490342408096,11,2.230339842974153,19,6,rain,truck,7.260465803497493,WH_South,7.334154849742877,85.4321824423961
13.653636038260034,19,14.514128144547831,14,5,rain,van,6.483913413025366,WH_East,4.875581582696129,103.21104573494726
7.304240667486892,14,1.3344980247148945,11,6,rain,bike,4.629784845021687,WH_North,2.960280856220337,67.47414613065884
4.45584593843391,6,1.1261118201442974,18,3,rain,bike,2.6454014392278733,WH_East,7.947517221703899,46.31067578004539
17.74219095653357,16,3.1348954165001817,18,1,clear,truck,11.068858793821729,WH_South,7.8943210638962595,122.47337825015144
11.029731081658717,7,2.771439530749681,9,3,clear,bike,8.809533430401483,WH_East,6.030609596781216,69.62884593981826
8.039736622355363,3,7.158551945914036,20,0,rain,van,7.362414042763882,WH_North,3.8837121192282873,35.584281023748325
3.1676183119114354,7,5.2188732101176125,14,4,clear,van,1.0244502065088401,WH_South,4.7146466382152505,35.6042593583238
1.430501958494433,23,3.38945082887523,10,2,clear,van,1.3400622812533882,WH_East,8.263303422723924,59.064978890166984
9.93995895664182,15,4.712584331882218,13,2,clear,van,5.188177423050833,WH_South,5.1599602569620355,60.1322379676617
1.3523118415271358,8,4.653017918329197,9,0,clear,truck,1.508727519223557,WH_North,8.507005738459828,35.93260195152513
7.988535068529625,10,14.47596523485463,18,6,clear,bike,1.7870105199318993,WH_East,7.451834576023837,66.74458363863806
5.042257281366582,22,3.9643994203904422,10,2,clear,van,0.9758234903837053,WH_North,8.599958538163875,55.72590710841894
5.871754026982602,17,2.0611127505342353,13,5,clear,bike,3.5286579801009115,WH_North,3.3282831844982836,71.24555172714209
15.548112800258867,20,3.8150385513165763,7,3,clear,van,0.13334034246221682,WH_South,3.5474346578617073,93.46229571023764
5.073072593523804,16,0.5309562837471347,20,4,clear,van,8.787226201909874,WH_South,3.684325858153088,54.40768265226781
8.225268779824308,25,3.245101800004022,11,3,rain,van,7.192107199901944,WH_South,1.655265976836997,81.53885621232946
5.0906521255932216,17,7.135538561886629,16,4,rain,truck,6.091860724221365,WH_South,5.235558874687219,82.65464526614548
9.416760253108535,11,5.060821810273351,11,1,clear,truck,11.842633897098466,WH_North,3.621549717407837,49.781052988982
8.662330750304843,7,4.09181742910989,14,6,clear,van,5.782669906117525,WH_South,2.0608896230668328,40.712987503925454
7.991758777433949,2,5.230293572440904,14,2,rain,van,10.43586225337333,WH_North,3.470311858642145,29.85524418563528
13.681638427917363,20,7.187041274542743,11,0,clear,van,2.272453106330885,WH_South,5.3814361263669515,97.35275712654189
2.6801364361501827,24,9.003950136564535,13,6,clear,truck,3.177678598979332,WH_East,3.06466074095343,69.63537341209269
2.1721009087154766,17,4.541326410122918,15,0,clear,bike,3.942347849691089,WH_South,4.031265661830492,54.42598986039396
3.580877117102241,13,2.6610532307654537,10,3,rain,van,11.88409295049851,WH_South,9.67757382393062,47.997130217632154
8.687901691626884,4,0.6573981752969115,8,5,clear,van,10.891326987951398,WH_East,7.75188894029349,35.787489881383195
10.345670461441681,17,6.584519732046137,9,2,clear,van,5.383163546841222,WH_South,7.540637136748632,65.44304780220365
0.713935613377664,6,4.761876244171411,12,1,clear,van,10.13347028319257,WH_South,,30.99393705035617
10.268511250280593,16,3.6945606420742414,9,1,storm,bike,2.7984254473238623,WH_South,8.375114249577297,132.72689873239943
19.432422433152443,8,2.0510748100998577,10,4,rain,bike,7.111312236356586,WH_North,7.18959627392908,135.27081638495176
6.406100307378324,22,6.524774559465455,16,4,clear,van,1.9423026390986782,WH_East,4.393924413803178,64.72145387466811
17.99483051821621,24,2.7730131309810155,16,3,storm,bike,6.902487319390435,WH_South,3.7566089500292477,142.55933821287405
9.84336673122685,6,3.2410732412968817,20,3,clear,van,2.667093121336316,WH_South,4.167891109193268,49.48989586887988
16.848888765590367,9,3.1925117441362203,17,2,rain,van,7.029061805327387,WH_North,8.6062660139153,77.45322921915263
15.119974095012184,24,4.5489489337948195,12,6,rain,van,5.144089375494081,WH_North,1.443668239451062,109.47097162008697
6.408200109856324,1,1.4858063065558804,20,1,rain,van,6.705230746923836,WH_East,3.91585148457612,32.842514269669664
12.700672142303306,13,4.922351203954113,19,5,clear,truck,1.9343254282757139,WH_North,6.983629878781271,79.84057624332655
6.399665939998756,4,2.0044669202779715,10,5,clear,van,6.0778526804873305,WH_East,7.259133033485876,30.59543327562914
19.235315515230603,11,2.054304617772202,9,0,clear,bike,3.79642474594239,WH_North,8.253952510034843,99.25858184727612
6.777847246058899,1,6.169809938379602,19,1,clear,bike,1.7272957587247553,WH_North,7.936800604276801,32.22753055577019
10.62845656321899,4,1.6544689434297175,19,3,rain,van,6.00472950710733,WH_North,7.216932907471651,54.24907115874575
21.22963629849342,11,6.1620510248546765,18,1,clear,van,1.6611501442632206,WH_North,6.783536836666279,107.60372310688037
10.895814070411825,2,3.564260886106872,13,5,clear,truck,5.127656609594883,WH_North,1.5710649194992163,30.8970715136011
5.99555108955169,20,1.047290419337124,19,3,clear,van,3.8777205597462907,WH_North,7.907706360962409,62.28545110711825
3.296860973628199,15,8.629038594379335,17,5,clear,van,6.516181266800235,WH_North,7.474042383138419,39.36243831576345
2.6980880262630906,12,4.12546033153699,17,0,clear,truck,5.805622565755102,WH_East,7.492185862417639,41.73560674336501
10.238993665536487,12,4.374919440862522,15,0,clear,van,1.6149279519584478,WH_East,4.54766681991891,69.0182025319057
7.51804232668625,21,6.7198754316696885,10,4,clear,van,3.348169661132654,WH_North,7.696971707310187,80.74164740627248
3.626095826180733,22,9.482561888800172,17,5,clear,van,6.680889734617763,WH_South,6.9229326054436875,56.560423938442824
11.939487359824827,2,3.821789725204472,19,6,clear,bike,10.0070358412266,WH_South,5.705594889110954,65.1132123827722
11.846501174572014,18,5.114609875126125,19,5,storm,van,0.7106154547594326,WH_East,6.600970118586776,131.813111446083
7.437624853071975,12,4.305228229393102,15,5,clear,bike,1.0903883724484729,WH_South,3.828610426863862,58.897872381743404
17.259602278952773,20,2.611677160805657,7,0,clear,van,9.56311281411287,WH_North,5.057794396991419,84.57153476931812
2.333124319126025,20,1.095920432682893,17,4,rain,truck,4.077951801566109,WH_East,7.628725526650294,75.43867573783744
6.13961005098883,18,3.8591441703695946,10,4,clear,van,3.0823045541041814,WH_South,,77.57004980209422
10.862331233846545,17,8.716837337257093,9,2,clear,bike,2.7555507714919076,WH_South,9.0729911677526,119.73563542247102
3.921561710158164,6,4.994478860125719,8,6,clear,bike,11.648492133810386,WH_North,6.156358535175571,30.936456924564496
12.608760135339981,22,1.5727155364685645,9,6,clear,truck,6.1289457887936365,WH_South,7.285705927237703,107.82422719595705
14.709888298274798,18,7.158246537272744,13,5,clear,bike,1.930732044277522,WH_East,3.171298890741373,82.72430265556967
1.0274134279113705,7,2.6734535571471723,10,6,rain,van,4.872090437416892,WH_South,7.967518200810581,20.27890271232747
17.583285887523864,6,0.7676525087846511,12,3,clear,van,3.127746022794282,WH_East,3.0483933115189945,61.412467492528144
10.489050557092082,13,6.770213825049918,14,5,clear,bike,2.024321376250246,WH_East,3.284137591284938,69.37762707535374
5.692616130439615,9,1.7129783200543252,14,0,rain,van,11.743002183280156,WH_South,3.567519795644179,42.33690957759192
2.8731145879266378,17,11.547972277694855,12,1,clear,bike,5.341190954723572,WH_South,4.182474631372536,54.831942549502315
13.56291968140896,11,7.414528456795917,13,4,clear,van,8.294956185084299,WH_North,4.899251151577294,63.77865386193768
3.4948573131875946,5,2.830746643365944,19,0,rain,bike,10.782756350209134,WH_South,9.129566646916869,39.63262001350273
10.477944984846033,10,4.579326303624936,10,5,clear,bike,2.4674731248681407,WH_North,8.107160849754909,90.01763165299042
3.597326537191245,21,18.115048396307543,7,1,clear,bike,1.5362161709360276,WH_North,2.908766349404309,75.79242238355758
7.8808079382823655,21,6.685927380325031,18,2,clear,truck,3.123089875509083,WH_East,7.37435585340166,96.57936263821207
13.22503027731481,8,3.9225424092172823,8,1,rain,van,8.550779058542291,WH_North,8.705721122487443,72.24718212088668
5.741037776530748,20,25.088455395899224,17,3,rain,truck,4.583829992869482,WH_East,8.34434402950696,104.77105425475439
17.51665060043878,3,3.604945698051108,11,0,rain,van,5.869063129674844,WH_South,3.563556920959766,55.151364727382315
11.006927377447706,25,4.989174040989361,18,5,clear,truck,0.24307264068014023,WH_South,6.175186622100984,130.7543222872986
3.93045515400316,20,1.7240061985100807,9,6,clear,van,0.0510170052051504,WH_South,3.483891151392037,56.63393280933601
3.042507146314367,2,1.0280839160328836,9,5,clear,van,4.884925816382287,WH_North,5.565252442704814,15.043353320842332
4.691215688420529,18,2.7143116779778174,12,1,rain,van,1.8043510119927704,WH_East,3.525077695891818,60.30566494996069
7.654912652497148,13,3.410591235319344,12,2,clear,bike,9.493202338814456,WH_South,3.5387466685339994,63.42509289181431
18.44677966876661,23,4.180724300205225,17,1,clear,truck,11.415421227274976,WH_East,8.16996951179297,142.01199569635594
20.405216305433996,6,1.2289501486835792,16,4,clear,truck,11.108394812097687,WH_South,4.341471716840619,76.72810851257915
5.601413823258775,23,5.272328077712337,20,6,clear,bike,5.586573603218185,WH_North,5.033123118006715,90.1137070893342
5.4891073530565535,22,1.8565689489694905,16,6,clear,truck,3.4422672168691486,WH_North,2.307163242142158,79.915831293543
12.071367092890908,7,5.08407981052376,9,6,storm,bike,5.805704936288093,WH_South,5.2439425754049696,101.88732414989009
12.015044421417794,11,6.388174443572008,8,4,clear,van,1.2483808748911551,WH_South,6.963989989153866,84.66132578708546
15.968738257453367,17,2.5171910999328606,10,1,clear,truck,11.327169468714814,WH_East,9.309061499825335,108.20915529118399
16.207990448590095,7,1.6910112916838371,20,2,clear,bike,8.055622798458591,WH_North,,95.1642190065201
4.474313363872191,25,9.78210329896796,17,2,clear,bike,3.4385802050714194,WH_North,8.711137658561025,66.29187220016163
2.60942909371333,5,6.116796220121095,17,0,clear,van,9.111028542754235,WH_North,7.293428820863758,20.790506818260717
11.10020081274611,7,3.692794297588537,10,5,clear,van,2.9400447429570726,WH_South,6.54872378292062,43.65555907191593
8.964998622684114,13,9.280351605238598,13,4,clear,van,9.017474415877173,WH_North,,44.21533425107056
1.6649207254601883,12,3.519374260073,16,6,rain,van,4.82186535520552,WH_South,2.7023268746819014,40.56401009689795
2.562048005579684,2,2.1503808217797866,20,5,clear,bike,10.36711395205284,WH_East,3.0097817378706067,18.773791320088385
10.791662002943204,23,1.6467580796346843,15,4,clear,bike,11.877480885108877,WH_South,4.5807816260190375,87.96374330773682
7.246216018389704,7,3.078802138456481,7,0,clear,truck,3.842464481409214,WH_East,4.304949222340981,56.01099240801026
10.934412262112229,3,5.698507705935535,18,3,clear,van,6.614086442345347,WH_North,9.58838526599035,59.03667408464944
3.7461787215967783,13,8.783117830360824,20,3,clear,van,2.855181428741557,WH_South,3.661557022097446,46.79360488680768
11.395109965940536,24,3.3752086722369943,7,4,clear,van,9.60436470254419,WH_North,4.01826191974025,67.26764538848087
9.628260290001265,1,7.761591858444137,12,3,clear,truck,5.903384700053966,WH_South,3.785959790359768,40.73305531163628
11.88091710765894,13,2.8576836896092863,20,5,clear,bike,11.805544928343124,WH_North,2.37441149761304,65.46087297888697
5.86046029282907,23,1.9210682027704604,20,0,storm,bike,10.64272767148908,WH_North,4.168697039838025,88.36665656899453
5.072522006530409,23,1.3305344935320522,20,0,storm,van,3.2723085596818393,WH_East,3.551861215334489,82.57472883900233
2.8696872759767604,5,2.329449622978015,20,6,rain,van,1.4339855903427399,WH_South,4.496869644134281,24.304399215567052
6.49502196552845,16,1.3660724540651064,7,3,clear,bike,7.4382482730008315,WH_North,3.0895039622526332,68.61804307387288
14.356139919483404,21,13.553680605369152,9,5,clear,van,3.8166017727997197,WH_East,6.6941644490158625,97.96720118026984
16.614269573703382,17,4.515461960268914,13,6,clear,van,3.0444248025548357,WH_North,1.8806244677728217,83.6820269585434
3.5167530127791515,17,3.1051735439192276,15,0,clear,van,6.54143251173654,WH_South,4.104538405845329,58.539490501993896
7.651378084892509,20,11.082876212983958,12,4,clear,bike,6.458428032063071,WH_South,2.6052321726077468,87.14448278756235
18.601830667874136,12,1.3343080484601073,10,1,storm,van,6.451215597122064,WH_North,7.79270150073902,147.41883361906403
20.018238354123724,2,3.016206798306899,10,1,rain,van,3.530862768241233,WH_East,6.747945807820888,72.45258552360657
6.3289965357362865,16,13.46066400160609,15,1,clear,van,1.8644167054303455,WH_North,2.914742014587159,50.970078782227375
15.077270673645565,16,3.001678539281137,20,5,clear,bike,2.2039496857305636,WH_North,2.3115639013143245,88.6013258623325
13.644383431776713,22,18.40771085217007,18,0,rain,truck,8.641722935135768,WH_South,8.456550318359731,185.89318420587412
13.013739264926546,24,5.754161819023679,9,4,rain,van,5.616562351262214,WH_East,7.71489432187373,125.64769471299121
2.2880779508919966,9,8.28252717369008,9,2,clear,bike,5.6324182916205245,WH_South,7.68951881824428,34.75025073644208
5.385323187388388,24,8.452196736658868,10,1,clear,van,11.720970426818079,WH_North,8.306190224639476,75.64756102562792
7.149735502911178,1,3.3238432610752584,17,1,clear,bike,11.015367252368893,WH_North,7.205929565902772,38.81896423322192
7.022891725683781,25,2.3590331072817996,7,2,clear,van,0.7794512237685902,WH_North,2.030830226346636,77.97898209484319
7.600939643084245,4,3.062378115577403,16,2,clear,van,9.572016182805626,WH_East,2.8109700801857023,33.11926221300649
21.24876301531011,17,1.663871719333268,15,2,clear,bike,2.9750357912345176,WH_East,3.5426687783699595,131.63534299476163
6.466904081813399,18,3.1702992426274665,16,3,clear,truck,8.667591222433261,WH_North,3.755943178786678,82.0865966963107
9.8935135562728,16,3.3098926787618237,19,6,clear,van,2.080139991264149,WH_East,7.502873546306642,90.55255327560702
9.68719131868637,25,10.83156435171659,15,3,rain,bike,1.7444643847309185,WH_East,3.669284800623687,105.98875402704829
7.659405517780749,14,5.0293612979440185,15,1,clear,bike,11.270427835996262,WH_South,4.715230315447453,63.88989239032712
3.6775378204969855,4,17.35416075222639,13,4,clear,bike,6.69965882048738,WH_North,4.125374523370002,25.50072547103762
8.293668283065005,16,0.7322151639789248,16,5,clear,truck,4.195696613149666,WH_North,1.732692824704306,65.73825767594033
1.6382646278965431,8,1.416330553802396,12,4,rain,van,10.693425938201287,WH_East,1.5074388483482672,27.9528008592007
10.478860695120305,16,2.5889652296135646,7,3,clear,van,3.4779712781895213,WH_South,2.8933292813471385,71.48648420199156
1.4072662726698177,10,9.438019173370721,7,4,clear,bike,0.7667182206263825,WH_North,3.924054072372165,40.28759134931359
9.933480644162957,2,3.0749725051431875,17,6,clear,van,4.737623553266902,WH_North,7.333941219846996,34.35289356928159
5.200223359764728,16,1.1882970301215035,15,0,clear,van,8.487389960508594,WH_South,3.705099991298837,56.09430173803543
4.04300812620747,3,2.7966237741965263,12,6,rain,van,7.9444969575073365,WH_South,3.108209555420015,19.686844966071348
12.179067407928455,9,1.4357411828125142,17,6,clear,bike,5.684513022986785,WH_East,8.188499194687191,93.18045100893883
5.998401832391381,16,1.2516491005834438,13,6,clear,bike,6.122000951515192,WH_East,3.0126159591856934,78.54590202206386
8.035385752610932,23,13.452695196872211,10,3,clear,truck,6.353619961810814,WH_South,8.114881901647509,109.95301219802096
2.3512502977287535,8,2.5957455901414828,15,5,clear,van,4.494229518934896,WH_South,4.4368533302946105,42.20716303446015
17.30869272041485,8,3.747942429608921,12,0,rain,bike,0.9955721633550212,WH_South,2.1697979527115945,89.84676481661766
8.516679522122157,8,3.110957501127225,20,2,clear,van,1.8937516021110041,WH_East,5.338717549883851,43.364515503959495
8.503954229123107,15,2.7841790734794944,17,6,rain,van,8.691273144573417,WH_South,4.696781463806701,61.986646941683134
15.336873738820474,5,1.8432628281633512,17,1,clear,van,9.720654029156847,WH_North,7.056575036372834,59.70887569429066
10.612727944571047,14,2.671274707650485,16,5,clear,truck,4.7461699826445845,WH_South,2.496773902893222,71.96479626039759
0.9004165577431044,21,4.204119319420292,16,2,storm,bike,3.951266572889728,WH_East,2.3300464108192522,59.04519377801443
18.290600895722168,3,8.962459781042034,17,4,clear,truck,7.292248941492918,WH_East,7.651624843866474,55.20900958179092
6.317336148337073,25,6.444357524797704,13,4,rain,bike,0.26126544754300296,WH_East,3.753940542572489,79.59041045045633
17.680491760108193,14,1.414326112090165,18,6,clear,bike,6.834318082187543,WH_East,7.6660331566685,147.576434135683
6.176791729447663,16,6.63243954991861,7,2,clear,van,5.628443584724497,WH_East,4.437042191377364,47.90546093631205
5.302321557453801,16,4.631156440464494,16,5,storm,van,5.303147983494646,WH_North,3.1561983987658384,57.27542731618514
10.19219176686664,24,2.1440472893616365,14,3,clear,bike,0.017316091921219634,WH_North,4.806575044462604,103.86084592656698
23.645444124015953,17,3.771481772456392,7,2,clear,bike,11.31440287453178,WH_North,4.380429059244459,128.057031504188
15.068366488018134,23,4.9560102331000575,16,0,clear,bike,2.080646797828423,WH_North,3.5075623698890817,101.85830731932481
10.858379622452333,8,3.4312926754089417,7,0,clear,van,1.3559397607514492,WH_South,3.9071682361215383,54.63833327348383
10.097908542007486,6,4.646760610416768,16,5,clear,van,4.630010435740594,WH_South,2.4278613047335242,47.21656910260012
8.246801783752037,17,1.8147256298323975,14,0,clear,bike,9.345250252642064,WH_South,2.697063216146121,64.54192154811865
17.23289481962879,4,13.39635199846443,15,0,storm,truck,9.179998947147475,WH_South,4.185122651382116,99.01511251520633
12.3587325014706,3,0.8602783233542809,15,1,clear,van,6.141713029654733,WH_South,2.451001784268377,44.36970560636793
2.8233072879724634,6,4.975350678811514,11,2,clear,truck,6.590313452977911,WH_East,3.6312963472104065,35.192645831620965
4.060209999077815,7,4.291921025088614,15,1,clear,bike,5.462512256395284,WH_North,1.7317902947613701,33.643150905354204
11.077450055158366,3,5.207294210244468,10,4,clear,bike,0.30353794589445116,WH_South,7.86388113307562,89.49811410500718
3.57493982237224,19,2.0221084493355472,17,5,clear,van,3.334314734840645,WH_North,6.345720312668106,56.73014266786563
8.487383254583374,15,7.526558658117097,8,3,clear,van,4.667363605460729,WH_South,8.311379028391572,63.11736829964503
12.955639695578519,6,3.0784109016678336,8,4,clear,van,6.653423086188763,WH_South,7.599775668349084,58.51220856146321
10.23509003538215,8,1.4472273343235338,16,6,rain,bike,7.908283750884481,WH_North,2.885173494491051,71.85930954564313
3.1810805092340813,24,1.5428521179832217,7,6,storm,truck,11.851645607713387,WH_South,3.046969568627358,77.64170445495414
4.221245779751775,23,3.6229678868607453,20,4,rain,van,6.0884359840807925,WH_East,3.249690169449302,50.63820483266185
10.425052491442658,4,1.0859280136887592,7,0,clear,van,8.062868463658662,WH_East,3.290100593890475,39.2989805744432
22.196439349136327,16,11.70895798283363,14,5,rain,van,11.527723424357745,WH_North,2.4904934599295943,92.68454100765823
7.429057517295153,9,6.918817658130024,20,5,clear,bike,3.34425816224515,WH_South,2.887347883014705,68.94018388859243
13.214220639698242,9,11.926836446160465,16,2,clear,bike,5.444793004371844,WH_East,3.298742434163403,77.64173264090353
10.288157910336835,15,11.078390869369631,15,1,clear,truck,8.651740494053964,WH_North,4.205413779516835,89.98078163582967
5.1639982398755775,25,2.5952049041538876,16,0,clear,van,6.782009157316648,WH_East,2.207227433438357,68.27082924149603
13.301172585252058,15,1.8066411013605355,16,1,clear,bike,10.718023440054871,WH_East,2.4507684717941514,85.50927757033203
2.294034270927058,24,0.5094411810112826,9,5,clear,bike,6.792957315678329,WH_North,8.699723083522773,66.75831557992471
12.748060379830068,21,2.4983639872930916,11,6,clear,bike,11.0683238262505,WH_East,2.6092711622938243,104.76314644579985
10.660501953827515,20,11.426748870673135,9,1,storm,truck,1.7827059270140984,WH_East,6.886770221604004,132.80576764259132
5.495529572074448,20,1.859866181583975,9,2,clear,truck,9.642330010689914,WH_South,7.7770537373492195,77.27046759335137
3.807269944755657,20,2.8663954613078935,9,5,clear,van,2.5592326144845936,WH_South,7.690388271952149,72.1988714936888
5.821409198433114,7,2.2519597241610994,15,0,clear,truck,0.5894446619338729,WH_South,,39.298403569408094
4.902985549270207,25,4.316723250111226,20,6,clear,van,1.339809040803698,WH_North,2.3266210667721854,65.40217467832194
6.691681942236189,23,8.168287503039696,14,0,storm,truck,6.968459042065045,WH_East,3.3385956184524024,102.89042980492441
6.220109514001795,16,1.1303785399572204,7,1,clear,van,3.49007043051169,WH_South,3.4996386104437294,54.2768419642584
5.493593338842342,18,1.2924721927537746,16,0,clear,truck,1.7275018043334889,WH_South,4.080242336633615,72.7110975244513
2.2183304247944386,23,9.399288806136688,14,5,clear,truck,7.549084848025492,WH_East,3.04093075571719,75.46217051404311
3.4241404426686266,4,5.546387484396812,17,2,clear,van,5.855493484422386,WH_North,6.974689782318787,27.799729643044593
14.515107149436293,2,2.7688542516153487,12,3,clear,bike,4.566432916078266,WH_South,3.341434285058508,74.46731819998581
5.600305872709811,25,10.967736673419486,13,3,storm,bike,6.428523238165225,WH_South,3.5612288272619246,105.91569191832266
6.773898429556244,14,1.2769568412920336,16,2,rain,bike,10.336986196713255,WH_North,5.133840096662109,69.33202887331987
6.00436386765758,19,6.3715925350083555,16,5,clear,bike,8.696288394246098,WH_North,2.84037549053067,50.493298295829575
17.456508380686145,13,3.1652540590463225,10,3,clear,van,5.942221570159974,WH_South,,106.24678518701604
4.824185855590738,13,5.076290027356872,15,5,rain,van,9.871032236757001,WH_North,2.757704785493468,51.11525927977479
4.592130202558951,1,0.6243735334020576,20,4,clear,bike,10.350639956550701,WH_South,2.2851685692489436,29.410391802597573
10.799528576867734,8,2.7662915927924545,7,4,rain,truck,4.515417304787243,WH_North,4.116095640404422,60.61543467701491
8.889096315223597,3,5.560887407684234,11,6,clear,bike,1.7974343816653433,WH_North,3.9424789950476002,54.428942765278585
10.976031759482257,11,3.1761470640789895,14,3,rain,bike,1.3805325787832543,WH_East,4.227583502104524,84.55317460816246
10.574379463512255,1,7.994137343467506,19,2,clear,bike,7.666262983059299,WH_North,7.977014545008413,40.99192450659334
13.498789127726965,21,7.808895284495462,20,5,rain,truck,11.235539768585891,WH_North,2.6582795383853473,104.28556724102936
3.1178894498551806,8,1.6972434963982017,15,4,rain,van,0.4625560940543405,WH_North,3.5434587081073428,25.753945306538604
10.202481543388418,19,5.91088080051582,14,3,clear,bike,5.967070914451497,WH_South,,76.0719643544719
4.612470904039297,2,1.657211117726622,12,2,clear,bike,2.330972468826834,WH_South,4.573147187372209,34.9150041892648
1.7075602017920062,1,3.4480567407785943,13,6,clear,van,6.378158811092099,WH_South,2.6587616085377705,13.079792957361231
10.532072843570027,11,5.255576873990841,17,1,rain,truck,10.279940579424338,WH_South,8.831740674454794,81.94991179497093
10.177095524960514,20,1.8502151842143055,14,0,clear,van,9.44325719973118,WH_South,3.3206511194137622,67.87730030524109
7.8403467457831795,21,5.75948654876476,14,4,storm,van,11.655477554626664,WH_East,3.751862957479053,86.3832288882011
13.6344090089625,14,2.33089188522628,18,0,clear,van,5.814354564909621,WH_East,8.924271522158858,82.95287374742368
4.638093298933145,16,2.2111477637149908,8,5,clear,bike,7.960779927673702,WH_North,8.202311854571413,65.6666959265465
11.543726680800205,18,5.44477094506368,20,5,rain,van,10.782141419671067,WH_North,3.757101071369507,68.61488717643078
7.158978941442365,17,1.849321729981337,16,5,rain,van,8.37141062578941,WH_East,1.3159736511409692,56.71627558996465
7.504241265308696,19,1.7846372467073275,15,1,clear,van,11.570365388631213,WH_North,2.6506661228371478,52.76263738926047
1.92488819857576,1,6.881311288347665,15,6,rain,bike,2.9465901503918928,WH_South,3.6310143613086305,15.035443860934645
13.713788683038828,11,3.5822461015572253,15,0,clear,bike,1.6196516252605546,WH_South,3.17141815707896,102.66906736761749
9.94688478539998,21,1.1997537810558463,14,0,clear,van,1.7895058891351483,WH_North,3.866376686735033,68.29252936535349
11.288864475015869,11,6.043292412690627,11,2,clear,van,10.228929674339046,WH_East,3.986685184831332,53.08611426742001
4.210868988513855,4,2.4977220523285535,17,3,clear,van,0.6340595124411319,WH_East,8.030556398132138,24.16613412326372
9.276326494029698,17,1.2434511041111156,10,4,clear,van,9.719020976942858,WH_East,6.849836381885812,67.28813347252314
7.149574918984344,8,0.5740030851718598,16,2,clear,truck,5.569264777249469,WH_East,4.720571118076731,47.26940351567763
10.254545128959002,13,6.248803515630455,14,6,rain,truck,8.294779808531288,WH_East,2.5279937275927153,83.5981116728291
9.02470407027066,13,1.8185825040832329,12,5,clear,van,8.946619085160982,WH_South,3.5308760820441596,52.770299704845904
19.368682634734803,18,1.390006829015119,18,1,clear,truck,5.092774043399709,WH_East,7.613541028861028,128.11804645721634
16.06297377131948,24,5.194404462293073,11,0,clear,van,1.7530057658274423,WH_North,5.528769197071096,83.60378738741493
6.648514780308863,18,5.836049528916191,16,4,clear,van,7.403758399432592,WH_North,5.103652076055837,55.92880351372585
10.524812726857547,25,1.9136796384357733,10,1,clear,van,11.47829361240698,WH_North,9.71844355330121,108.9874953881672
6.303443712595716,1,6.289291729344015,9,1,storm,bike,0.3065637154346885,WH_North,9.287514713983725,61.153985225750716
13.42763774607527,20,13.991150810194103,15,5,storm,van,2.7235468262678624,WH_South,2.8791337709430884,117.11298108350616
7.336990133445754,11,8.522112786024989,20,1,clear,van,10.492878532766753,WH_East,,41.55557763345583
5.762018775261279,19,7.642616104633884,11,2,clear,truck,0.8372532360459193,WH_East,2.7781170356702747,76.46736445088264
9.200180685188716,3,4.136666976686534,8,6,clear,van,0.12159433127699826,WH_North,7.239604625405523,50.15687406214461
15.36698777161401,14,2.4336623340719585,8,4,clear,truck,10.53364296002725,WH_South,7.821911350956097,108.22550853412875
14.019846413942172,1,3.192740896135505,13,4,clear,bike,9.21739183158911,WH_East,3.761286321686979,44.71479817095191
5.977007586367242,17,4.520032221928317,17,6,rain,truck,3.046557457305265,WH_North,6.253827272764188,105.0844591282285
18.421299664893013,6,1.3767720003394313,16,5,clear,van,11.597514229565164,WH_North,3.3248908869845173,48.64556316837591
4.38462637106623,4,1.9375662295902818,9,3,clear,van,8.549081958696657,WH_South,7.456312227427918,37.16623549052103
5.319485575437735,2,1.2221051443801285,18,4,storm,van,1.4292170147573948,WH_North,7.365722234182032,32.795129954570434
13.107378348280601,7,3.9142769903909516,9,3,clear,truck,5.526273809260358,WH_South,7.947499146956909,65.44337332324406
1.7177314501407177,24,3.518862365232057,14,2,clear,bike,10.380766517414104,WH_South,3.7299168293945146,58.76410596462328
8.048871391036286,25,2.102451267362759,18,6,rain,van,8.012863602928437,WH_North,5.7164379592811905,78.34866841540496
6.630736082292513,3,5.896443919940213,18,4,clear,truck,7.029647576724949,WH_North,7.091059014941463,31.858512504081204
19.023520738273554,25,1.598042981194769,16,5,clear,bike,5.003997928889805,WH_East,3.479348579462419,129.18953264625117
3.8550696357126366,15,2.0485161092033777,11,2,clear,van,2.9765299152168962,WH_North,3.7570425138176087,49.414402359465356
4.157102505263986,9,5.7337429618807185,17,1,clear,van,7.36318185342182,WH_South,6.0517089356577864,46.65705106056633
20.48677710342416,24,6.360907437892618,12,0,clear,truck,1.8460745379435846,WH_South,4.428921069616813,142.41048676874004
6.678933407950062,7,1.9021629969349507,11,5,rain,truck,9.718963671727854,WH_East,2.95550440719119,44.438733464025084
15.031365485148024,5,3.90567187410472,14,3,clear,bike,2.514905001492284,WH_East,2.844438841238048,66.15523792746603
6.020907186388696,6,1.924824763127819,15,3,clear,van,1.4467674184313468,WH_North,3.1979706092670543,29.504140158868843
5.178761384820017,4,2.8917513628893636,9,0,storm,van,0.8643507662921674,WH_East,7.94870228602322,39.283012457232985
15.451749008958272,13,3.671815314603492,20,5,storm,van,9.778925124573815,WH_North,1.0122362646415948,68.1870885236748
23.26292070980907,4,4.914825941168614,19,1,rain,bike,5.613588503646938,WH_East,8.178469526271838,202.38107149005134
16.119143352908736,6,4.146610731837267,10,4,rain,bike,4.78394268895362,WH_South,8.688064132325842,131.31947034706104
5.777398008568554,10,4.019725587070309,10,2,storm,van,6.254266263732946,WH_North,8.6015126931877,60.0142427846929
7.836942072216442,17,1.560570038834736,7,1,rain,bike,7.047741231652955,WH_South,4.838821626469561,89.11683940255739
4.2858570600915735,22,4.3570431361689455,12,1,clear,van,10.568665310268822,WH_East,3.098056467227712,44.75203552653679
4.787281614555795,2,4.882931446861976,9,5,clear,bike,4.125569092072744,WH_South,7.93057496299887,48.371909701917055
4.626857083518598,16,5.37766449433228,20,0,clear,truck,2.2452174737428092,WH_North,4.045080827601969,57.00483335184679
6.113153222414644,3,2.0063875662050044,19,0,clear,truck,10.428652309219382,WH_East,7.04822829128406,28.64216370185029
8.606048214317624,25,6.302270287695279,18,2,clear,van,5.76693782184692,WH_East,8.220117874528704,87.3702792725019
8.03149385429234,7,1.3204011563531144,10,6,clear,truck,6.9540327424724895,WH_South,7.392772696277437,60.924979456279424
12.048294825166701,22,2.4557379142926616,16,4,clear,truck,1.8978964976077632,WH_South,5.186459654559786,130.50812627842515
8.875973741761326,20,2.7377506220725936,13,5,clear,van,10.345670241657508,WH_East,4.077456338779817,84.0860186059094
11.398734048443526,9,1.3720605435029543,10,1,clear,van,11.260454468310364,WH_South,7.178481519710278,55.28465950576855
12.441012755915748,9,2.7087906805248094,14,6,clear,van,5.370934780917797,WH_North,3.306604789823777,39.7404323839048
5.843260625161088,8,3.876903003917269,9,0,clear,truck,0.24178818825326198,WH_East,8.096963303667678,48.7517740368152
7.245169835254345,12,0.9249269410077486,20,0,clear,van,0.324670619151612,WH_South,4.026174442511631,47.05049066233313
36.59662522164615,12,2.518637627587808,9,3,clear,van,3.6276106341621643,WH_East,7.5256413323473215,125.07633833965016
5.537780487306797,17,0.9764022338876163,11,3,clear,van,5.901909857794861,WH_South,5.379214425919371,62.69211599574806
11.772768841724188,12,13.86097238601364,10,2,clear,bike,5.193705373127638,WH_East,7.239197044420589,92.34248283067848
3.2766174377262525,20,3.85258307482517,14,1,rain,van,6.8265049793975345,WH_South,5.299747541984948,66.06792842678206
12.645188384185866,12,3.625820105364293,16,2,clear,truck,3.088632384943633,WH_North,2.5176744903937918,77.06003836793556
4.962538432056263,8,3.9057561002063497,20,2,rain,bike,2.5169111137164757,WH_North,3.4567225332019063,47.04494717147463
8.206148927564037,9,5.069105851610236,12,4,rain,bike,11.689545844483085,WH_South,4.488114409295556,61.545974231514265
2.8864073786307634,19,6.584434107368415,9,2,storm,truck,3.3670872698784313,WH_East,6.852451538398366,92.49291016990676
7.714844305005647,4,1.1112797174268014,7,1,rain,bike,11.358301066800802,WH_North,3.138500207565027,39.95169359906482
7.811634837628875,8,8.307214201595915,15,4,clear,van,6.858184966209018,WH_North,4.281464272584154,37.58571520878053
7.078723141682709,8,7.941305685935478,20,4,clear,van,0.8398851704239276,WH_North,2.2444554960450294,37.27077022062863
10.312275598807869,17,3.169447785001984,7,3,clear,van,7.140135998903572,WH_East,4.794305558608562,73.63820250967723
14.716378993187675,4,3.055337058101446,20,0,clear,bike,11.82655160821429,WH_South,5.1307056219936165,78.81614643486357
4.143679538870259,12,0.378351145723004,10,6,clear,bike,10.076099050631987,WH_East,8.369330713762047,48.053881604745456
7.186114196166452,17,1.389864397264495,19,3,storm,van,3.642540566601926,WH_South,8.092977375493666,80.19745490869828
3.0415684541224413,24,4.7740475753792415,7,1,clear,van,1.1460733195668023,WH_South,,80.20949792152052
2.0691100750777305,11,7.693934001819061,19,5,clear,van,5.525274833746036,WH_South,6.673811644909404,31.430773761569107
8.808233832176626,25,5.529989105620487,11,2,storm,truck,1.1843543426777785,WH_North,4.058619692449224,152.77828736468413
3.9260559089660205,16,3.1487308092790136,10,1,clear,truck,3.572053093097121,WH_South,7.916626278873361,64.70847240223756
7.985777226870686,20,12.782932598129035,9,4,clear,van,11.01735328295885,WH_South,7.457801351023645,79.26736571443658
9.01940989995989,7,6.710160629079157,8,0,clear,van,7.842642534266027,WH_East,,56.12901877099561
2.365292192381948,23,2.5201577704337756,18,1,clear,bike,9.401248276551645,WH_North,7.578434804381343,65.96089097103798
9.837401693898087,7,15.294257885707673,7,4,clear,van,6.487019667912468,WH_South,5.093554699432618,45.58998951374201
14.31782231699563,4,1.5413874242983623,13,5,clear,van,2.017525281010895,WH_East,3.0899319383820547,49.5058792516712
11.158441988958078,2,1.184963349745253,20,6,clear,truck,1.8047531213800831,WH_East,3.034108243270386,35.31835895402438
4.212310068284565,17,2.4724912090382283,12,4,clear,van,9.189149268918293,WH_North,4.266239979965894,47.44750964206588
7.680947253910565,16,1.952190109451416,18,1,clear,bike,5.151709495536657,WH_East,,65.06050215511245
8.20752163037356,5,2.5716503950429064,16,4,clear,van,5.999991270762511,WH_South,3.669897318874293,37.382837554132955
7.270458329478288,22,5.804674188024645,18,5,clear,van,2.1469587242515535,WH_East,7.5082160051131845,78.78775844798355
3.1587740487852294,7,3.24207740874215,20,4,clear,truck,4.3400694138525875,WH_South,4.418799715879753,24.576604045128725
4.676676119876032,16,3.3008904409517603,8,5,rain,van,1.5867434429739333,WH_South,8.487911809781258,57.33662866213419
6.877803959981903,14,3.4596601833653176,11,5,clear,van,2.4542901497895895,WH_North,3.0641880826453876,51.20551266399847
8.944204253458604,15,0.6579490086698747,11,3,clear,bike,10.666637543055323,WH_East,3.0972482772563286,72.91394397818276
5.514733432129364,19,1.149489170883083,7,6,clear,truck,8.600254443493775,WH_South,2.390132136845099,61.92521599323054
1.8833612529179722,24,2.5352242995136605,8,4,clear,van,10.223217804580209,WH_South,9.931129543894777,65.30236777372001
5.7358374462485004,19,1.8403390833217164,8,0,rain,van,10.490081255117612,WH_East,6.108204505480158,56.566701528337575
19.352521460110456,23,2.8228549289851803,20,1,storm,van,7.075156122240555,WH_East,2.7290649791716017,134.35566837076766
9.876900209323328,22,8.871907870769991,19,3,clear,truck,3.6504912416258923,WH_North,7.8233693581152774,101.03103909365177
8.79279024372477,9,3.151521499145375,15,3,clear,van,5.9105834421595445,WH_East,3.2463784534175657,48.47154834477588
4.629041937895481,14,1.3158492143721463,18,5,clear,bike,0.22631895681567293,WH_North,7.736974260641274,54.476021725000855
5.906871939136755,5,1.9056633227982136,11,4,rain,van,9.808099945522304,WH_South,4.458270058093422,24.845650852902196
1.7700231550389702,24,10.994587830330637,13,0,clear,bike,9.631580592777366,WH_South,3.318814145350412,66.51134592681379
4.41990692698166,25,9.706014840856948,19,3,clear,truck,6.099969685292713,WH_East,9.153368130844783,88.31786445188696
9.587079262739858,23,5.038529153933145,9,3,rain,van,4.530576372481228,WH_South,6.807003750142373,104.97317869655332
8.831843479948375,19,1.1121130457553026,9,6,clear,van,2.071216982715127,WH_South,6.336474086229691,90.00089475731588
5.180559652024369,22,4.1155128450813585,14,4,rain,van,0.907012867988596,WH_South,5.21520627575742,79.31397314039462
7.266488556304323,20,4.343098221759419,10,1,clear,truck,3.8996406033142863,WH_South,6.625121474266882,83.19042575086088
8.034806044957126,6,3.380008234968485,16,1,rain,truck,11.249694974109584,WH_North,4.112185987079341,45.52388781752004
5.363464010734987,7,2.227750342099456,15,2,rain,van,0.8250667826976916,WH_North,5.211422846218211,37.93573384301367
10.211547642121657,14,2.575795115810654,11,2,clear,van,11.389668928517816,WH_South,1.4606784377842814,65.36708911109747
8.736053670979578,11,2.1216616205596273,8,0,clear,bike,6.344155734887485,WH_North,7.496082091161263,68.41512428591219
6.045364905179937,19,1.4895115227830311,8,5,clear,van,5.290542459864988,WH_North,7.8528149022065685,68.45372055739742
3.314603885314542,19,8.63817630587786,13,0,clear,truck,1.475499704698279,WH_North,3.55695585601139,56.723540674354126
5.769863125318616,25,6.157184777985815,11,0,clear,van,0.8565137220339794,WH_North,3.8533760630814453,79.29339145601718
5.524779276003614,20,2.719775636137901,7,0,rain,bike,6.533540907937799,WH_South,3.96922674407356,65.33541116905758
5.173125732102623,1,4.2483251200276895,16,0,rain,van,7.183360848378004,WH_South,4.0814626810536145,22.970062633555525
2.4430864556392393,9,4.3613891686373405,20,3,storm,van,5.209158305131449,WH_South,3.0747165807971095,30.346588163612367
16.49577801842685,9,17.11608202175741,20,5,clear,bike,3.44796291407365,WH_South,3.689615254964485,97.71017911086072
16.043602590710616,16,6.11532598406248,8,6,clear,truck,0.1587898739983653,WH_South,7.229503143363598,122.0223058352556
7.107180569958841,9,5.955640377380219,9,5,clear,bike,3.200123757412958,WH_South,5.968524860030328,56.82946573625242
8.91919616812044,25,3.409571791767318,13,4,clear,van,8.57786628658295,WH_South,3.3809115845718622,75.52993797854461
10.108447784019429,8,2.449547292993176,19,4,clear,truck,7.272176527151272,WH_North,6.528161817922061,63.430932753682114
7.176551620891837,11,8.73988626883028,15,2,clear,bike,1.897145704579454,WH_East,3.9924584902012015,69.92161573808052
9.294878318626363,21,5.241409665548316,13,2,clear,van,9.52125869525368,WH_East,4.241586442876671,92.47482506253526
10.947068500291204,10,1.8576655748097148,19,6,clear,van,1.7818568432093258,WH_North,7.190936533370086,63.387129517513586
8.544416519492433,2,4.561751214353426,16,0,clear,van,9.545547961524184,WH_North,4.294844779765719,29.12252422502833
12.062313135160155,9,5.966558299356049,20,5,clear,van,6.151460705491516,WH_East,3.1201278989496353,44.09379966849278
5.0598582021233405,9,0.7656105419546092,19,5,rain,van,8.603240599831908,WH_North,7.685903163211033,49.26015385062871
7.676199085819185,16,1.740772961253568,20,0,rain,truck,0.996248767873086,WH_East,3.684885961954149,55.51704907530406
29.607032672924454,18,4.279924538419746,14,1,clear,truck,8.891852751765166,WH_East,4.431623515961262,155.75832144348064
13.674401065066544,14,0.8631878741606673,12,2,clear,bike,8.65750298009923,WH_South,2.642713786767252,82.3512536107823
8.660089916350708,11,0.964358836964539,7,6,clear,van,2.10303967420629,WH_East,1.7424722137571673,32.15189539754584
4.150882701207052,13,2.7474598165358213,17,3,clear,van,1.6504757066092424,WH_South,7.877953359046722,51.88718324391653
7.914506926449018,4,4.683665272856225,10,5,clear,van,8.984352336615876,WH_East,7.616016346904743,37.040729332718506
13.159542018192818,5,4.837744476374679,7,4,clear,bike,4.993878784934328,WH_North,3.5509088751097235,60.96898042667106
11.650742223041636,16,10.051075933997947,18,0,rain,van,7.772234207430217,WH_South,8.3742999045189,88.57239396318262
2.0116570092811266,22,3.5169168873463987,12,4,clear,van,0.10861115296802915,WH_East,4.0788894140135925,60.262060706891255
2.513566310975521,14,2.55778846066621,14,4,clear,truck,2.203786365497229,WH_North,1.9560415932665998,49.15756001725195
2.6022212416501787,2,1.3295603048158642,17,6,clear,bike,8.951092941438507,WH_East,9.091037479769604,16.80812743528221
10.20221153347406,25,2.5364378323554124,11,6,rain,bike,2.386392526953237,WH_East,1.8671911445100915,103.21073683210922
2.628761683787015,9,5.448119567208763,18,4,clear,truck,0.9633841176443645,WH_East,6.949741278252331,38.50591195136826
4.0279113963180215,19,5.623226122981678,15,6,storm,truck,2.101190863497053,WH_South,4.034611231096069,95.58892962681446
7.018308755617649,23,3.995758025245451,14,0,rain,van,9.988818610285495,WH_North,3.8177718341424205,82.5919686512652
14.404193608357968,25,4.86944737212684,10,4,rain,van,4.158367160025932,WH_East,7.108973359563667,126.77478265517564
10.485550023325152,3,8.113006311423884,18,4,clear,truck,6.360906392561993,WH_East,7.377355153849876,63.71136196335017
6.507588907725745,5,3.499745635153626,10,1,clear,bike,6.929950807076051,WH_South,7.007597354273396,52.72426438293339
12.258663200486883,17,8.64622825896692,15,3,rain,van,4.4716642144283005,WH_South,3.0797322939706184,79.61250921121483
22.518705004518246,20,1.9964033018030538,18,4,storm,van,1.1243759784545166,WH_South,8.510370555096879,138.3300987323936
7.95721339114899,21,3.1540781579740584,8,2,rain,van,3.0816516375296126,WH_East,7.351689479003897,84.64263342981914
3.176709723229512,14,2.3712488068599047,12,4,storm,truck,1.8937369908501935,WH_North,2.838405074134726,69.30309671267105
4.125141906810028,4,5.782832370846942,16,5,clear,truck,10.914241086967762,WH_South,2.3159908988910756,31.93432724448659
4.098605612792515,18,1.6320891599729435,10,4,clear,van,8.88105119356053,WH_North,7.660189706880296,52.331398461168504
4.74458057906587,17,2.6505420523763017,7,2,clear,bike,9.87662482427696,WH_East,3.1258225334382117,56.75781143114334
6.225149099040845,12,0.9032340716686028,12,1,clear,truck,9.746988150649933,WH_East,3.5228110017519243,50.212034720072566
9.0995207894988,16,5.033236718149487,13,4,clear,van,0.0260972254201719,WH_East,4.113307275651312,68.0487651202181
2.832919662000095,6,7.946671748393143,19,6,clear,bike,8.98808845191895,WH_East,6.567263277249245,28.07558608748245
3.2292658991534995,21,6.280788726025361,18,3,clear,van,5.7846687035465685,WH_North,7.026250095924313,74.04362290773315
10.8908772033759,2,5.864043187607147,9,3,clear,van,9.295629179315966,WH_South,7.172871925658302,43.25236411273407
5.541439057948724,21,5.974977171769735,10,6,clear,bike,11.518119873478316,WH_East,8.252922478505061,80.34292129269406
4.397633183038731,21,5.418319325972522,9,2,clear,bike,4.292599250029884,WH_North,9.757448938819895,68.7988152505935
6.672425507014602,18,5.104267404093408,19,5,clear,truck,7.25742531687731,WH_East,7.041501835419988,76.63577280059096
15.821894941271509,21,5.340073518250847,11,1,clear,truck,3.655230841668042,WH_South,4.452406832826037,101.21143716196917
11.760273159092488,23,2.098079723606789,19,1,rain,van,10.72568200176487,WH_South,6.954090316424614,111.68501350316863
11.300454420847164,5,2.8859801708943813,7,1,clear,bike,3.0482755887012383,WH_North,3.268855064331672,53.484447458357174
18.93930867777238,14,3.4874481599130998,14,0,clear,van,4.215010576024605,WH_South,4.204954966307681,86.65220267576642
9.355359734387715,17,2.6248044628084073,8,3,clear,van,10.655346722443793,WH_East,5.672727663638337,54.74950261536628
19.912665076270805,24,1.1091381305674413,14,2,clear,van,1.2102031840589018,WH_East,4.495360675636028,96.05815056069676
20.807718401430826,19,1.3986307316168487,7,1,clear,van,5.928183499689225,WH_North,3.2918813689694435,90.66984720251006
2.8993834809243277,15,3.9000262368734933,9,5,rain,bike,6.975426697002275,WH_South,6.029911071572383,50.54164904779171
2.3317944739779715,14,6.259142132004601,9,3,clear,truck,6.9482179697615205,WH_North,8.14935553228638,55.37979210680918
3.915315351449098,4,3.341899428162676,16,1,rain,truck,1.4408853689303527,WH_East,5.098193416425374,40.85015379767135
14.942234199643687,8,22.997265172088106,15,1,clear,van,0.47388781589342077,WH_South,3.5182860384516284,50.329086247688245
6.757133860122984,11,1.7439737938143833,14,5,clear,van,4.999703858035364,WH_North,3.2629250850894196,49.47331312992411
6.244282380257334,23,4.5333423790291745,9,1,rain,van,5.446308544529824,WH_South,8.20831361834283,88.82215543570076
12.44829179472355,22,8.19760327044332,10,2,rain,van,11.31197009351059,WH_North,8.016003216348782,95.06387401596734
5.361942442683404,17,7.00044686458696,12,0,clear,van,9.067961910827599,WH_East,2.902974616628571,53.92011026525688
8.654178827289039,3,5.25167358154652,20,5,clear,van,7.1836269088996865,WH_South,3.2011685651128,38.23170428704889
10.887845068604198,19,7.022910840157909,16,2,clear,truck,2.521363270641341,WH_South,3.9657479441276062,94.19410939570147
4.163489519438389,12,3.451386531038039,7,4,clear,truck,10.817384780643476,WH_East,1.34327250295556,46.34553771829821
3.531974698271368,17,10.633583222279247,7,2,clear,bike,2.322334743254217,WH_East,4.571815616142198,50.48821294318722
7.930243310557612,11,8.151576747144713,11,5,clear,van,11.368502676890014,WH_North,1.6467086087412275,40.0510467015128
8.548513359901904,19,1.8283989249507848,9,2,clear,bike,11.351225141318771,WH_South,7.915419786047089,75.84062708314269
11.900197670546723,6,4.158263487952621,12,6,storm,van,11.734705900903714,WH_North,4.365983131222687,67.96333874358064
3.8475604571488464,4,1.1239984352353964,20,5,clear,van,3.3962246092840216,WH_North,2.7805620366082997,17.25278958274043
4.841657665145171,6,9.633554659924258,9,3,rain,van,1.6498271492547305,WH_North,6.858498507623349,28.897411720748913
20.691657091844295,24,3.8843746620798805,15,3,clear,truck,7.5453329343334445,WH_North,4.303234233824241,132.76645225942195
13.499405599921792,2,8.534706696355085,13,4,clear,bike,5.073999023306708,WH_East,5.061706907907994,60.23650376549996
7.15169844474367,8,3.0754454318760183,16,4,clear,truck,4.661992661249351,WH_South,2.8022549627966296,57.51998470999898
14.737530532972897,9,0.9053920278473637,14,4,clear,van,6.675700883495246,WH_South,1.676345730633245,56.70136588303571
3.857669630259324,21,21.03435974024068,14,0,clear,van,8.273569870910004,WH_South,4.864405395374762,76.74830731983671
6.649535528607741,9,3.6391931064788974,10,1,clear,van,3.9854942799601076,WH_North,8.568765125597123,48.43542425300755
8.505132532284076,23,1.6484805149920232,20,3,clear,van,4.021379564388994,WH_South,4.146398317225152,83.79817243671512
6.184390360802779,25,7.404097786475934,10,3,rain,bike,7.324318364981746,WH_North,6.180161338809078,97.61127685977785
6.322587973989366,17,13.805956049907673,9,0,clear,bike,0.8557206525965753,WH_North,8.337908491950612,80.30039102870535
11.557259366032484,9,2.8814489575193223,8,1,clear,van,8.399358261171098,WH_North,8.730199488748113,54.8146141370506
13.607449147405735,15,3.0972986008097116,7,3,clear,bike,9.588138486411482,WH_North,5.740756833177963,90.65878564328297
5.775326722818912,17,3.922120158287542,11,3,clear,van,10.55702664431114,WH_South,3.546695249319676,58.59923003768383
3.017401707653508,3,1.5254974565953772,18,4,clear,truck,9.045995146276654,WH_North,7.943145137784053,14.996898307704253
2.5736442029732185,21,2.0473223841062653,9,0,clear,van,6.08092243025394,WH_South,5.862599228788621,45.01413863487175
1.625851609237329,11,11.557656352943287,7,5,rain,bike,10.485772492500018,WH_East,3.871518981610543,30.05872712739197
18.760245180391884,22,3.0266472643586044,14,2,storm,van,5.89185401024193,WH_South,4.6497841488624,106.62080724617464
11.585251805033357,16,1.8472722940327224,14,3,clear,bike,9.445029836542876,WH_South,4.163462311619888,78.48690521623914
10.147210898908684,22,2.419523627245337,14,6,clear,van,0.7633405311485673,WH_North,4.068863800780665,71.90607013928125
5.302579322119319,3,7.035555017015474,7,2,storm,bike,8.508436920249611,WH_North,3.096401292954999,41.000200045754
5.282768610681767,2,0.8326617184575066,9,2,clear,bike,1.009211056342092,WH_North,7.603675021250466,39.93035080213137
13.862539471871266,3,3.967971187365679,11,1,clear,truck,0.3324394062792351,WH_South,3.6388270944359142,57.07952527210254
2.340235655291901,22,18.607284084991772,17,4,clear,bike,6.026909315818489,WH_East,8.789288892583999,76.25827049803497
5.935354752261059,25,13.75969737410431,16,6,clear,bike,1.4333729344264863,WH_East,4.009485907418917,97.12102292420445
15.008150054929615,25,4.959187647478842,18,3,clear,bike,3.901416034121134,WH_North,8.085934268898958,134.24233804054361
5.928656738039192,9,8.343725564782039,14,1,rain,van,9.290902729017251,WH_North,4.038772628634935,25.411737562815205
11.243680004328969,7,8.287748992109169,12,6,clear,truck,6.603402338880583,WH_South,3.4958331846898667,45.17871060874861
7.329110398406946,9,3.0401400929319484,14,0,clear,bike,8.80053675565936,WH_North,3.497150218226269,51.99685581719004
0.8036158394445903,21,6.343024228424016,12,2,clear,bike,9.402632129963504,WH_North,5.025525566995909,52.79889877183322
7.1394602833518075,7,11.611640811428977,9,0,clear,truck,5.76305352515074,WH_South,7.393259303631201,58.80319163302736
8.026927549724173,14,1.3707615068243701,15,0,rain,bike,11.827695818883537,WH_East,4.186594848216681,91.12422994367421
6.801024090839265,17,4.971171935569659,11,6,rain,bike,2.425147033580317,WH_North,2.4633512136188345,70.59745016338746
3.413246401309011,10,4.276063372924133,10,0,rain,bike,1.0189087622891546,WH_North,8.652146455433204,47.49982557969431
6.848431975713298,12,3.5687490901821506,16,6,clear,truck,3.821821355107216,WH_North,2.910362126837303,58.40122657169177
1.7151566280726127,17,3.3543007014729955,7,3,rain,van,9.150118055157858,WH_South,5.659908059453922,42.55604634508099
5.889270410081096,20,3.904653241554776,7,2,clear,van,1.1548810821070399,WH_East,,71.39332975670804
11.769179273680912,5,4.140847754507888,11,6,clear,van,5.60089171924262,WH_East,3.843630585115937,43.07635428334455
18.176469375763123,13,7.264726899122312,15,0,clear,van,6.856116240090779,WH_East,3.2325549885033507,91.76241152892997
16.484892713627215,4,4.634648055755566,18,4,clear,van,9.695560157826423,WH_South,7.523485032528111,52.38710556100543
3.787177088662698,1,2.9314183480285285,14,5,clear,truck,10.150731054688038,WH_East,2.962156634305004,16.838924917360128
2.6607268060731313,17,1.8442173367295596,10,2,rain,van,2.8672139169426463,WH_North,8.116241575098975,47.652766099913904
8.506666378162041,13,2.385217314836107,11,2,rain,truck,3.289138157212393,WH_East,3.1281456267942467,59.99865843507186
7.712304528002107,7,3.986111809763865,12,0,clear,bike,8.20757165916898,WH_East,3.286282085675883,51.46456562748852
10.763216376115098,2,2.0253661185138245,11,0,clear,van,10.317348185845365,WH_North,3.880352683197368,30.220924268089625
5.015072661775511,24,6.437330670937593,16,0,clear,van,2.0203020826852396,WH_North,4.15882769968226,84.59004947667117
7.857375690294535,21,4.486346163760435,18,3,clear,bike,8.671673979367872,WH_East,7.767328405846547,83.46788988849508
7.601256998647641,24,7.392523813464687,16,3,clear,bike,2.8520557752990263,WH_South,3.638521226844359,84.88023767234007
6.0200110824393995,3,2.122992277818011,12,2,clear,bike,2.1680006606174484,WH_East,2.6053625821331017,44.01565802935796
2.211933496325646,1,1.8556826518433747,11,4,clear,bike,4.050656689974938,WH_South,4.25035192667984,11.843935295250247
11.668840617623232,6,7.353968197756694,8,2,clear,truck,9.535872235717333,WH_South,8.558576861535522,62.658723020003805
8.541953091346079,3,3.6363039581323364,18,5,storm,bike,8.910613798606471,WH_North,7.865075286711685,51.555392867241935
12.14358395893858,12,2.881289709678009,20,4,rain,van,5.744406970619347,WH_East,3.9351201791380532,62.54814515970622
13.85581744342661,17,5.414401494195742,7,6,clear,bike,8.570248256724424,WH_East,2.456999325995638,95.5844044401262
7.197139948424939,5,5.275188783442151,8,5,clear,van,4.870143791340596,WH_East,6.710391658336957,39.84619230191668
11.71196122947196,10,1.378457863765663,10,0,clear,bike,2.526112206098549,WH_East,7.9388622466765675,90.9674314787509
18.419571308973996,14,8.751731671999961,18,3,clear,bike,10.116170921492458,WH_North,7.7831165866264715,115.21268601180026
21.81670502247041,8,2.491076981382509,10,4,rain,van,0.6454836454262329,WH_North,7.039339894188939,100.8273706030473
9.174107765338636,12,10.913631818658267,7,0,clear,bike,10.81225678283099,WH_North,2.2858883086661583,58.09611929769292
9.606271987334033,15,1.3054084372014059,11,0,clear,van,9.466518015536153,WH_East,3.299952431122366,59.20896089431065
9.081563524742883,24,4.146145957203127,12,0,clear,van,8.682967856652118,WH_East,3.550793386793461,82.37114784935481
10.540688471632453,8,2.9155694703791117,12,1,rain,truck,6.829484698747661,WH_East,4.078236628819152,59.20596717048129
13.510528144142656,3,0.8330477850089077,14,6,rain,van,9.72016163596156,WH_South,2.6312848401620115,46.331754168852186
8.967338834184032,22,5.263233567988814,10,1,clear,van,0.3386379619925468,WH_South,7.573649949972525,86.91560889387414
21.103381737862485,15,0.8635047170317961,7,1,storm,van,7.092157748111283,WH_South,3.900454445425953,111.21768832004454
19.418486747588194,12,2.7069788494549423,8,3,clear,van,3.132483100347642,WH_East,9.209997805002487,105.87394350208665
8.014031896679539,19,7.192169281764835,17,2,clear,van,7.671223434076628,WH_North,7.65026838044081,62.639740168735564
7.984361474871113,25,2.290968871070548,16,6,rain,van,8.096689744787067,WH_South,1.6061921138082815,83.33956962443762
5.7320142785603405,4,1.763651003057445,10,0,clear,van,2.576897698437423,WH_North,7.183932075436537,24.32952011638352
10.877727929306044,22,5.813887949350351,20,5,clear,van,1.8576779554613294,WH_South,4.6271926194711455,86.47922169523642
6.361589677199748,16,2.7880358866173873,14,1,clear,van,7.0494891537347275,WH_North,5.090714206636566,59.11633051037146
5.560157236872352,15,2.500418739672091,18,2,clear,bike,11.286921324822433,WH_North,8.645642031176832,56.27567473810655
10.738108413408,22,8.10511005717156,18,3,clear,van,7.961342495010342,WH_South,8.431371623333272,105.74685002208115
3.641386281532112,8,1.4665385341963597,11,6,clear,van,5.809908777941967,WH_North,3.6416654638340447,38.64028962915199
13.646385710112366,20,2.4067442996067783,15,1,clear,van,11.225871444373182,WH_North,3.5849282976530885,72.610121063415
10.993034511753462,15,6.089176846140378,15,2,clear,bike,9.82699578996056,WH_East,4.580567239877534,78.57599714069137
18.843389547463577,24,1.4016314101285443,13,4,clear,van,8.793589170702584,WH_North,4.6155910002232785,115.67270144520671
9.273719649668752,12,11.50455463083426,15,4,rain,truck,5.248706772504994,WH_East,4.560019616431357,59.10813189593292
11.99908466835403,19,2.852531257008122,11,2,storm,bike,5.896727662473136,WH_East,3.2612328370581984,116.83501987726018
1.1476879443017634,13,6.12371639918621,8,0,clear,van,3.175437763829559,WH_North,7.50776009300798,35.93382168696632
12.918246466579639,10,6.114754521167025,7,5,clear,van,9.802595681985935,WH_South,2.4224136586369784,63.05903624056646
15.740358518528213,10,2.98439919902021,13,6,clear,van,3.41597159184866,WH_South,3.8972445964250646,65.49800490832685
8.662922497645695,24,2.3742735611446295,19,4,clear,van,8.44500672909977,WH_East,8.072818459358073,90.92038762952292
5.703540808181029,21,3.2217503751589534,10,6,clear,van,10.499521092533218,WH_South,7.352926195725444,64.1692475975268
9.403325974768658,6,5.467814388508732,15,1,clear,bike,6.625982032787041,WH_North,4.318005989905292,60.06182705902602
13.637260103552917,22,1.6644631004321848,9,6,clear,bike,1.8781072714097133,WH_North,5.72917682165124,98.09632176995026
14.68515412326131,15,1.4300636987901454,15,5,storm,bike,0.2985587850172151,WH_South,3.793673531031118,146.2783928843423
2.2285411854696555,3,9.383397509077788,9,6,clear,bike,8.078868477865065,WH_East,6.513211761350728,21.822931713846263
32.26161287894993,20,1.9849653353699528,13,6,clear,truck,2.6956183751702003,WH_East,2.595034099306374,112.79454416808909
5.5795924587457435,5,4.253995748732496,18,2,rain,bike,0.4688041020437277,WH_North,7.047851848669206,48.41138006829313
12.120023671558066,22,2.88192090803438,12,0,rain,bike,4.119387824125726,WH_East,3.8720056719355997,113.50712118737819
16.76045916935901,12,2.9727696850450864,20,5,clear,truck,6.985472348395279,WH_South,2.939858379618117,72.29410952987035
7.563928681694073,23,9.036507894992843,7,4,clear,van,6.618391447309996,WH_East,2.5480466794016676,70.24419596418714
15.019066304222136,13,3.127961669368354,8,4,clear,van,2.008926797623325,WH_North,6.189802595568841,77.59045205141693
2.2129196349208717,3,2.5862830011998765,9,4,clear,bike,7.247830081073982,WH_East,7.617742997425425,19.698155597375408
1.5839378066275773,20,2.748895115072791,10,0,rain,truck,4.929280203104572,WH_North,8.53256490235694,70.26257985062345
15.336902777451854,19,2.3339896668946185,12,4,clear,van,5.731549490348776,WH_North,4.445716980530838,82.0855554758481
14.27004580433087,8,2.0770248623964664,19,3,clear,bike,10.493108446505966,WH_East,8.700567582733088,84.51455854482313
10.113241664278661,6,2.3405529291356695,10,0,clear,van,0.9423560690088806,WH_North,7.62201091608805,66.1262216361883
13.662417378207106,22,10.636027713636516,11,5,clear,van,6.334451767034785,WH_East,2.6816807902641315,86.55987341117928
19.720541468863264,20,5.463240866405187,7,0,rain,van,2.083489264261213,WH_East,3.7000499241952927,110.14902596824653
17.06306033639395,8,2.6074231004974013,17,1,clear,van,2.1932767727923004,WH_South,8.524033254506463,101.52178984715461
7.8420252821202325,18,6.600589374639023,14,2,rain,van,7.325559832412177,WH_South,5.251338469324694,80.08822745416671
9.349401382334808,7,1.0930416767036,7,5,rain,van,8.03650884259564,WH_North,2.585675368060822,45.53890186537278
7.0287361150262475,5,8.696971365986423,13,0,clear,bike,7.274702576589066,WH_North,3.560773630493636,46.987636569127496
6.468206441718511,17,8.220319187241373,10,2,clear,van,11.081924996853779,WH_North,7.8278172769431835,68.53618792243563
12.874174272473953,21,15.88592996840106,12,2,clear,bike,9.535942289527302,WH_North,3.5612690506738334,107.02463437450861
6.980420275763539,23,6.740175797876496,10,2,clear,van,2.383322204516105,WH_South,7.2773780371908074,88.67702002240391
12.857015716682813,12,4.50894941501518,17,6,clear,bike,7.630368121220945,WH_East,6.88690922862486,89.52021150362707
7.558421511646921,4,8.197246206632116,7,2,clear,van,7.444081331723462,WH_North,3.088399308870909,35.09150209072069
8.2575411038748,14,2.142414358592259,15,2,clear,van,7.758297761003886,WH_North,4.453013139876184,59.49436295944153
4.611587046945251,18,2.5173542666415285,18,2,rain,van,5.14896305830034,WH_South,9.126465291065013,48.68107646204147
12.662602445826312,25,3.174114281858709,7,2,clear,van,11.371449115224808,WH_South,3.5444442575804445,99.48939564983434
2.1073863570726106,3,8.655691414998978,19,6,rain,van,5.564769272302566,WH_South,8.496762365306411,18.466725510229416
15.66953956592366,17,1.8237323684305624,17,1,storm,truck,9.472249166357978,WH_North,7.702858832678681,144.18251124318715
25.768213368472903,13,1.693092624109199,10,0,rain,truck,5.775699669211713,WH_East,7.172317502829781,124.1139819894893
8.433880100345235,15,3.917981723444629,13,2,clear,truck,9.449116335666876,WH_North,4.417706142512007,64.9091597300321
8.20558456781147,3,5.486394761733648,16,0,clear,van,4.7476897633104205,WH_North,2.9682175371090875,26.90528607102184
2.6967438664181134,1,2.0296098791812214,14,5,rain,bike,0.009784205822215952,WH_South,3.56155128586497,23.32395922681955
5.810442845794601,16,5.308411123017471,17,6,rain,van,5.998311012374676,WH_East,7.228529616323607,58.51779559085336
13.748231975787581,5,8.65277033348376,19,5,rain,bike,6.575973559750738,WH_North,6.636693809915133,69.05000685692119
14.884502040162943,16,7.693095093465845,12,5,clear,van,1.387364687549498,WH_North,2.541540997011524,71.83094908425996
9.094358892358542,1,4.2516406254756,8,2,rain,bike,7.982210833583039,WH_South,7.014502735128719,56.817369835323845
13.280391369942574,21,3.1160979927896895,13,4,clear,van,10.24482155274268,WH_South,4.728434625483859,91.99603261981247
4.675008476687339,9,11.189060332678444,15,2,clear,bike,10.420086442012005,WH_North,3.599545647586651,41.54202624377422
10.384105001752907,12,3.3561107751292685,17,5,clear,truck,4.5227488106090625,WH_South,7.280096917071631,71.40346610649352
17.988091369520266,9,6.412493736489514,10,1,clear,van,4.920110819323327,WH_East,,86.71883572582321
11.592397949099922,11,13.076242517171295,19,0,clear,bike,10.300625343306383,WH_South,7.609102757315108,106.53031889174785
19.54693427774462,14,5.957718797674508,7,6,rain,van,11.979947968790245,WH_South,3.293750195572254,99.85180079857996
19.888165425276227,17,1.6520817130239582,15,2,clear,van,0.6312696459777953,WH_South,4.26079944316332,76.33951216000953
10.783478091096212,18,1.394706575609944,13,2,rain,truck,0.7413649579351977,WH_South,3.9246602642784985,118.73508135495334
0.5,25,2.6957040302410804,16,4,clear,van,0.6511115441231636,WH_North,3.629994779431019,70.33402435766307
14.705354982220054,5,5.4556370019150915,10,2,clear,van,5.549774720698013,WH_South,6.822006993335094,73.04599843771372
3.38885663904046,22,4.532846491793201,20,5,clear,van,9.414606931007128,WH_East,2.4568324534605415,51.31397176379063
0.8973284407992401,16,15.563951606965274,7,3,clear,van,1.1241829368045768,WH_South,3.5245230032801937,48.1438964135571
1.8660204504339957,8,4.50207950128785,18,5,clear,bike,8.267370480452675,WH_East,7.01444519336524,33.2442507097052
15.305553349806269,23,2.6400322903445876,13,0,clear,truck,2.053928886413013,WH_North,2.234815225057769,95.75245426964338
10.835086446030525,18,1.5017942017707895,14,5,clear,van,0.3955385060085468,WH_North,3.5575183981591922,74.72736042359264
9.244587157147624,5,7.586013057500477,11,2,clear,truck,7.1470290055466865,WH_North,4.08897903839905,54.04742891850631
11.453488195442608,5,3.306059971897673,12,2,clear,van,7.126320478470852,WH_South,3.276248576024118,41.346380353858315
1.9669110888577404,17,1.1568515826476953,13,6,clear,bike,3.399537746195534,WH_South,2.1753477817379605,58.062912361502214
7.009105840427033,19,3.372257569607143,11,3,clear,bike,3.866839468849906,WH_North,3.1820264464742367,75.04387087332633
5.221292688095849,2,1.6536472817724905,7,0,clear,bike,4.247868529647162,WH_North,2.608685146498078,17.247104611857846
8.81287638175092,16,2.464659693909749,12,3,clear,bike,11.15077662705485,WH_East,3.4946048989836154,61.94757289691128
9.005667978358812,14,3.3345388152052107,12,1,rain,bike,10.3958364112224,WH_East,3.6384562258234867,81.71245683674478
11.166697648625522,25,1.7618693325492731,17,3,clear,truck,6.330103017558574,WH_East,8.626618250923835,106.99393049158164
12.174369176339146,19,2.3600034519580797,13,1,clear,van,11.56148237505583,WH_South,4.226866267273605,86.36539635921713
2.0509122674823166,23,1.972133824342744,14,4,rain,van,6.980639722936985,WH_East,4.922409246605229,67.21845967565334
7.070149109378576,1,2.009523365936131,13,1,clear,van,1.2183869730315138,WH_North,3.9009962005468215,24.465123252030427
8.098463615246885,20,1.6394906888228487,12,3,rain,bike,5.845933821969496,WH_East,2.979997973074814,75.01790629037768
3.317868496562081,9,2.368045200237722,17,6,rain,van,10.734245302443483,WH_North,8.566626371773424,37.83270834694764
3.0645214586676675,14,1.774841442482014,16,4,rain,bike,7.951888435709584,WH_South,3.5133043392640264,58.553434277426604
1.8753982844866375,22,5.005858273002872,20,4,rain,truck,11.431998750249537,WH_North,2.408949496121827,69.53686107274763
2.7456674002706434,22,3.8211829118514786,13,5,clear,van,6.370603881246515,WH_East,3.1982568524098474,66.25870404676665
13.23389620107844,6,7.662211560050756,7,6,clear,bike,10.942167225458798,WH_North,1.5691322147654287,73.70792067735411
2.3428969011645977,7,12.43720487184537,15,6,clear,van,9.19905727890786,WH_North,2.9238306971878103,27.33921354664249
2.6686415067094686,19,5.334139133792783,12,6,clear,van,9.87258677393283,WH_South,2.5722321140373072,52.98562195590412
8.590384948673345,22,4.548106157721586,8,2,clear,bike,11.897465351265406,WH_East,8.271321261452808,89.83994055202359
10.358472959265232,16,5.5746865447382214,18,4,clear,bike,3.6269042909264897,WH_North,8.658182674087461,75.59412560119931
7.94179073924907,2,4.602557705477699,15,5,storm,bike,7.536684910451776,WH_North,2.7077082327548956,44.489286925138174
3.810460175756883,5,3.4388583517056825,15,3,clear,truck,3.0774324034442393,WH_South,3.443471486620066,32.69955261887429
3.1157298569687724,19,3.252656137252936,15,0,clear,truck,10.246773782737701,WH_East,4.482332781740888,75.45604267897593
8.443606751198665,19,1.6239005873122403,20,3,clear,van,7.030504388829003,WH_North,3.109908132887955,61.22365173732583
7.4026604144916535,23,5.972966397568722,16,1,clear,bike,2.110019795242374,WH_South,3.8580217555046956,94.43959190432975
6.246655040713777,14,3.248176081450262,16,4,clear,van,5.054947373748817,WH_East,4.287343021218223,58.1545732329866
12.893907535567314,11,9.158324819584623,17,6,clear,van,2.1809162987550086,WH_East,6.288462227987131,63.35901800090433
7.098855905997823,3,6.300286650928209,17,4,storm,bike,5.4954163864017875,WH_South,7.529420762586787,66.69040296816569
2.9120955842156486,20,2.1422011269226515,16,3,clear,van,0.9310416746251815,WH_South,3.890814068987435,48.91780674045082
6.2709845785145175,24,7.946119790323131,8,4,clear,bike,11.583370851766565,WH_East,8.997655650210106,99.29200435537824
11.06257525776632,2,0.55293248719421,12,3,clear,bike,7.159408547856453,WH_East,2.711473409167878,48.205737704245806
6.827095370892224,13,12.821943274384562,10,3,clear,van,11.887945506473951,WH_South,,66.29894980781712
10.946159950488099,9,1.3009415942754128,19,1,clear,bike,2.0852019146754897,WH_East,9.018371075323978,89.47429726685304
12.24671046434316,19,4.695377553085139,15,4,clear,van,4.61298600265534,WH_North,4.6742137345437795,70.12721474614781
7.1142686965625295,20,4.4780662665017,14,2,clear,van,11.174869490261662,WH_East,3.5519873679727794,73.0509375818979
7.918472363910551,6,7.290716330680288,14,1,clear,van,8.303577828003954,WH_South,3.7358151179479817,27.551638167618243
6.551689615255654,24,2.6377129500197265,16,5,rain,truck,0.840453992016152,WH_North,3.4134854590287254,89.92251476485356
11.090477985210946,4,0.7394394126794389,17,3,rain,van,10.598219483111095,WH_South,8.232115125435064,50.65122898955594
6.420625194973393,20,2.6403156173358604,9,3,clear,van,2.266022899755995,WH_South,9.040326713506861,88.66819006722818
10.450536084483616,19,2.847912837440878,20,3,clear,van,3.1417315498448244,WH_South,4.818313414966765,91.89214552366097
9.096664650172219,5,0.7910181137770534,17,0,rain,truck,8.781057075125325,WH_East,6.555938570747082,56.173600072051656
1.8556090746329033,17,3.427256634952139,9,3,clear,van,8.528295099091048,WH_East,6.364454753186143,44.978557678133335
10.794696552441383,7,1.5634641337511863,15,3,clear,van,7.9271363517711775,WH_North,3.310694394293656,53.58679351982683
8.588857127621033,7,5.229729585074388,12,3,clear,van,0.06487347233562701,WH_North,2.132742503955432,34.99784690159058
16.02904910791217,3,2.794754269691355,12,0,clear,van,2.9925771876511296,WH_East,4.981193866147593,44.19306840087138
3.434386810698725,19,13.102020040233525,19,5,storm,van,4.138752693395278,WH_North,5.653697140116084,51.25703487949458
9.187068442058553,21,2.7750671364239228,10,4,clear,truck,4.80400616778263,WH_North,7.530744398973431,97.89868880628781
5.839682152014446,13,4.487401871225085,18,5,clear,van,0.8872181655097546,WH_East,6.2159428977474755,40.52173936572353
2.039232195674257,20,2.8600809981961928,15,3,clear,van,8.104537053399309,WH_South,2.3716200816879938,65.958236179124
1.5497283788199832,9,1.0657856940727561,18,2,clear,van,10.694997631144796,WH_North,8.86267887753974,25.358476403269062
17.89570534326299,15,2.876864242850493,17,5,rain,van,11.876065798819806,WH_North,6.4809384079328005,80.61700500135811
9.205165003190883,20,5.625947671424195,15,2,clear,truck,9.575764743501395,WH_East,5.516342945884557,102.26581951343888
6.962574090917901,11,5.060133487931205,9,3,rain,van,2.4311983403242152,WH_South,9.06486412908413,69.10872246123604
2.526101035039189,16,2.7039470706367905,20,0,clear,bike,6.135429439845873,WH_East,3.7971483765640777,57.829619214195645
17.289446387396005,4,1.197541515477052,15,1,rain,truck,10.988821932562592,WH_East,1.9143044622221888,49.935147005593365
4.862987541531364,13,5.212820183936618,12,0,rain,truck,0.7991502130681174,WH_East,3.4938194742247073,45.11969341168309
9.468822157410566,22,4.453278692978855,10,2,clear,truck,2.7399534197250994,WH_South,9.857309978772756,133.13695328699706
8.383001471010774,20,5.99177441432606,8,1,rain,van,3.176822592599769,WH_North,8.185375833376098,57.59453803783307
21.969864847259544,8,2.7404481442884694,11,2,clear,bike,7.314907156864068,WH_North,3.6494264213010705,89.51640299484859
7.7993859753516865,14,1.0211583753558022,8,5,clear,truck,11.418238734262067,WH_North,6.44969028218015,66.97213698860746
5.599961909190622,16,4.8241382999301745,19,4,clear,bike,5.791078596550859,WH_North,8.598473754654613,57.556631456940956
9.289655473981242,24,3.2989362382109726,13,5,clear,bike,6.766769215227334,WH_South,3.3327344984778153,92.5069436387177
9.902319863288673,21,8.794958339859619,15,5,storm,van,7.678342911490357,WH_South,3.255503362733191,82.02790780537948
30.658321871967313,21,3.387570923158794,18,1,rain,van,10.218402568078375,WH_North,8.8224951003271,193.4996038641001
7.717443702776778,19,3.216112003172336,20,4,clear,van,3.4359664199824693,WH_South,4.774152512230177,75.48620510084052
3.3492390485261394,9,4.446325969390589,13,6,rain,van,7.5149876253936565,WH_East,3.393515681033116,35.903386761651845
6.247906106783739,10,2.1861636546431944,7,2,clear,bike,11.103602835622317,WH_South,2.371819549324303,45.195190094743616
9.277072397623773,12,2.113626082888665,15,2,clear,van,11.267210211597652,WH_South,2.9159279228649693,45.77087946019203
10.313266420612226,11,3.1002207342825296,20,3,rain,truck,4.5917129902606035,WH_East,,67.73053377814938
2.3421981228914457,24,1.7431879363355225,12,5,clear,truck,1.3415308162012582,WH_South,2.9664573140949844,69.03930085226983
5.768656253554974,22,2.8281793748109654,8,1,rain,bike,11.092699393321169,WH_North,9.14910839482975,105.1129702672393
21.23892515934552,23,12.90600813982247,17,3,clear,van,11.051585458862519,WH_North,9.647344866875782,143.5671332978922
4.221690399978774,16,6.888432866424755,15,1,clear,bike,1.1669275959950012,WH_North,4.152508979104717,49.17230376761938
13.07028958281566,5,4.119066495719553,9,4,clear,van,0.9761205725641786,WH_South,8.295182727197451,75.79684113038773
6.3863810111246,4,9.837229166777092,7,1,clear,van,2.2216599227077896,WH_South,2.4399063149589844,30.22782835580619
8.002327174084858,7,1.8637167217335024,14,2,clear,van,7.762186960661852,WH_South,,47.874124762421744
2.58365945680361,17,18.97852181419985,9,2,clear,bike,3.6314554760218694,WH_East,7.30217905963384,70.45301393488717
6.790861032496799,10,2.405236505259953,9,0,clear,van,2.882392923546142,WH_South,7.22701510801013,52.96306211921667
9.207979958831723,17,13.499654963471908,11,4,rain,van,9.595562716946676,WH_South,4.321744833268588,64.86255839819583
7.778133377052454,22,13.458113164486209,13,1,clear,van,2.9266506509728414,WH_North,3.394133108294101,73.56320607240109
7.06465244456271,9,0.9731073589955194,18,3,clear,bike,11.52500678636751,WH_South,6.094374841561539,79.17712868703595
11.123543976173364,24,9.271679140220234,13,4,clear,van,5.261258127825701,WH_South,4.558337000627526,87.84662274501929
3.10812413506254,13,2.7217188249926827,18,5,clear,truck,5.071127761218667,WH_East,8.083144214884964,51.79350681569991
9.469864362054185,21,2.23093789970084,15,6,clear,van,11.323620886818578,WH_East,3.2594423556473053,68.5226824131361
1.4403541406117708,2,4.793432175237833,12,0,clear,van,1.4415596809299198,WH_North,3.64860635077395,7.800769515713075
15.20390272977008,7,1.6396114166132805,14,4,clear,bike,1.3793132015150618,WH_North,2.9905505573905486,82.69470845803347
7.216407942761235,24,4.718061242660272,8,2,storm,van,5.202875102433264,WH_East,7.046430431587762,82.06605580890378
12.56413993983595,23,1.7184863295311452,20,5,clear,bike,7.044802194234647,WH_North,3.9638661624713674,89.62104541149296
0.6542200795566377,15,3.7582577869422154,11,2,clear,van,6.09678280432053,WH_North,3.126461862316537,40.98980425988518
11.540255564566266,1,8.454964683644949,19,0,rain,bike,11.4589535691979,WH_East,9.611388464539479,84.33731051437721
4.746855938825697,2,4.351682512505229,16,5,clear,van,11.917953926900397,WH_East,,20.405480849041403
8.035415203123696,11,2.580919908081011,11,5,clear,van,0.4903761090452021,WH_East,3.305686759615288,48.951904878508465
11.64856668960334,23,4.850044002489797,13,2,clear,truck,1.9857730360838866,WH_North,6.24309876938123,96.81428056123079
7.579922781304838,10,1.2404371162412333,8,5,clear,van,6.643556318064576,WH_North,8.148156988228259,60.08086191417209
10.843747752289813,23,1.8455871236358354,15,2,rain,bike,11.401558384593585,WH_North,3.4126168680167086,107.22664798495772
6.447348615047464,14,2.456680276912734,7,2,clear,bike,3.3588987927721607,WH_North,2.878716781279948,49.12112239361417
15.89470249646833,4,5.759180396348532,15,2,rain,bike,4.404884024668384,WH_South,3.4184063594779244,91.35819890685339
7.203823372314326,15,4.410813447546744,9,3,clear,van,2.772718761934762,WH_East,7.707575276172531,59.38398447352997
7.295684968438419,10,4.8288894715372255,8,6,rain,van,11.60910204344051,WH_North,6.317496873221871,56.52501758564026
7.381159833340311,6,3.257083671673967,10,0,clear,van,1.846279530588943,WH_South,6.787993059938682,47.57066207741
7.89882540814289,17,1.9123450193446496,8,4,rain,truck,6.774760241624784,WH_South,8.01188804958851,101.04408471091597
3.223095511724008,6,9.409142806876613,19,1,clear,bike,0.2754489306386745,WH_South,8.599388838492962,33.55060878847609
4.12786933495787,23,2.037135352203837,20,0,clear,van,7.2200730464679586,WH_North,5.471930311428741,54.92998985590167
13.646419917544119,21,4.451883498831557,19,0,clear,bike,4.7094338989853295,WH_North,7.869025369583596,97.34582429062614
12.55989720346045,20,3.0695370211771706,17,1,storm,bike,6.787806980854578,WH_East,8.342250756573689,197.2417159828468
12.096880438127092,2,4.923872020019699,10,5,clear,van,0.963044924633631,WH_South,5.333937114821263,49.83897591506859
10.268045246570702,25,2.173109541678404,17,5,clear,van,1.0928383093371514,WH_East,7.772760562529914,108.56264786468721
5.6800280900168305,13,6.93703196728033,17,5,storm,truck,1.1069074389476152,WH_North,6.092044548735099,61.13690492452844
5.30433984746048,19,8.712811608121848,10,1,rain,van,10.02222380681248,WH_North,8.074323217531088,74.58282915434097
7.694457848947387,5,6.645408451346778,18,0,clear,van,8.69012415213701,WH_South,7.761186489908888,31.676102707463144
14.871961433070698,20,3.70742560290603,20,6,clear,truck,1.5404929372919378,WH_East,2.7823219941636825,107.69581476763786
8.895023875947583,8,2.4483451019360762,12,6,clear,van,3.792556548507976,WH_East,1.6646492488268423,41.732579554458844
3.985445986326429,18,23.93826557564195,15,4,storm,van,5.237187703220428,WH_South,3.118695891060907,70.69782092330549
2.737819110013033,7,1.658415815452103,19,5,clear,van,1.1836279835505956,WH_South,6.140923466232456,27.15430786643782
12.788286406097711,24,6.152513430436229,10,5,rain,van,10.079686059907077,WH_South,6.465319559195301,117.1297470832617
17.556467871890554,18,4.191042131122319,20,4,clear,van,4.355236001067965,WH_North,4.864191564741261,85.04535476464149
2.2483981994359548,12,3.17791013493185,11,3,storm,bike,8.045887556392467,WH_North,3.4825650062495317,49.51530720255833
13.03535469687017,12,3.7795844049772804,20,6,clear,van,7.703707311780391,WH_North,2.394385118640175,58.10146549485677
10.12620716973569,1,2.3229763841740714,10,4,clear,bike,10.971615911009192,WH_South,8.384600380148298,63.995816330683404
4.63859433370007,8,4.476935983892191,17,6,rain,van,8.903219810660431,WH_East,7.293923928953313,42.51751837944747
8.96592536383314,20,4.1444792200372245,14,1,storm,van,0.4131530112475401,WH_East,5.6290605258746655,96.9638154265563
3.5396063678998466,21,21.63597105188307,12,1,rain,bike,1.8608327224935177,WH_East,,78.40907105592237
6.8621499829545956,25,7.025704891117387,13,4,clear,van,5.33857908947124,WH_South,2.0100050405485437,100.25783780242115
7.95746248062939,3,4.76414429895956,10,6,clear,bike,1.1162384638856588,WH_East,7.7246583796589015,62.7354495385445
15.808051067968325,7,4.967373617841369,16,4,rain,van,4.701960818273964,WH_East,4.417536911941367,46.86388124921991
6.652650485072726,20,12.033282578961797,20,3,clear,truck,11.72899348510679,WH_East,5.293542944252051,85.60270691913935
4.988495594439162,10,1.6832078456164046,15,0,clear,van,2.465616725962972,WH_North,3.6213631771097963,46.21240619083113
9.67565020759381,7,2.9214704823485156,10,1,clear,bike,8.456767270733222,WH_South,8.786740778522976,67.73485655748709
11.014213542216815,8,0.873718376116358,16,1,clear,truck,3.1192668500049145,WH_North,3.4808411648129436,56.03157441561252
4.867087961971289,23,4.909350684178588,13,1,clear,truck,0.40993999665593606,WH_East,4.061387977920296,87.30271667617897
3.8781331011690057,22,6.011784494646156,19,4,clear,van,1.1808947482340164,WH_North,6.8505583097311655,80.43459810316327
4.113171026931518,1,1.6538070999931167,10,4,storm,van,1.2467389321061169,WH_South,6.5629967702314485,23.41240993286731
15.839616886829969,22,9.06622538430344,14,2,clear,bike,3.5881695409184116,WH_North,4.582652428683457,107.62470145980028
10.733651010049524,14,2.0072868917473334,13,6,clear,truck,11.526605351896528,WH_East,3.003211389531944,74.73368271965205
6.378057908924249,22,2.612407797090503,19,2,clear,van,7.447930527961018,WH_South,6.647310077154505,77.24081724324134
14.348165577631208,16,3.6099580108513276,8,3,clear,van,1.4759620369706505,WH_South,8.53306191202393,99.77844076204345
4.842001999914048,18,10.134419017925682,15,3,rain,van,0.8430745566782663,WH_East,1.3379430274038007,64.33217286422516
7.508844177751613,15,1.8207737121958452,18,4,rain,van,11.649296620230363,WH_South,7.071107029553419,63.84072685092794
3.497580091088806,19,4.070936160035802,12,1,clear,bike,2.0563430318149414,WH_South,2.305342244761202,62.72989410588698
13.993052059613298,21,5.710955960775422,14,2,storm,truck,3.24550477292835,WH_North,4.879258824472847,137.05876836154286
4.583078508840732,13,4.9427858751177425,11,4,clear,van,10.100225553694012,WH_South,3.4097984711613507,45.06839041435825
4.653150423922216,3,5.072230811743306,12,5,rain,bike,6.658729145559326,WH_South,3.0710144803097448,32.21735052203908
9.80412315311381,3,5.657885045558393,20,2,rain,bike,2.7200781456606533,WH_South,4.073788163683103,55.89803683940935
1.3218055736617924,11,2.2517193788731977,12,0,rain,van,7.973493717974403,WH_South,4.527728003543908,30.96636621560267
2.9613012565067818,12,10.820536440364027,9,5,clear,van,4.458346424357083,WH_East,,47.71920043074816
11.872771267395176,22,3.0715902409434936,15,4,clear,bike,6.978838540949332,WH_South,4.52111887061392,85.65817883088194
4.070641914810086,1,2.799123291329131,13,3,clear,van,1.161277831912888,WH_South,3.5610488211325784,21.04172455833045
26.00080598777803,23,8.527854884489754,17,4,clear,van,10.562395348661944,WH_South,8.567802253249864,143.4180623391518
8.686063234221386,2,2.135291546693701,7,5,clear,van,7.145716127559263,WH_North,2.4101335163454074,25.61222036284344
2.1223687942042098,13,4.154511006807354,19,0,clear,truck,0.052020319155445804,WH_East,7.438203592550487,49.301118216892775
0.9266243529355136,11,2.001737919941063,16,2,clear,bike,6.708915866664913,WH_North,2.416900505826078,31.19971354470724
18.057989441389545,14,19.36495658071315,18,6,clear,truck,4.3448677614700895,WH_East,8.508748648197011,145.1197102290322
8.680350045163141,2,16.710849208763047,12,2,clear,van,10.866293764211896,WH_South,2.905718605488616,38.62676183692202
6.973028855614499,20,3.073544060873059,13,6,rain,bike,1.6625973506928604,WH_South,4.26973886103507,91.37315542314246
8.661228868899206,4,4.777416988400828,11,1,clear,bike,4.00456567805363,WH_North,4.283571532927572,47.54407367878303
2.108332551175786,20,3.332223715419552,18,3,clear,truck,9.174507898546425,WH_East,7.979343930978843,76.27360217143072
7.661549213548675,15,2.6012194599133913,7,0,rain,bike,2.7028027775203,WH_South,4.130296865381156,56.91383022096433
4.272585020735941,23,3.610123742196578,14,5,clear,bike,3.757858395517362,WH_South,2.0412726559690895,73.97916210002919
7.371791944167582,25,3.2270841685973113,10,1,clear,van,9.254901855426175,WH_South,9.245002884967016,93.2050822365672
5.779306937694557,22,1.1451467729774956,15,5,rain,van,8.547974436626975,WH_South,2.6744757593623887,57.20319025790387
8.39229364834605,12,3.991297336701511,20,0,clear,van,4.316190223363255,WH_North,4.71161280113192,48.28427141658513
6.374600262000852,11,3.2232655423308842,16,0,clear,bike,5.608972117793184,WH_East,3.311063259278185,53.260747864080145
5.5409900400197145,17,4.131085972080961,7,3,rain,van,6.6282167219916674,WH_East,2.511741414537653,60.90226677703253
3.9519150847455906,17,3.1447599368848587,12,0,rain,truck,10.655496496219374,WH_North,5.585075692355599,73.19584217356207
2.1868873713946795,20,2.579930461246405,7,2,clear,truck,7.938072075086543,WH_North,3.2568749828941,79.00962744833619
1.8255233310836725,13,6.125357010697682,13,4,clear,truck,7.1099860946103925,WH_East,4.215656409776347,47.373785452372374
3.038253286090556,12,4.822025570347356,9,3,rain,van,9.731256819430646,WH_South,5.075005474765257,36.19559299934016
11.342133227226212,3,8.821863333036253,16,3,clear,bike,3.6519271085467375,WH_North,3.736166326281416,60.670502057791765
3.7957453169880138,5,4.694120814326983,14,0,clear,bike,5.327691209398271,WH_North,4.343653089681293,35.50135602729597
4.952351594205187,21,2.8912109081526696,11,4,clear,truck,8.239848518456043,WH_East,3.92826676448005,89.20786831079253
4.98367908372534,25,5.112752803834083,19,0,clear,van,4.846523898401972,WH_North,7.711789033377953,82.06303520812847
5.839312764365764,16,0.8299173085005782,17,4,clear,van,5.748956734873974,WH_East,7.610066413556546,73.12724222266927
10.215810236890507,9,14.477213377201691,15,5,rain,van,1.9246055617454734,WH_South,3.7835146862318485,57.439444723814944
6.334636280812516,2,4.023153712419624,11,5,clear,van,7.3202677306160115,WH_South,1.8356988737057038,30.78596235045365
12.594475924264634,2,15.319386623617312,10,2,storm,van,7.682817178756232,WH_South,7.586948393123647,64.04005741259806
3.064793707367923,17,1.8066213767028156,15,1,rain,van,10.274227963458687,WH_North,5.091221289982771,34.84207869384616
11.833832385360122,17,1.518386460937963,18,5,rain,van,1.0249290839531415,WH_North,5.665567998429065,69.96085229941806
16.848173113081323,8,4.2891273823191325,18,1,rain,bike,10.794953945065703,WH_North,7.704159026438038,110.8739184713426
7.60075778700263,5,4.279235276593967,17,3,clear,bike,1.0311478429149221,WH_North,6.807034701871261,52.41555177374821
3.6009916740909196,2,4.20709060922763,7,1,clear,bike,8.94357835647602,WH_North,,16.85653353510558
10.335395082204986,18,3.7813396147143115,20,0,clear,truck,7.0681971755735695,WH_North,3.829731442331232,84.46462371508466
7.68430967646998,16,2.138956273407391,10,2,clear,truck,4.872760692865155,WH_East,6.950409064952323,82.44204083838603
9.278135282404117,9,1.1738053936268404,7,3,clear,van,11.081727070186984,WH_North,3.8218213699127856,46.10053174726962
12.807866119925817,19,4.047928989272286,14,5,rain,truck,5.478828946073717,WH_South,3.059174557993206,99.53465138166924
6.02407767372422,22,1.352812285088125,13,5,rain,bike,0.29696823154779306,WH_South,2.45165959553788,87.93306294148732
5.420224043342069,13,1.2662953515585817,8,5,clear,bike,6.247062572781864,WH_North,6.625087399250514,49.224648598009225
28.902358114811395,7,2.5435423643586157,10,5,clear,bike,6.389499776008744,WH_North,6.416771556148003,148.68441989618128
10.414672081552808,1,4.488242903907618,9,2,clear,bike,8.932494479184477,WH_South,5.7475660962818615,49.31325690570515
14.11009016703149,20,13.348866382595881,13,2,rain,van,4.298984860295832,WH_North,4.63422450832177,104.16853359245424
12.378818195478086,15,6.589526616203007,17,4,storm,bike,0.8872315713621082,WH_North,8.875352534460626,151.8072784569166
14.211286956244761,9,9.054413432975055,16,3,clear,truck,4.1936045252323435,WH_South,2.2248059484899834,73.32682543403912
9.468584584764503,1,5.246510459770289,7,2,clear,van,7.231335184240216,WH_South,4.887236766312065,36.25791065875922
13.23145212093854,21,4.292192193591389,9,0,rain,bike,6.537032770523375,WH_South,8.161334998396866,127.34865769828718
4.973013196757899,24,19.183551523879245,15,3,clear,truck,10.163915440100913,WH_North,2.8080564232315544,81.55456824264381
2.1421689213871993,13,1.315216209881428,18,3,rain,truck,3.242428836374083,WH_North,7.611700060599769,47.41816228865766
4.149159285295131,7,2.486158575650031,7,6,clear,van,6.831159407133235,WH_East,2.364975867943074,25.34073016457408
6.9999757048054185,16,2.6257699341698517,11,5,clear,bike,11.707064390000442,WH_East,3.8309906802847165,58.0397341538026
6.431785789540092,22,6.205834605630273,8,1,clear,van,3.7639599862221313,WH_East,6.974173513529855,54.961680938104216
7.711426481691002,15,1.6733979663857832,13,0,rain,van,5.23320128655193,WH_East,5.710629666592231,50.504102301050345
4.778514530847096,1,5.665531576554726,12,5,clear,van,11.93069130515671,WH_North,4.042694119279783,19.36756835595078
1.4849774744510678,5,4.981618719206563,9,3,rain,bike,1.7328941455081504,WH_South,6.697547754972547,21.10474526297463
5.91572306863595,3,5.866998677103327,20,0,rain,truck,6.883064529046729,WH_North,5.274584824135634,39.15642022551328
2.781136500861105,11,5.793033835141142,17,5,rain,bike,4.444189046387411,WH_South,7.656856095073073,42.31381914195781
7.508946305452623,12,9.745676450075525,14,2,rain,truck,0.5537086629010268,WH_South,3.66443892320672,73.00552498520582
9.740208285229148,14,3.207697454761497,17,1,rain,bike,9.129394004979298,WH_East,8.408164857284856,92.35534331371049
5.841613136874306,19,4.811989117826654,11,4,rain,truck,2.3859814822028707,WH_East,4.632188600747711,86.9786231290176
3.4414854257992644,3,1.9826126599115141,20,5,clear,bike,10.704669173984664,WH_South,2.3175100171321237,22.585836810541533
7.95540222120847,24,1.6898562950634897,12,5,rain,van,5.01418450898818,WH_North,3.751466556530055,81.24896043855595
29.8064571913448,7,11.420159252949373,12,1,storm,truck,1.7355039640559529,WH_North,3.4105491169167026,180.2264215283648
10.411869556452594,14,1.8804607918366802,14,4,clear,van,2.9521762443850927,WH_South,4.532836582133761,67.94566670240052
10.873945747396135,6,5.201351282597243,15,3,clear,bike,9.994465664437907,WH_South,3.6772261795607024,53.93097835338437
5.45144785127748,9,4.814970697949952,15,6,clear,truck,4.4865535509821015,WH_South,2.0933952616049805,34.50100441185286
4.366742831978339,21,7.557093253936539,18,1,rain,truck,3.0752053293849304,WH_South,8.367196582538242,89.4618171968987
14.230016295468939,2,1.0400403869246226,10,5,storm,van,2.987354620451448,WH_North,6.6591644747220355,80.21690923535145
1.0445874157793442,13,6.1956342747169435,16,2,clear,van,6.998279739479159,WH_East,3.939088280900441,38.85379324465145
4.678796737243138,15,3.1879484650620262,9,4,storm,bike,3.0818923841288193,WH_North,8.167974468146365,68.60409416616172
19.031966150288625,15,2.1816110488002467,10,3,clear,van,11.223995989389827,WH_North,9.122339622447072,103.59967166285749
7.226199682887802,10,2.7855009785156626,13,2,clear,van,0.592410598247108,WH_South,3.4077934157032552,50.67843569454375
2.3663651808709956,10,6.8602202725860035,14,1,rain,bike,1.8702589908709752,WH_South,3.0366982772082944,46.27563766399688
9.912278024023294,23,5.539301236052198,16,2,storm,bike,5.1474819648899,WH_North,5.281222240149971,118.67168449334447
5.866339769838088,7,3.0357350290668754,8,4,clear,truck,2.4993152553310276,WH_North,7.802864717509146,61.58142361510225
1.9529476312329943,13,1.4957455454589634,18,4,storm,van,9.343461684542987,WH_South,7.309368619228046,53.311305707065216
8.817061877694174,10,1.571481464119672,14,4,rain,van,10.99850950718839,WH_North,4.126075745700576,50.31142487420735
8.036698607997788,20,5.624438449726357,15,4,rain,truck,7.202223560553097,WH_East,3.490739467547755,91.48089173176112
7.754072363428709,21,1.357412483731832,17,0,rain,van,10.248231460659415,WH_South,7.559016821911303,92.70687156455966
10.32418526813464,22,3.056565372333546,16,2,clear,van,9.607036118159032,WH_East,6.116305803351703,73.61939368592802
3.278921572807661,3,21.6878129845223,13,2,clear,truck,1.9035224067788805,WH_North,2.910789590508964,18.97734276602008
9.358339089847322,3,4.579970636491146,13,2,clear,truck,0.9377826446884314,WH_South,2.505740019643175,32.62367946061492
8.395053735088217,10,5.582152433564299,10,2,clear,bike,7.548392958366517,WH_South,8.902978908842922,73.18340572723578
14.058203326025344,12,1.5797637486590568,14,1,clear,van,11.790286412559135,WH_North,3.4587180117513365,53.9512675733187
4.636454445647843,2,1.406196920279641,9,6,clear,van,9.982891975545913,WH_South,7.287188416033244,22.469162101792772
15.49011705127566,23,5.795463323757785,15,0,clear,bike,7.395598488987265,WH_South,4.37441125936515,116.38535847928843
12.254013637213893,23,2.724687132531237,12,4,clear,bike,1.3313200622654882,WH_North,2.225161831485143,81.4996525103849
7.049056349776613,11,7.549905428036282,10,3,clear,bike,9.356550279830632,WH_North,8.826534127613158,77.31218090802993
7.751122562842819,20,3.670005887678134,13,4,clear,van,8.195631677162677,WH_North,3.294772745270364,76.1399124622612
1.1306181766210337,15,40.022986433018254,20,5,clear,bike,11.206568108163932,WH_South,4.70898063108596,53.096570164584016
7.616834376654044,17,2.385422194146861,14,4,clear,truck,8.51288413964759,WH_North,3.0833707766403142,83.2649856688494
11.762871696415694,22,4.359651270939495,11,5,clear,van,1.2423431720276712,WH_North,4.40914989681252,88.55370221539869
6.375280003617247,3,1.9042686730109248,13,1,rain,van,7.310347538163219,WH_East,5.372048227193701,36.32869894155565
14.037984579734509,6,7.333522849403093,15,6,rain,truck,4.845144255080055,WH_North,2.5594532084348485,53.15919909609984
10.01416597946736,11,4.846993790263923,9,0,clear,van,5.05658878469169,WH_North,7.628725234683607,58.07875452360157
22.336240407792012,23,1.8169642294291224,14,4,storm,van,7.5954410423612,WH_North,3.51735674197247,145.59191834480487
4.861142111474028,15,2.8516579846226016,7,1,rain,truck,10.796026792994692,WH_South,5.16768039754805,64.00683975059557
11.110625309142254,10,9.30251079287586,18,1,clear,truck,9.117369205537813,WH_North,7.961480853689762,73.02524469961125
2.8430013285418854,1,8.552266826887237,15,5,clear,van,0.2676393008426321,WH_East,3.4794645037536887,13.572086859004143
6.753092239431465,15,1.3230280047417586,8,4,clear,van,1.763987402815931,WH_East,7.670830258849679,63.27146407062018
10.365075746326369,7,2.5697824599419024,13,4,clear,van,4.358254923422464,WH_North,4.224897840381342,45.30291220842405
11.518031073892283,9,12.742944289990659,19,5,rain,van,8.21627643008564,WH_East,7.483450519363328,81.51182630505102
6.061188033744348,25,3.167604232421893,20,1,clear,van,7.610336215288552,WH_East,3.2628882393412404,66.88314873461805
14.91815458237407,14,4.048699669010359,8,4,storm,truck,6.044246280849794,WH_East,9.395225816224757,150.70223684202415
16.783067384722564,4,7.307142844864896,10,1,clear,van,5.16159643413949,WH_North,7.61666677630037,71.57334722703816
4.89930699036953,2,1.4014211173467273,9,3,rain,bike,9.474766861544875,WH_North,8.726995936994943,31.5092187033722
6.88786944752222,10,1.844506481113722,12,2,clear,van,1.1483638075142184,WH_South,2.664411616748506,42.48764925908782
6.438910369553303,2,2.838882934140757,19,4,clear,van,7.140469105173729,WH_South,8.41560616450683,32.91627863023649
5.448587700743057,11,8.274980244582743,16,0,clear,van,9.701916773170733,WH_East,4.758382650718684,53.94543911403964
16.18615296061349,11,7.2705776406677955,10,0,clear,van,3.2688773855279547,WH_South,8.03930817236176,88.35333389361227
16.079848821448287,22,5.893419898134347,11,0,clear,truck,2.4270162201202767,WH_North,4.768308298205715,126.86198365275578
6.5786966998479475,9,3.2303420708998565,15,1,rain,bike,8.081516309044755,WH_East,3.163447854606991,56.92766148707081
11.078766570672837,7,7.851454618719576,15,4,clear,truck,2.1075694913160192,WH_East,4.225273495805316,38.444501206064174
13.944251365884709,16,3.1999920915537783,13,1,clear,van,5.858667267130169,WH_East,2.4313417976967084,72.2116454502022
8.889392936060212,16,5.336540564431866,12,6,clear,bike,11.073925452410009,WH_East,3.1337076147248344,66.27631789365236
6.262540694268252,1,6.742476446765766,20,2,clear,bike,0.7282479109724811,WH_North,3.086389569159782,37.65992575462405
4.664504742510843,3,11.678786159012528,14,2,clear,truck,10.909799700091366,WH_East,3.7381161558533567,29.512403655879012
11.702416018625799,5,3.423189746409407,17,6,clear,truck,2.284365728503301,WH_South,8.241317264471347,74.65766869870194
3.025949508508875,20,2.7626016024570523,20,1,rain,bike,5.788166025557456,WH_North,5.364051763301892,63.460507855694274
6.371786207798585,6,8.815863366646884,11,1,clear,van,1.5867542317471854,WH_North,2.645842028678519,33.08094097416362
5.681676215060572,25,9.302626736626715,17,2,rain,bike,8.51842544237583,WH_South,8.92074681823358,108.47557737069685
2.8848555691627644,12,2.4342479417209053,18,0,clear,van,11.973283810852585,WH_South,9.059210267425875,42.857860175505735
7.235072833254418,24,1.6429220392650146,10,4,clear,bike,3.62518969674983,WH_South,8.092188122611972,107.67227603956339
6.794807959731173,7,8.358877320866457,10,5,clear,van,11.096332997008624,WH_East,8.222155256238285,36.47485943875262
4.017833548804003,11,1.1283888721549427,9,2,clear,van,8.759573531862888,WH_South,7.426520336703661,48.77650593314958
15.836508266651554,4,1.0887595275146738,15,6,clear,van,11.585078263318778,WH_East,2.537478382795929,43.68428946724644
11.750123936149365,22,2.9511455577490118,17,0,clear,bike,8.061544329164334,WH_North,7.341369250734867,114.03510373593427
7.82814228203417,15,3.5669389856800797,17,3,clear,van,8.18406805808892,WH_North,8.442551265165251,51.14717208290937
12.80439911789974,2,1.580961938481767,12,5,rain,truck,11.324924317675807,WH_East,2.9124694694626982,48.89996345608186
14.573594464895779,19,3.877943692017743,16,2,storm,van,8.72897459998914,WH_East,3.1557637947678594,98.62645734362243
16.246712548032846,23,4.00093891388025,7,6,clear,truck,10.169425559772485,WH_South,2.3988910119572866,111.39715425560084
4.841909057220702,18,2.371988123488651,16,3,clear,van,3.4148708321657457,WH_North,3.801092400661444,42.913788942859576
12.801519705244626,21,13.78284806676515,13,6,clear,bike,2.026578738297947,WH_East,2.2357211207104832,101.57358610633385
6.812956070439938,7,4.485423186415997,18,4,clear,bike,7.680665781256767,WH_North,8.401532278921447,55.767265571132306
8.704921246343904,11,7.315111855201668,20,1,clear,van,3.031290101755428,WH_North,4.875577866108213,40.09019087195474
5.008512485121653,22,1.197996895073407,14,5,clear,van,5.158072519539434,WH_East,3.8764632251358524,56.61146555878504
7.602518250823101,16,1.1907825919710524,15,0,rain,truck,10.266968410508596,WH_East,6.419991595490245,78.97192022599066
12.90927805867534,16,4.581579590651888,19,1,clear,bike,7.572962041900816,WH_East,8.169746124290384,111.68047883895856
18.609206276157046,20,12.163022209146115,11,5,storm,bike,11.326530600331772,WH_South,4.525702881923772,167.05448984529593
7.146966368029003,16,1.6372941238325718,9,6,rain,truck,4.25656094048559,WH_North,7.165424744868324,78.64773431255246
4.109727359894391,4,3.6706312593615618,14,2,clear,truck,3.367463820332185,WH_South,3.5494204818700843,29.16664516792489
20.18655247076227,6,1.3985453052150296,11,4,clear,van,2.5645659705092827,WH_East,3.9072129269557974,63.50621038130969
4.71447505877547,20,2.0076485880234665,15,4,clear,van,11.716425336922665,WH_North,3.9497384089207976,57.44692970507169
2.1831207136723823,7,3.8006721138790254,17,5,clear,truck,5.155654385476434,WH_North,6.888746957368918,23.522203437103872
5.279821941865606,17,2.3517792060381453,14,6,clear,van,11.040942996576884,WH_South,2.0257357253076127,51.13240279596546
1.2332525073550766,12,1.331269858811238,11,0,clear,van,4.138917158430008,WH_South,2.9185083898045265,35.46585340328501
14.16491568439207,16,1.3105640493544075,14,1,clear,truck,3.452724120623712,WH_South,4.819862268456446,106.2260699993911
1.845458171438656,6,0.8867380428806407,13,6,clear,bike,9.250017097988646,WH_East,3.75071674966111,22.882159366073832
4.502427891005764,8,4.6348723688394315,9,3,clear,bike,7.416759445512227,WH_South,9.40086978968571,63.4016804727289
3.3887208847958745,18,5.044541248719773,17,3,rain,truck,6.2959552712088875,WH_East,7.446514163791278,87.93719912213197
8.215115510857228,5,5.0268191361809045,11,2,storm,van,5.282644184460813,WH_North,3.362564498224288,45.88812120512773
18.614316262949842,8,1.7569457662694634,14,2,rain,bike,5.597210620656027,WH_South,2.7657321637158243,98.00298395612744
10.125685558858429,25,6.713805329345448,19,1,clear,van,10.013389217514028,WH_South,8.75035282262883,123.59932959949643
2.9890635756502566,4,5.445257613795645,9,2,clear,van,1.8373579794166393,WH_South,6.997083297518124,28.165138542163994
24.20852638736283,15,3.3371130757678755,12,0,clear,bike,0.612500850296553,WH_North,3.772231854206548,140.046243462898
9.4217177914505,4,2.9749281270129777,9,2,storm,van,0.07138796263151814,WH_East,8.08190105346059,61.181754491441644
13.346062734746212,18,2.1077460877122642,13,6,clear,bike,5.940034215989282,WH_South,1.592874985533122,84.02510034209561
2.516853909242698,4,3.79814687666527,11,1,clear,bike,9.816047105327113,WH_East,4.499244398111973,18.215216701986716
21.90305774712242,15,10.299274580962665,19,5,rain,bike,8.051640398332072,WH_South,7.909056859585105,198.05436699802877
5.9867627706070365,11,7.363236890259346,11,0,clear,van,11.88538768222206,WH_North,4.049106281845362,46.23392560620688
2.3543621053474038,18,2.7750054286302723,15,5,storm,truck,7.31958517210551,WH_East,2.921880179224047,63.18310032034012
8.82023462835457,1,4.8405822991907215,8,1,clear,van,6.109111666707111,WH_North,7.770952680623301,30.838330237780006
13.34231929970736,13,1.5357194454410132,13,4,clear,truck,6.979476690062154,WH_East,5.060190474965434,71.61502626412778
11.044832834970844,14,5.534753465648134,18,3,storm,bike,10.58607519106317,WH_South,7.8479994501001284,124.43014042497225
10.929914030830691,7,1.855956135387916,16,5,clear,van,0.17566437056653106,WH_North,2.981838120391602,46.106929515103786
10.468579487398376,8,5.3826396380602635,10,4,clear,van,5.598000756261577,WH_South,7.182026589921216,40.67821312961104
8.34182365162696,18,26.53197298164961,20,3,clear,truck,4.934040550757915,WH_South,1.2807963573209906,83.77200572979058
2.5092866996167595,14,2.227748195212053,18,5,clear,van,11.439811813926168,WH_North,7.9866743314037105,38.25131789053528
6.748575279970104,15,25.686416632244796,12,6,clear,van,2.2471119941382303,WH_North,2.9973981377683954,71.87789730924963
6.167735110988874,24,4.680686753889706,20,4,clear,van,0.30655771328773573,WH_South,3.0121607206285526,72.17112663389082
16.28423810045555,11,1.9645477314475115,9,1,clear,truck,7.580179399893228,WH_South,9.699272856212158,88.49771862375238
14.177106822064918,22,1.902522587626607,11,0,clear,truck,7.5002272536561705,WH_North,4.195468068788937,92.27483806890851
5.652258216056591,25,17.382586434745477,20,3,clear,truck,3.8320592735998034,WH_South,3.614588330102887,125.90722589748633
12.131914323918567,15,4.688403312005456,20,3,clear,bike,6.477002407164036,WH_East,4.716372387492461,82.48669034833193
7.369164070322648,6,2.233775047608982,18,4,rain,bike,7.160102138090503,WH_East,8.131150024547672,55.11886717842752
2.19046702299988,11,2.8793874261479244,9,4,clear,van,4.2364713335079,WH_North,8.1136668408647,26.117430569006018
1.1429876372786867,2,4.488609853708669,10,1,clear,van,5.0461412111514115,WH_South,7.2521927327086235,14.278285076681879
11.295165665457809,18,3.29991109549646,16,5,clear,van,1.701569705604872,WH_East,3.6266987911133044,74.71342465680728
3.7022100831265683,7,4.229692952626208,7,6,clear,bike,9.252299997660682,WH_North,3.8462532062684636,33.93572888881986
3.690528881352257,24,11.490580670983523,20,2,clear,van,4.670178216904079,WH_East,3.257063103812952,97.49110882442557
4.803744664399795,17,1.507451587696667,20,6,storm,bike,7.746004705348289,WH_South,1.2945966202146297,56.16268965132418
11.442942197787742,13,5.213446896535557,18,6,clear,van,5.119557901901894,WH_South,7.855051254244635,70.60789813899338
14.288898094574398,5,3.1549469356472946,20,2,rain,bike,1.9470683859088198,WH_East,4.3656122448654076,88.75548902344708
14.113298280259897,3,2.3412108616104743,10,5,clear,truck,8.407676547264522,WH_North,7.757887322431552,59.125880557093495
1.984389868757034,17,7.0323569327751825,19,6,rain,bike,5.008039671562491,WH_North,7.041564039468423,37.31210673840674
4.6645408227507925,20,1.193633546901811,10,5,rain,van,2.22426020981837,WH_East,7.866437573353015,71.73611211051444
4.160361643509148,7,0.6334948867362545,8,2,rain,bike,11.201966947595512,WH_East,7.212417897967299,37.84276968841443
11.438090475489972,1,3.885194746387418,10,4,clear,bike,10.719833861993772,WH_South,7.632058835146319,56.23021032288059
4.715376558190543,8,3.014018330856135,17,4,clear,van,8.725898957077248,WH_North,6.857762614100526,29.86292267230607
7.037384401363315,20,1.2878921950245092,20,2,clear,bike,6.912739422964924,WH_South,4.841730716321107,88.6376170425804
12.05001867518174,15,1.0026166701915364,15,4,clear,van,7.5022705521038375,WH_East,3.757922891899024,76.15117551862723
7.908446830481096,3,12.825602446867157,10,6,clear,bike,4.322484834367692,WH_North,7.2086566133222645,42.87451042268191
9.398488522687032,3,4.591057517807134,15,0,rain,van,3.1554006610621133,WH_North,4.1899684966043,27.697216868389
6.876415878931951,3,3.3660905815633586,14,6,clear,truck,7.10476817406823,WH_South,2.785293461133512,36.771587926110975
13.440916599296012,19,15.43552137713596,14,2,clear,van,8.880094709347194,WH_North,4.540176170415653,105.74787657942461
14.222145747150243,20,6.789951136452054,11,5,rain,bike,5.941717133518642,WH_South,4.492210847241489,145.29954562723097
10.465779667228166,11,11.455772361916976,8,0,clear,van,10.746570662041568,WH_East,8.681725954054693,55.56438427203805
14.255424888585543,18,1.4535840282487196,12,6,rain,bike,4.66087623919595,WH_East,1.4490573892465834,112.58813528689817
28.731917586072623,1,1.4159846954466377,19,3,rain,van,4.517665611295038,WH_South,7.898819315667833,118.89736417814768
11.927835702830109,15,5.113850610542289,12,6,clear,truck,5.106252049747705,WH_East,3.1396966983450145,62.95388346617557
7.524272344373722,7,4.4377587043191165,7,2,clear,bike,8.450383188715318,WH_East,4.918029302647687,44.22983719705766
9.529807384853596,21,7.962662469014166,11,5,storm,bike,0.3294742997024116,WH_South,2.5058210306893263,102.0514726516923
15.092605555315469,13,1.0601896288664123,13,4,clear,truck,4.245713744201854,WH_North,2.863617098715953,83.59701852979003
5.939833361663771,22,5.433145191317296,15,1,storm,van,8.915027213705322,WH_North,4.552044213500959,65.72808228037049
5.630886372605528,15,6.635858462703455,15,1,clear,bike,6.657185592149615,WH_East,3.782694820831881,65.53564839293804
9.432736477868628,12,6.393746777871595,12,3,clear,truck,3.7185448621493995,WH_South,3.2386133819565472,71.39172851387848
7.43830903958724,24,2.497559195482883,9,3,clear,bike,7.88062513033173,WH_East,7.565899351933638,101.31434870930856
4.131407099022799,25,4.773265300705162,13,4,clear,van,10.813580636719005,WH_North,2.5300171641753235,64.60968154000089
8.57138081795259,12,1.9290738853955343,7,5,clear,bike,6.061517356125206,WH_North,3.1531079001754567,62.351606085240704
16.88332983730374,9,2.7045559577052827,14,5,clear,truck,8.870823089267564,WH_North,2.7265897709642903,62.08568256261066
10.25927153344183,17,1.5999054959841876,13,0,clear,van,2.3809872921453916,WH_North,4.2796844053894185,72.80404081452504
3.5645350304352443,5,1.9521551930422467,11,3,clear,bike,5.6759378144157555,WH_South,3.615548521742665,28.755035941169883
11.237144574658686,10,2.8047835497553923,16,1,rain,truck,3.495517247957511,WH_East,3.8319487037472126,69.47000920820282
6.511790597542134,22,2.3545374037711215,17,3,clear,bike,11.913469739310301,WH_North,7.39022484530737,78.66685728497018
23.443461874483724,23,1.9519834117210197,10,3,clear,truck,2.62480175712028,WH_East,7.570840738917388,131.74235855102683
10.71777553834924,11,1.3368044985751115,14,6,clear,van,11.368928504311036,WH_North,1.9832159888241252,56.954689457182006
5.253992005271876,10,13.102028321466094,14,2,clear,bike,4.904649513063585,WH_North,4.728993770480885,48.9181696977825
11.73507843062289,22,2.3387250717166763,14,3,clear,van,5.980183857704506,WH_North,3.76248612347489,91.60399432461186
8.946334394032101,6,4.1827791811250306,12,3,rain,bike,6.286702080900403,WH_East,2.009779354641158,61.3934276012705
15.964914930508822,2,0.9692037999195725,9,0,clear,van,2.9017105460313943,WH_North,6.373167837270087,48.60262973674774
5.61145367844379,2,8.587901350382845,9,0,rain,van,2.8672402419296446,WH_North,8.733792100539794,30.284934485320182
10.703239533088297,3,3.7322544279038294,7,4,rain,van,4.512405466745257,WH_East,3.761089773614201,32.358744635700305
2.5114588465317498,22,2.4333960179417486,7,2,rain,truck,8.942410238382301,WH_South,3.7820741476030593,86.964364652647
8.347123596464558,2,2.4483179812970572,18,2,clear,truck,8.409260270865449,WH_South,7.797574551472098,43.864403984017336
3.494782695127344,9,6.101818859581688,7,6,clear,van,11.971265672971787,WH_East,3.438635871131649,34.580296692579935
8.769123934265675,16,0.42014020578178646,18,1,clear,van,1.0605281315328297,WH_East,9.177524715456816,71.26846726426139
9.956005953138234,16,1.8646337682550118,19,6,clear,bike,9.11155653093138,WH_South,7.400607793448776,78.14794237585538
10.461680846979302,21,3.0545775870309613,10,4,clear,truck,2.339210051199495,WH_East,8.07663002536031,120.60211456443906
5.6059205985135145,25,3.030029159699324,13,1,clear,truck,6.132243961123755,WH_South,3.285848450359696,112.41993046329866
8.501476309547982,11,19.17712906708123,12,6,clear,truck,2.3565820386114,WH_East,1.611630951931526,74.30969223977083
14.843415531802076,6,2.621337203759896,12,4,clear,van,11.233202348090376,WH_South,,52.60762834171888
19.772045410405127,3,6.640311628852436,12,2,clear,van,6.086323297728139,WH_North,4.299726110342261,61.33812074755046
8.678697402427943,23,11.80071391101712,11,3,clear,bike,5.634099529118972,WH_South,4.78969323722638,105.95143232521671
15.07658200100997,10,5.309139981330391,16,2,clear,van,3.688814713523782,WH_South,5.340926762751222,70.99897066636773
4.383042909929376,23,2.0716155257378457,12,5,clear,bike,5.3874423000879785,WH_North,1.9561010963650745,80.66759107637489
6.1835195416343565,9,1.3510184153782918,9,3,clear,van,1.3283735146419242,WH_South,7.247396054405994,53.77813106121631
9.259237545643263,19,5.594557207603607,12,0,clear,van,8.210272888353446,WH_North,4.401437471062582,93.5400428198659
7.468587310145182,17,10.501495300120778,20,4,rain,van,6.84800857213243,WH_South,3.801068972001042,70.88957754830125
6.991848519741056,18,4.865522778331787,20,5,clear,van,1.1947604915949035,WH_East,4.299050923493766,45.88410982040237
14.182529900797473,17,7.872799426487534,7,2,rain,bike,1.2285237845629404,WH_North,3.6257771911728915,108.92296429537481
3.9065164282102223,8,20.37610586866318,15,6,clear,van,3.515546885048069,WH_East,4.800906301500238,35.01503394689754
4.184009689850571,3,5.966508998955709,20,2,clear,van,5.677287372117656,WH_North,3.8503858156069453,20.845859704985095
3.1033054517500407,1,1.536576659980591,9,1,clear,bike,2.672008991525968,WH_South,9.264902113955674,35.891659649079934
9.427390311763295,11,3.440932588159317,7,4,rain,van,1.5760078497695793,WH_South,1.6338290177898869,51.73203179398008
6.506210116955831,23,8.663775828537775,9,0,rain,bike,1.1560989051886157,WH_East,8.237714915253191,90.86036562486284
13.398472930661894,17,2.7894770649171856,11,6,clear,van,3.6612885310484926,WH_East,3.0209765929178976,68.71399507738859
8.94913699405667,17,9.525704831845635,20,4,clear,bike,7.555344286456043,WH_North,1.9157291458947416,89.79967304258429
5.5206061211038495,7,3.168138436565079,10,2,rain,bike,8.140383694834652,WH_South,7.786216177585545,50.6344071937374
4.9790307185513765,13,4.195628687754209,11,0,clear,van,3.3944099750137795,WH_South,2.686017938887556,49.17634306454707
1.1522262934252239,11,2.5973229286632784,10,4,clear,van,5.286974477139274,WH_North,7.332311430072023,41.386619975454515
7.18955717728368,4,3.7123883820091126,12,4,rain,truck,7.541518550461706,WH_East,4.074665942407546,43.23760825869555
3.5307786349420356,16,3.8524649856593824,20,5,clear,bike,4.320533602825632,WH_South,2.889392641670706,37.40339147636726
14.375328605558781,10,1.0768290434105214,8,1,rain,van,11.743305870660103,WH_East,8.120682397111716,74.70490821426621
6.306088061594316,11,2.437284952038834,13,1,rain,bike,8.312744480710853,WH_South,3.9414544367365973,52.29142279212546
2.7157926232396585,15,1.4003949993264757,15,2,rain,bike,6.941058533779137,WH_South,5.918940380105927,39.099863078138114
16.02150543892804,1,2.4968351123800483,8,5,clear,van,5.9748557346598705,WH_East,7.233323951836894,52.14897382191994
7.256387551767982,24,1.9029120319006918,7,6,clear,van,5.903359956737466,WH_South,3.1012558725296397,53.04953203609795
11.196632468719727,6,6.741448571132496,20,2,clear,van,3.500738620171088,WH_East,4.178823334900159,48.893078566668066
5.572014130298954,17,6.796310938725572,10,0,clear,van,0.926894185707559,WH_South,7.77638139701406,65.74864021724672
16.336733190612847,20,4.914578087154537,10,0,clear,truck,10.054967288356965,WH_South,6.374424468708794,108.0436170016627
4.540182032968767,4,1.3670368827150203,11,3,clear,truck,10.864930067746222,WH_East,4.422655210857723,19.23399566446364
6.504274257702431,7,3.0997010022444274,8,0,rain,bike,11.694114768015856,WH_South,8.961641326324823,73.0751446438706
2.087416424620862,11,1.2930003645797516,9,5,clear,bike,4.8476892765871415,WH_East,8.39971161497558,35.15793258932702
16.110013654496246,21,2.9948514464934113,7,0,clear,van,11.3568767900962,WH_South,4.420435062595389,102.30839838138212
5.124054598018697,16,5.22364177693384,14,2,rain,van,8.428344005714933,WH_North,3.5580197639828683,53.46513895478821
9.56071631714573,12,6.649043608409084,13,5,clear,van,5.065464483784181,WH_North,3.2366426142277245,64.12657387587547
10.372652158121127,22,4.622757303009447,10,3,clear,van,11.022325818273984,WH_South,9.407728330814386,99.83431053403413
14.629949077740402,12,8.011917292601026,19,4,rain,truck,11.622338825794186,WH_South,7.598435601530084,103.06899249911821
9.135562254366798,23,3.98218025016251,11,2,clear,van,6.407181635036785,WH_North,2.7258459474738514,68.9807463573207
7.526452522060573,20,2.8193540814774427,7,5,clear,truck,9.355742715157605,WH_East,4.9884127873302955,95.36987249153376
13.776999478965028,5,6.1200015928241704,8,2,rain,truck,9.319184565070463,WH_East,6.883698642001343,71.53190849486718
10.271329998939484,10,6.262210702433001,17,5,clear,van,7.306009389271015,WH_South,5.585362737536174,51.173421980749296
6.824000792278379,1,2.3003926164546336,14,6,rain,bike,5.073308896274287,WH_East,3.2872211583440523,36.21256764885878
16.52184203881032,6,4.328787938476437,10,2,rain,van,1.612115061353875,WH_South,8.16789506231138,86.99378960487923
10.743120823077579,1,2.7019686527298465,10,1,clear,van,11.975430803909143,WH_South,8.212252068149354,46.758455324361805
3.3186307593943045,3,0.8138197608291903,10,6,storm,truck,0.8599775941443477,WH_North,7.790426047658864,22.396439892540393
18.224008327568917,1,4.518023161285974,12,4,clear,truck,1.6183175308591906,WH_North,3.65449095013935,75.93495189413183
5.4794865078566675,17,1.34156182024373,16,6,clear,bike,4.497452022866107,WH_South,2.8674580607424818,64.14382524934078
14.588569010873194,11,4.177683668018044,15,2,clear,bike,4.782597112701753,WH_North,3.2841123339018554,81.56363712537586
2.7526799422955643,12,1.1334721134338974,17,2,clear,truck,3.2058459102254706,WH_North,7.923118149471303,50.114104856667886
13.72794405692205,20,2.006181263419794,7,0,clear,van,0.9369497745521373,WH_South,4.287734211962657,72.23160674567418
3.4668194226118914,21,2.4509625839054965,14,5,clear,van,10.792970474620175,WH_South,3.816098003783691,62.449623349391715
8.99025597826176,14,7.699899980408548,17,5,clear,van,6.159102303873511,WH_South,6.191978429032586,70.1711838997563
10.568349777830303,12,2.285396330289029,9,5,clear,bike,11.638107507152787,WH_South,5.87838887122048,72.7162427638888
6.9160640005815095,17,1.5644281102907842,15,2,clear,bike,10.535591449726077,WH_East,4.596488882775983,70.03373667431406
8.081114384794875,11,4.284661521275816,7,3,rain,bike,5.928159117171548,WH_North,3.3238878259345954,68.0903267560679
4.006670638495276,12,2.85227946786494,19,3,rain,van,4.658666164322855,WH_North,6.91335585669294,39.993831398960985
12.913308854287116,8,5.774157697101885,17,0,clear,bike,3.0605793461462727,WH_North,6.13488007317838,92.92479852702742
9.278490713156716,5,1.6350674144600017,15,0,clear,van,11.916589282498984,WH_North,5.066655711893231,36.30888725595312
4.522204603460885,5,3.8481700264602487,15,2,clear,van,7.26068879053849,WH_North,4.048097682655854,34.40508578130089
9.490278393175636,17,18.703239753576135,16,3,clear,bike,10.08861524600393,WH_North,4.290941119358652,93.9010311097982
9.665871881198942,21,2.8080905384343904,12,6,clear,truck,11.816039945533552,WH_North,3.3936764243376722,91.29528822534695
8.318019777713786,11,3.78373375048081,20,6,rain,bike,2.6873536165844354,WH_East,3.191282675857508,59.054629103452974
1.1658087148805678,3,1.0379751242439865,9,5,clear,van,11.098091109777023,WH_South,6.979104141404273,15.554558838372202
6.300989595940319,16,1.8274371090653323,18,6,rain,bike,9.53373357123678,WH_South,6.936741500557762,81.78133549705883
12.800301572321416,23,4.5804831848175445,17,5,rain,truck,5.4557692087292375,WH_East,6.120783103034846,113.99920831632016
10.914512214302963,14,2.635496476168397,18,3,clear,bike,11.385510589443792,WH_South,6.211154087257071,86.16755754177724
10.7240032622578,1,5.104400814370646,7,6,rain,van,7.078743436958007,WH_North,5.021065620380764,40.48852234745622
9.236391879066618,3,4.470306971841632,13,6,clear,truck,4.7242264474293245,WH_North,3.0341800257233715,35.72036890808532
13.656799938782354,14,1.31966695096207,15,1,rain,bike,1.918864030798055,WH_North,3.4062063171940915,86.58411717785998
5.457941988671969,22,6.757914914242597,15,1,clear,van,8.734753742732519,WH_North,3.0791352353395207,80.88938225896045
4.721178321228065,2,1.3911358053172547,16,6,clear,van,9.288368527523398,WH_South,3.9446242689379196,23.353154418845776
20.81779830962305,19,1.9436247662576458,15,0,clear,van,2.4829384191445647,WH_South,3.930252868741284,97.36082496056564
5.088554696251035,20,3.8986854837617786,10,3,clear,bike,4.462098691754352,WH_North,7.022935099295424,63.578010339735144
3.2330294648296354,2,9.943470509981195,18,2,rain,truck,0.6605042225342488,WH_East,,29.66538818421571
6.837828286083081,6,1.6442536178660547,13,5,rain,truck,6.687050917981565,WH_East,3.280175069659796,42.23678167617576
8.503963734585422,1,3.6817166242390775,20,6,clear,bike,7.2007835880460345,WH_South,2.652032744294944,43.938476107819525
13.706839881230547,15,3.703263019543407,14,2,rain,truck,10.179064581356847,WH_East,4.5335739747623895,83.17243784570665
6.309653729364204,5,5.260110238610293,14,1,clear,truck,0.31380011324883705,WH_North,5.711682622444239,40.72620327373575
6.276177776700385,23,7.605117567091261,15,2,clear,van,1.4357668568220463,WH_East,3.4202346686021157,71.43041089706878
8.032308840511396,3,2.50214237574189,19,5,clear,van,0.37881375426703157,WH_East,6.743546576581439,46.03611365230047
5.6372226923595035,17,6.7415810116905055,19,2,rain,bike,11.333383137013673,WH_South,,76.73977566782
2.7779013429126143,20,8.425183051458403,15,4,clear,van,6.154647790629131,WH_North,3.6618539837273323,51.13652328449933
3.420591489873065,5,11.574118310709236,14,2,clear,truck,2.9519989440418644,WH_East,2.035662028986474,33.82864431577401
15.822745692522659,7,4.7178175528988575,7,5,clear,van,0.22922346359167367,WH_North,3.9894054850353005,69.17725126382895
12.059826108862246,20,3.7069366593222166,7,0,rain,bike,1.158238268836516,WH_South,2.59925122281233,98.16092867274342
7.865658387599374,3,2.3816436735862223,17,2,clear,van,8.641894153257507,WH_East,7.074324047871463,29.89077009411278
10.894023700567649,12,1.1956730965168512,11,2,clear,bike,5.763401189763833,WH_South,3.875432894390032,54.47291296105932
12.267495372421465,7,2.7330891524418752,13,4,clear,bike,8.8130901600716,WH_South,5.039690456054229,79.7190297478725
5.266535068849317,1,3.591738745088934,15,4,clear,bike,3.1822926431075653,WH_South,3.031168216812606,19.855787947149132
3.9776434710209685,12,3.0751552515624008,10,5,clear,bike,5.274594110806397,WH_South,6.831995467326492,49.87834130775507
14.906232016778787,13,5.04502492823804,11,6,rain,van,7.486350113939399,WH_South,3.264170872427708,61.1230628590982
1.4351580004687463,9,1.1997086167282545,7,5,clear,van,2.547810097691622,WH_North,2.395580652541927,35.12429374758067
10.995258980187884,21,2.9230219946873954,17,0,rain,van,3.450275350053607,WH_East,7.691562317977099,108.28906259053134
8.916444343032456,3,13.414532797406135,14,4,storm,truck,1.6992896948855822,WH_North,2.3685527560078254,52.91169411767798
14.067336593264159,11,6.665327779568903,9,0,clear,van,8.54154654163748,WH_East,7.325078325992444,81.69707730423535
11.230736408608859,5,5.110683182317138,15,2,clear,bike,6.987496562757601,WH_South,4.907409869705969,62.17092681991314
10.853641142554478,19,4.364386643721034,9,4,clear,truck,5.336069818074572,WH_South,8.53409793186806,95.90499803786615
4.260313604711869,14,2.5707500377740105,17,2,clear,bike,6.808043025100867,WH_East,,42.89010004760374
12.537807036998672,18,0.9725350371413332,10,4,clear,van,2.037465258595182,WH_East,6.888232705593552,90.78772748607447
10.216547715323863,3,4.572179533875765,10,5,clear,bike,9.75463281623037,WH_South,6.8088740642258205,52.37690870375499
4.647272163878547,12,0.598158313722169,19,4,rain,truck,9.065617589690756,WH_South,6.482705839604956,74.79028423803521
8.964539128278027,2,2.6435187675358898,17,3,rain,van,2.18404059919304,WH_South,7.622907851262955,38.37395127715482
3.6610813805184113,9,3.3116235490894135,16,6,clear,truck,10.62854237636777,WH_South,2.6309676096488457,46.6375813865938
7.202574759609787,24,2.427754352286591,15,4,rain,truck,4.727708532406112,WH_South,3.3980561715225175,110.4230816599797
25.60012730132684,19,15.179838639388173,14,1,rain,truck,5.563645693798376,WH_South,3.672959894314189,132.16472351293606
4.100907161469868,2,11.905969935469244,9,4,clear,van,6.375122725960717,WH_North,8.283099900714204,19.709737743006418
2.756295280991137,10,6.841234607873505,11,3,clear,van,9.514763366254279,WH_East,2.8652196574315814,33.21862477896448
3.450712762067162,22,1.7371941666151984,20,0,rain,truck,1.968113991476601,WH_North,4.661885041302845,108.510670747021
7.139012314422537,5,12.743109942563118,19,6,rain,bike,3.1802215236726363,WH_East,8.012723316567728,60.72482352250412
11.708788478338574,19,5.120634704938496,17,5,clear,truck,11.236998049157581,WH_South,8.97976243247835,95.17741675914465
8.17866652256248,9,1.7170612228857025,19,4,rain,bike,11.25360213876276,WH_East,8.06669664901059,75.79668385003914
3.0556404562089483,12,3.397031078374314,18,4,clear,van,9.707660270676303,WH_North,9.125731422023682,34.88043521751352
11.620795434075117,22,6.494803512037229,12,4,clear,van,2.021200548290601,WH_South,4.678800705614082,88.57143290812473
1.8887747230485006,17,2.1831849821209914,17,2,rain,truck,7.139725445333783,WH_East,7.971394802353525,57.521609005321174
3.309086884210049,8,3.6633308002254212,17,6,rain,van,5.351646739460352,WH_South,5.904630749100151,37.97839569059031
5.486203900465663,1,4.143469432349556,8,3,clear,van,0.9689114823841574,WH_South,8.605726130434988,25.617577301342294
14.608512321953611,6,1.5363386088832793,19,2,clear,van,0.9065712881651211,WH_North,8.015760250556689,61.25353658334411
8.378366357045973,11,2.7481693705306243,13,4,clear,van,10.282041497476738,WH_East,5.408618155235499,57.929810125540534
8.579514210096736,4,1.6195951287265244,11,1,clear,bike,1.085991597839445,WH_South,4.4661870794656355,52.93513413229335
3.0941443090523015,23,6.0986510720442455,13,2,rain,van,3.2566804397210944,WH_South,4.750238228500757,70.49575908420876
5.846828735137417,2,1.7583242100720604,11,0,clear,van,1.8086953458679562,WH_East,3.2795232891242785,14.398255165156138
13.40636703757481,14,4.07252252668029,11,0,rain,truck,6.901246070388141,WH_South,4.0201305550975315,96.3659789903026
9.8328616060032,25,1.254693007502313,14,5,clear,truck,9.120260721873727,WH_East,,92.024155709777
11.868619552003748,9,1.5016945670048705,20,3,clear,bike,3.182192921478551,WH_South,4.299053528885196,75.81558046858004
7.834343085716861,14,1.4516243249897969,12,5,clear,bike,9.38455801290236,WH_South,4.095992048095446,50.097890899561335
13.49001997483127,2,2.710945297363366,10,4,rain,van,2.099616129279987,WH_South,9.052732073228837,72.36133399995613
3.079505098579774,19,3.766955569511924,17,1,clear,van,4.28083215125141,WH_South,7.4805652166330034,61.10877047607258
7.032544943724073,25,4.285892035231538,11,1,clear,van,2.9145750232040726,WH_East,2.167631130139089,76.23079938066516
10.711219724685954,20,0.9602471380357149,14,3,clear,truck,5.452092867303941,WH_South,3.3161559012943815,81.8737428841531
2.377455061030732,4,2.950434451429192,10,0,clear,bike,11.772102851156479,WH_North,7.729945705149528,28.267395932393026
0.8965288008111428,9,1.963246583810705,9,4,clear,truck,8.841566693395546,WH_North,8.167928961277173,27.800565286641852
20.82836921789933,19,4.825551095434963,10,3,rain,bike,2.469129629784156,WH_North,5.97350534525109,172.78885866273535
8.448744771514939,20,2.752899082607102,11,0,rain,truck,11.597210637236435,WH_East,3.7059039340016593,97.26104105124112
2.193212972868413,11,3.137474873774341,20,3,clear,van,8.176080222985021,WH_North,2.8662547364314204,28.51044565417368
8.318719856235957,25,1.9709895830506365,16,5,rain,truck,5.450093197241085,WH_North,4.301861773263482,109.80692885166673
3.344789291331454,6,11.103422528721016,16,6,clear,bike,10.995032329335737,WH_East,1.0,26.490006665165193
4.259408705358846,19,1.351877549654299,7,2,clear,van,9.153968693986206,WH_East,4.711425217026562,62.02181242979464
14.891661032134074,13,2.509757680193785,7,0,clear,bike,8.750320766526972,WH_South,3.656425046091137,79.35224676434119
5.5752749746017365,18,3.5798429018719213,11,6,clear,van,2.4111890933624838,WH_South,1.157793961530898,58.410259395513194
5.5458299205804495,15,2.7844425073562244,19,3,clear,truck,1.5355730906992298,WH_South,9.30968234578354,74.5387365491681
3.266776199317422,11,1.9449666144291788,7,5,clear,truck,10.387425251864578,WH_South,4.215196914847414,45.69211057384729
6.3661296354934045,21,0.9340937458621345,17,0,clear,van,8.161864964535713,WH_North,8.924995698029026,75.05553258414248
8.783861375059008,22,2.0461167620991914,18,2,clear,bike,9.806906909821137,WH_East,7.883806878480809,85.70169054526558
5.571117022945554,21,1.6962681139810583,10,1,clear,truck,9.189049150604955,WH_South,7.19559856644888,79.0056634040346
23.91910023541089,3,10.755929833382265,8,5,clear,van,10.837289898172816,WH_South,7.0585955262511355,88.05015591229767
3.8674494321883524,11,16.204470322710886,9,4,clear,van,4.50625099372535,WH_North,8.291443529126552,43.02899517886503
3.8514387917687403,19,3.2041467343749885,8,5,clear,bike,4.202347037157577,WH_South,6.511813269882109,60.04148905162788
6.202131947656464,22,1.2419347200585522,18,2,clear,truck,2.8423508030887286,WH_North,7.027972841825835,78.77559912476342
22.312839174014005,10,5.565745143676221,18,2,clear,van,1.2651520477948766,WH_North,8.243831339301726,99.82676982829041
11.982654048700741,19,1.6707062748199528,16,1,clear,van,5.7947592492077895,WH_East,3.9758785752647734,67.00590580559322
5.450486927722338,15,2.2604869676474695,8,1,rain,bike,5.978655036114808,WH_North,8.633352564397422,76.11107410062922
5.453394480085392,6,2.137859953975126,20,1,clear,van,1.373527871836207,WH_East,5.170733415351547,30.632163065665516
3.764576885707311,23,2.3388188520619035,16,5,clear,bike,7.242298400635493,WH_South,3.7707067723014234,58.839265811140926
6.086129566507708,12,2.5900982878195364,18,4,clear,truck,4.360402389825229,WH_North,6.762932958424365,56.82497660489478
6.9104892621730265,16,1.323855927451297,12,4,clear,van,5.474896418597373,WH_South,3.7883044528055754,48.22116905275619
11.662217078981865,8,2.031126239184388,9,6,clear,truck,6.120296929238593,WH_North,7.348281010387713,60.36868537094863
10.256235807360369,1,6.779890650005066,18,5,storm,van,3.7264681481963806,WH_South,7.728274852090683,72.42651358160144
5.957277559082039,12,3.2430366928486465,7,2,clear,van,8.220663161949277,WH_East,4.572288514801929,39.60504331760205
17.710987554885094,19,3.624512110501713,9,2,clear,van,6.118209860508982,WH_South,7.747763024320263,104.50892944068944
4.966591690574451,9,0.6958830313015515,9,0,clear,truck,5.297180373005019,WH_East,7.3586154759452125,61.63602742655454
2.7144708690276245,24,6.445927660644331,8,5,rain,van,4.915133339739391,WH_North,7.907818630364557,72.963533414185
9.035757400685434,19,2.0547127905390603,14,6,clear,van,0.2845569669814241,WH_East,,65.4244224173352
14.26322289047329,17,7.292000957009213,10,5,clear,van,9.25475345875802,WH_East,7.253341174647653,68.38018427307182
7.643528583031464,21,3.698740524576969,20,3,clear,van,11.597878596695221,WH_North,3.165809344556029,69.21923072518611
3.1712413456536552,22,2.240194292140692,20,2,rain,truck,1.5716736087156735,WH_East,5.689835014049057,72.29484914846795
8.59486050306479,19,1.0258764117551955,9,3,rain,bike,3.4733083305711467,WH_North,8.024138226946103,102.84110895467663
9.259486206106693,21,15.216679628636431,18,1,rain,van,10.1630264701687,WH_East,7.721863625603497,86.46343384323629
9.849084786279416,18,5.825664621957377,7,1,rain,van,8.504237120203566,WH_East,4.024194704189248,76.64995746580261
8.700643421987976,22,6.074818302843064,11,3,clear,bike,3.7487583765820904,WH_North,3.681528422460036,98.4239462402049
15.35543561496001,3,11.86009488331203,16,1,clear,truck,7.794402895534498,WH_East,2.6401147434011194,57.27064336391282
3.700169197125053,9,3.883981971023131,9,5,rain,van,11.00687662628211,WH_North,7.268809513069333,28.944255360494765
0.5617659868952132,23,8.556404235604841,8,6,clear,truck,2.636081439696219,WH_North,5.693559441831402,76.24762080348951
1.8905824061932568,12,2.3749997199652277,9,1,clear,van,8.155641524924565,WH_North,7.89278635016832,41.64749153562304
3.137527682948658,1,5.563931557223238,16,0,clear,van,9.743708158593297,WH_East,2.3661238616812974,7.73756551827987
12.852962894241921,22,2.1359944116006724,10,6,clear,van,1.1436555277652238,WH_East,5.061119312290133,105.79967493764929
6.364981228716424,17,2.333335626473273,10,2,clear,van,11.214098095031565,WH_East,8.35170331749504,64.35730762323772
18.514151185639324,23,3.553384049527926,9,1,clear,bike,11.511967457827067,WH_South,6.806720152205699,145.9203521592882
3.5076725712667987,1,1.367276442574616,19,5,clear,bike,8.796808707678103,WH_North,7.390789629478254,20.722276019761246
18.301166116139775,4,4.181194434767387,19,5,clear,bike,6.187270085403204,WH_East,7.15239171263281,104.25851113695752
4.292067408958319,13,2.668800853764525,18,4,clear,van,7.2475036668279635,WH_South,7.932184490756304,43.53338800457266
6.902597153222683,5,0.8258910268220623,7,1,rain,van,7.781235459799498,WH_East,3.235643154259355,42.03455594007147
2.2061834369405195,14,2.4100239373623964,10,4,rain,van,1.849581132290516,WH_North,7.682088163562307,54.59129155777251
16.91795123731402,9,2.6076820095908704,19,5,rain,bike,3.538615497595133,WH_North,6.409320803585092,143.461289845326
7.504748993506299,6,6.03143841486017,14,3,clear,van,1.2105413076389246,WH_North,4.650337249669346,27.002087095761983
24.5293562572874,20,4.053734547565177,7,3,rain,bike,4.445540443201999,WH_South,3.3652866409654836,163.96354445623012
14.645008138965776,1,9.145213767544412,10,3,rain,truck,8.941251147149925,WH_East,7.576445657122931,72.04623830963217
6.795308695592027,22,4.77826121100519,18,4,clear,van,10.626149298363593,WH_South,8.470243132524303,73.21094441347759
4.775254394613437,4,2.2529202212989303,19,3,clear,van,4.4553223502384665,WH_South,7.240627695420759,31.690140855146453
13.186830397942558,15,3.187218037239051,12,6,clear,bike,7.393294163436371,WH_South,,67.78004243742049
8.000436168791005,25,2.602223766195466,9,0,clear,van,7.138041218323519,WH_East,6.845143064422417,98.58417019558402
4.602569841872054,3,4.671970817626522,8,0,rain,van,5.670484514792012,WH_East,8.750192249099426,22.67260541786686
8.36239301626554,24,3.4621005603404313,10,1,clear,van,8.330504141364683,WH_East,7.874341346139859,88.37143201217746
1.643771856733255,8,2.1382938746673137,18,1,clear,bike,1.8097201543302712,WH_North,8.062936937396822,32.57005384729256
9.961995738751675,19,3.3401654100979528,18,3,clear,van,0.8981723850602954,WH_East,8.066150252727166,77.19760278349345
11.117036721654378,22,4.585166714455719,10,0,rain,bike,4.176410571899797,WH_East,9.409429847580826,150.74892562800585
3.418283317087063,6,1.6413267738146584,20,1,rain,truck,11.631763300722366,WH_South,1.932352497922854,22.87291039783978
15.594413383142971,9,4.1450138632411075,19,3,clear,van,11.437417708055346,WH_North,7.68497498946173,70.13131754165462
13.721447081594976,22,1.0995729011150142,20,6,storm,van,7.596889365290183,WH_East,3.027056507748439,84.25273976475933
9.422749387361627,3,7.19869630011958,17,5,clear,van,6.944491378506665,WH_East,6.981750904444505,35.03817564803887
4.075656347061685,3,4.8019715229822575,15,1,clear,van,7.598570343019938,WH_North,4.519555369788601,17.805790425428366
11.511896638619428,8,10.386409003676514,20,0,clear,bike,5.152510878635486,WH_North,4.542387574036043,64.03014792673206
6.143114522045405,16,1.5195017607710155,16,5,rain,van,3.4606521445702216,WH_South,2.8054507175787187,67.58216396650384
8.83438238740089,21,7.340567899749236,18,5,rain,truck,0.06665403600729602,WH_South,5.479442391553645,91.27391889847975
12.163717861609438,15,6.391992559931852,12,6,rain,van,0.23047266172998482,WH_East,5.257606299291057,66.21834060908674
2.751440776205509,13,2.9224946009504036,10,3,rain,bike,11.66598346688798,WH_East,7.794387468451602,44.49899735912764
2.1302640131016783,22,2.550653632670025,15,0,clear,bike,8.934960110568813,WH_East,3.8787312374405194,58.46481305815645
5.75578093958719,5,1.5533249468899355,12,6,clear,truck,8.281838158877083,WH_South,4.13606023051953,38.56959780632358
22.173638087785687,23,1.2942523746848065,11,2,clear,bike,10.133238628803188,WH_East,3.4460467916629898,146.6463220606999
25.11339911817183,8,1.9623367379666936,16,2,clear,bike,7.283198227834873,WH_East,4.962542542285975,97.81598817292283
9.827741300491105,7,1.378446375788753,15,2,clear,truck,8.011670319993152,WH_East,,61.37099897652051
13.944811089193637,24,10.145251246426792,11,6,clear,truck,9.481343281559555,WH_East,4.646192784352429,108.84521533990247
7.702634854347475,17,1.1601666443372483,10,2,clear,van,1.5019598728062094,WH_South,8.20978885485237,68.57872404955047
8.367002392378463,11,3.6848390023035784,14,3,clear,bike,2.2516155138854588,WH_North,3.192089982059375,58.742545224177256
6.897405880615774,9,4.504124753439459,11,3,clear,van,6.671586868502567,WH_South,5.762335384221066,32.17765798157356
14.932414932855565,12,4.264178134452901,10,6,storm,truck,1.1626149630451095,WH_South,7.542156992675476,127.96405058814267
18.634970291688138,20,4.534441974069766,10,6,clear,bike,7.913082177253752,WH_North,6.452015043253702,143.96326267439116
8.246183928922663,4,6.43968884023176,16,4,rain,bike,9.986411604327632,WH_North,2.533578364732924,49.02438988623962
8.3444037756862,5,2.429910647971547,12,0,clear,truck,10.05109907110917,WH_East,4.427820197855751,38.657783299676915
7.125186224617014,8,3.529956161336155,11,2,rain,van,3.8797645617490546,WH_North,5.045665472313585,44.85259277972409
18.905040246220004,13,2.7033910811099,8,4,clear,van,2.4322513857806065,WH_North,8.148351461821305,102.39249452357248
12.941499766596277,21,8.26283636245802,7,5,clear,truck,11.504634399383804,WH_North,3.297058201190958,97.01671478950531
4.008159045216612,6,14.438614013773478,16,5,clear,van,10.948656155418231,WH_North,4.402753537808334,30.6062379475091
21.789649067705227,20,1.4394287995089066,20,3,clear,truck,3.7621146053524614,WH_North,4.338501540964695,112.84283247767691
1.1194610725395882,23,0.8010991235474424,11,4,rain,bike,10.729903011794452,WH_South,3.207893222346324,50.05250256299332
17.832314376200667,11,4.945074834431314,18,2,clear,van,10.572115133847392,WH_East,7.246554178682297,79.25740469870863
14.24118530077044,25,7.023495432452056,15,4,clear,van,4.056391407125517,WH_South,4.300015483669063,76.07089484507304
8.262135051114516,23,13.064310451434283,11,3,clear,van,4.358268671806066,WH_East,4.2519155704662435,91.12618163869753
8.137367477507768,20,5.565146145074858,14,4,clear,van,11.18275379098831,WH_East,4.7791582167460245,71.94068210914271
7.355444342093974,10,8.820218748082462,8,6,clear,van,8.902484059896224,WH_North,7.33175949207224,48.002445479399064
4.14535242170619,8,10.612605715628822,11,5,clear,van,7.41033652081662,WH_South,3.611880469799635,39.95349067669569
20.806427644998184,22,9.256670623809276,17,5,clear,bike,11.434757923911448,WH_East,7.313302546422033,158.22562371859064
7.987038764371452,12,6.152216092246706,18,5,clear,van,10.378742570520808,WH_East,7.867822662514759,65.28106706451128
4.092670662672256,1,1.3531744897345181,10,1,clear,van,0.8970352925371885,WH_North,8.471262124143776,26.853941066211966
20.087574989890335,18,3.300740050022872,19,1,clear,van,5.985525826155815,WH_East,7.5674886543568745,112.50042456023192
10.494534510648698,9,4.096066132928724,15,5,storm,van,10.748561816280414,WH_South,2.8304668924996976,57.21007153244166
10.873095304295855,24,3.0960690447803874,10,3,clear,bike,1.3339565154798816,WH_North,8.091518471629907,123.08710303233053
22.694054219604524,22,3.232726275943446,17,3,clear,bike,0.8667155279655505,WH_North,7.900863714298095,164.16653039792433
11.771783320576535,3,9.944897888005046,19,4,rain,truck,10.30867630204782,WH_South,8.982813861505054,64.08884513203658
5.285664397090903,23,1.9546630417444177,10,0,storm,truck,9.328591921783705,WH_North,7.990727973098314,95.94931488201243
11.76117607310591,24,5.808583015880065,8,1,rain,van,2.006457389362685,WH_South,6.518931683117696,117.15920934493278
4.413036390172737,19,4.143368637007946,10,1,clear,van,2.1731619629585173,WH_South,6.736220808829692,69.33463496922617
5.967922802491779,7,1.8216220264937084,17,3,rain,bike,9.99129541564265,WH_North,7.584790589930931,58.01814999699096
9.636428297648925,17,1.5626435200191977,7,0,clear,van,2.5099172021577343,WH_East,4.449610647281945,68.42389545163653
13.82203684373355,22,1.0091207917868232,11,0,rain,van,1.7277785435008268,WH_North,3.1472718626953298,96.4818543201629
5.491322086223487,21,4.66414212318136,11,4,clear,van,10.89069033562503,WH_South,4.386194879270277,72.70677666271227
7.220894168424534,11,3.1763369509291826,7,5,clear,bike,9.660627089070683,WH_North,2.309662732356627,45.662771417995586
7.17246646622457,18,1.8625672891399618,15,1,rain,bike,4.84542595298076,WH_East,3.9428979529414523,79.69108297387764
15.223284406837372,10,0.8929063390354448,18,4,rain,truck,7.512490530496565,WH_North,8.173077491780502,98.62621068393761
8.130861296935551,7,4.49469418575443,9,0,rain,van,5.164763532045876,WH_North,6.7710442156864366,44.96039999582846
21.623547461583797,17,2.9399450611131335,19,2,rain,truck,3.2935603017580632,WH_North,8.15607156551574,147.17219866215316
5.9648948295431925,12,2.0145877214091787,20,2,clear,van,11.84162718262844,WH_South,5.253996803526742,44.23340309173969
5.652485003017659,6,1.6907497214853253,19,2,clear,truck,6.547675864277162,WH_East,7.622206047274347,40.3025832843272
17.647221116787104,17,2.8094743045248984,17,6,clear,bike,7.650769531546338,WH_North,7.068798909355289,123.47517317331723
11.201861509691176,9,4.613549604531053,13,0,clear,bike,4.899223209701922,WH_North,4.028042720098087,72.1294909903363
28.864723064527695,15,2.635339222515812,9,4,clear,van,6.008892940512789,WH_North,7.881568429740113,149.87612604317312
17.270210938673593,10,1.4448876546465834,19,1,clear,van,3.452621092664986,WH_North,7.821644258464289,87.61966494569518
3.3294093997428638,23,3.1877410510217254,14,3,rain,bike,5.151368131125796,WH_North,3.7520976978336433,66.80218673532028
8.012080890130385,22,6.902496978463447,13,1,clear,van,7.533727679248971,WH_South,2.3893084926229484,58.80192577797695
9.628854481889988,12,3.4150335383612704,12,5,rain,bike,9.745486387638408,WH_North,3.4076437248231324,89.17825032586896
9.224599275669098,18,3.4830086664884874,10,0,rain,bike,9.62797863525127,WH_South,6.832522945238192,86.78388323709605
7.2944596443635,5,2.6433094992353476,12,0,storm,truck,0.13703252138635946,WH_East,4.138838619789244,49.52250255274831
9.112581248774449,25,1.7811074479384492,18,2,clear,van,6.418751643170501,WH_East,8.431059856989469,104.0893249160687
9.407546833797682,6,1.7401508564063508,14,6,clear,van,4.479797835941322,WH_South,3.3662083207608013,35.074413261124526
5.549307240501098,22,1.037383993392645,12,0,clear,bike,7.284527682542192,WH_South,3.0046988184029906,73.45091515787963
14.867371873053603,22,7.590201092605587,8,1,rain,truck,10.580081660567938,WH_South,8.08386714445462,130.11517306839545
20.22396467568393,5,4.589256017450904,12,3,rain,truck,9.300453251886262,WH_East,3.6077169513640026,79.26416145182169
12.352337282978308,1,3.5174658011691577,10,0,rain,bike,3.968787497660572,WH_North,7.2691202360719265,80.25237115640591
10.29618447272271,19,4.083310011121251,12,3,clear,van,8.869942824088064,WH_North,5.657229996039646,63.5802589728106
7.697516271021119,22,4.210875474897239,9,2,clear,van,1.2165433547319884,WH_North,6.991629487768312,77.3116255936232
9.58115433959841,18,1.9853944243059072,20,4,rain,bike,1.5378833646008903,WH_North,4.245258466118497,97.13938413690016
10.168655870032772,2,2.6440619959306977,9,0,clear,van,2.7066814066038676,WH_South,9.17319105832441,48.41747682602414
4.156024798107671,17,2.38227026490071,8,1,storm,bike,4.7969549509758656,WH_North,8.14450968921514,105.14203931706874
14.446988932014113,10,19.259352979691247,16,1,rain,bike,6.128156977479977,WH_North,3.2463831723803427,92.68070875720375
6.229898209897913,23,6.781114229060447,11,5,rain,van,4.77416069531556,WH_East,2.5038747849592418,65.54138666867192
18.18554583224335,21,3.7341402302333857,20,5,rain,van,7.53356870280568,WH_North,1.7427335031775948,89.96874236433581
0.5,20,8.638154777522157,12,0,clear,van,1.4901154405481938,WH_North,3.8841244313051977,39.825251544849294
8.930747975062513,11,7.9072635294180085,16,2,clear,bike,6.257759877734811,WH_North,3.9172249082589596,70.37371102960007
14.591917632827405,9,1.2631808004472493,18,4,clear,van,3.2688641896218096,WH_East,7.574376928688397,85.2274107696534
12.24531394598304,21,2.840564225091443,20,0,rain,truck,4.375783866709645,WH_East,5.081429636919792,118.16020216959907
3.361101710787486,3,3.2823936324395224,18,0,rain,van,6.106614137736994,WH_East,7.766400990223865,20.1408884447509
17.262613149015216,3,5.094031520395063,15,4,clear,van,1.5918790041504622,WH_South,2.404974925542724,46.54056246066024
4.9371894313192195,2,2.8382994235382792,18,3,clear,van,4.658801337148151,WH_South,9.164828597815998,32.30773573679701
5.962533697621369,13,3.0988411512925587,10,4,clear,truck,9.12881652597185,WH_North,6.766388705350736,55.99944361042355
6.30767539576866,2,2.403812024701868,19,3,clear,van,3.3308327611227675,WH_North,8.292802318666029,24.856719548536468
2.501968503457738,15,6.9188848915811025,19,6,storm,bike,9.17481370988345,WH_South,7.610823101763145,51.64811141128681
9.182469463924342,5,1.2088405657288162,12,0,clear,bike,2.770897742251887,WH_North,3.7655313675749333,62.69881777755249
15.119587345470801,23,2.4616987487622706,7,1,clear,van,9.050072080311038,WH_East,,88.7394516954358
17.93265245360361,11,0.9134074736100084,16,4,clear,van,2.332800239025838,WH_South,3.9070835449409955,82.08213075679245
7.29325039273713,3,1.6148666599961965,8,6,rain,bike,11.414572137181818,WH_North,6.714440528667965,51.53749556362751
8.087906101273202,18,4.14550339054861,7,0,clear,van,1.8451879524616803,WH_East,1.9618896993351893,57.63947607776245
12.740020594564042,9,4.200938711155738,20,4,clear,van,11.998132861758945,WH_North,2.279657941329158,49.87794378570204
7.420926281808425,7,2.6664975055251383,14,6,clear,van,2.747879183568723,WH_South,5.516822976642676,36.520567724189604
15.90317930381665,17,7.292085648543352,16,3,clear,van,8.522439324909387,WH_East,4.5005209983610355,97.44892006313977
7.844191302875156,24,8.566249633292603,19,5,clear,van,3.6613042329798358,WH_South,8.169565424118659,82.58619043916354
4.491304730692723,25,3.1630630106889583,20,1,rain,van,0.9862364242800328,WH_East,6.103385351945843,80.65598524052652
9.326649771232326,11,3.9562752906684837,20,5,rain,van,0.2987062582959572,WH_East,2.7169446593347564,52.363436070929716
2.8785566207498214,22,2.418672631828949,8,3,clear,truck,1.7674383611160795,WH_South,7.716535958462611,71.4448155851162
9.252018085605506,6,5.149097234387258,11,2,clear,van,4.896902192018747,WH_South,2.3585440886318896,46.55801615082033
10.319518819358215,22,1.4393011222172631,17,1,clear,van,6.962555031585099,WH_North,7.582966153532793,79.38584131439003
4.953555861290032,24,11.670734302617223,7,5,clear,van,5.7422218275757295,WH_East,2.7593503281178133,60.640995322789664
10.079764503697035,13,7.374216681520694,10,5,clear,truck,7.565503908260704,WH_North,6.691960289594695,79.72528899568344
6.869336040390771,14,1.4344070413899774,14,5,rain,van,1.1499049198377125,WH_North,3.9900996937280393,49.78956435308562
4.81720162429685,15,1.9111154315005447,11,4,clear,van,8.117119475559502,WH_East,4.4879081741709825,51.045583185619186
2.5865652629474796,2,4.458775313021674,9,1,clear,bike,9.422203340070304,WH_North,8.672356016283278,25.217984854424856
3.123391552953331,22,2.6201307665421933,19,1,clear,van,2.7678342859005935,WH_East,6.746227589880177,66.87069026033075
19.242585554525014,19,4.86088093632754,13,4,clear,van,9.502979606595554,WH_South,3.869796790497304,103.48169098248329
6.693854412438316,22,2.581634065296709,12,1,clear,bike,3.000065982292916,WH_South,4.153061263021754,67.23958156762069
10.17061667786378,3,9.65396035540657,16,4,clear,van,5.3289048577233284,WH_East,5.52503068124029,46.16655200943872
7.2557846300733475,21,3.339479294186916,16,6,rain,truck,9.66969380121921,WH_North,3.1488443171058687,82.21925046083254
19.514993630255013,10,18.072448417793645,13,5,clear,bike,8.246648666931387,WH_East,2.8964526622966384,84.06951601405842
4.832868440898103,21,5.062562145334696,19,3,clear,van,6.044783491689309,WH_North,8.82173038212436,48.94538503139182
8.515768699040475,25,1.2909998081080996,11,6,rain,truck,4.435993413255561,WH_East,2.8113359247276226,97.56927937452055
5.936245153540781,22,14.304120011065088,19,3,clear,truck,6.763959035268362,WH_East,8.26681977749118,91.3217563405716
14.500171365263785,23,7.164048602251721,19,3,rain,van,6.237269689837533,WH_South,8.240145013053256,108.83582236260416
10.1063623801607,3,4.332320616330531,7,6,clear,bike,11.65730302743419,WH_South,2.5756752501213263,48.64002036258299
8.326067036387682,9,5.220762266710282,17,2,clear,van,9.913822688785132,WH_North,7.221520613672638,59.863930641462176
3.4348301726873585,8,1.4443613690951287,9,1,clear,van,1.3971683593946143,WH_South,7.771590630090676,30.650174852765055
24.45768166513843,13,0.9388840618216648,13,0,rain,van,4.948586446816278,WH_East,3.410464653319867,101.54681165047833
7.387255105048406,25,3.224491310889504,19,4,rain,van,7.047687644614442,WH_South,6.451513832447736,82.51735453433717
4.301968979709359,18,8.715815399881832,9,3,clear,van,8.464348975373612,WH_North,8.449358904050298,53.905067305063724
2.595574638477651,14,4.379769906684477,14,5,clear,van,2.128341735093851,WH_East,3.513314189160513,37.2208180350029
3.0471564624826994,21,10.983784492966667,17,1,clear,truck,9.969149205778319,WH_North,7.131496618937422,94.66508193372029
8.277341723493679,5,8.371679723970662,13,2,clear,van,7.559937201590497,WH_South,3.044185783147224,36.649853935138324
14.631168883418617,17,3.368360389789489,8,0,clear,van,0.809244085824302,WH_South,8.239753227240616,94.76378033324819
9.710447958160614,13,7.603661023538852,7,2,storm,bike,0.7091752887187779,WH_North,5.376880510584643,96.02711140862353
2.7116554895414904,6,9.638994229098493,14,6,clear,truck,8.234138983798662,WH_North,3.9186984183959424,29.359738218672668
8.266775409278381,17,3.1389006283105747,7,6,clear,van,9.066595788347428,WH_East,4.0805732323670005,57.849670230863886
17.17786342211307,22,2.858671789282682,7,3,clear,van,3.724977926425512,WH_East,3.5259753118131667,115.57900718081962
6.547612148019032,21,3.6631203584012537,20,0,clear,bike,1.9434628605556372,WH_North,4.173912170081429,76.20141355490473
9.72791964876431,22,0.613646972584154,14,6,storm,van,2.638029982892049,WH_North,2.8808399407819003,89.52391911866172
6.7312150853339325,21,4.040232868796441,13,1,clear,bike,4.706702946174609,WH_South,3.1465332830360477,76.36680169679855
11.01812929033859,12,5.497572263532406,8,0,rain,van,7.58250363309771,WH_East,7.976095866591895,85.40413167956471
4.782116425097476,2,3.6735473073167504,18,2,clear,bike,2.252642504178106,WH_North,7.0190217357683204,31.60789445846791
0.5,25,4.226068356352575,14,6,clear,van,9.49581203344339,WH_South,2.3293755739481585,61.52103349510702
3.5814356003029495,12,3.2205963268388387,10,5,clear,van,2.986480947283711,WH_East,6.599413988345298,43.741763418984725
6.028468166295938,16,0.8204393225633161,17,2,rain,van,9.714784510989181,WH_East,7.495366184742821,67.23793724901714
7.764155766877591,1,10.631447269674055,10,3,clear,truck,11.088425086144007,WH_South,7.77347108794955,42.881397314512405
6.185118761802909,23,2.56644021100061,14,0,clear,bike,1.9699225813998802,WH_South,1.9403452964645775,77.46516701995088
6.105435819285085,23,2.1545048102608324,14,1,clear,bike,11.01277222418406,WH_North,2.9608851102450555,73.15193138159577
14.7025383272439,24,8.58990730512393,10,4,clear,bike,8.464431337570518,WH_South,9.213786372196509,159.02741909107732
4.001540864350484,5,6.586949400601252,19,2,rain,bike,10.646280173886524,WH_South,7.792035104448896,24.60139305640393
8.300750920658851,22,4.019454107207401,16,6,rain,van,4.16174888757829,WH_East,3.5052506073234575,79.45687740303457
2.8449226646000025,16,5.689138360444945,11,3,clear,bike,10.363931708841749,WH_South,4.174539581655523,47.10180785684091
12.357170814410242,4,1.4792100052330053,9,5,clear,van,5.721378075402068,WH_East,6.902552241390472,50.55295393329259
9.560919017652932,15,3.1373357051246913,11,5,clear,van,2.275985932080625,WH_South,2.205358816923979,64.4249229291367
24.188545947908615,12,8.218180848603366,13,3,clear,truck,11.95898301266594,WH_South,3.3051093735710455,116.6803790116961
3.892848740434261,16,2.0667983655297135,14,6,clear,bike,11.37692428816357,WH_North,4.762567223423099,41.366700282488765
20.051619254741283,3,1.6506459340772082,12,6,clear,truck,1.497806680238292,WH_South,2.520055937388793,62.4369208765735
4.2715078267943625,15,3.5079182381577554,7,2,clear,truck,5.474348586194197,WH_North,5.349504150841049,52.71341720909256
6.515430699354498,17,3.565983554813811,16,1,rain,van,11.834352534445866,WH_North,3.4262184300539364,54.28603255046121
3.2055306845419107,18,5.224193698613072,12,4,clear,van,6.581409121345862,WH_East,3.5127348091098765,44.73771779601023
24.009609746890515,20,1.2652798132094967,11,0,rain,van,5.965058277173558,WH_East,3.8687884531084333,141.86055677147664
10.439037406736263,16,0.557348958239174,14,4,rain,bike,2.3443033851396335,WH_North,3.641514665751454,92.51818340450406
10.505702278844494,18,6.327228782397904,18,3,rain,truck,5.034270131548141,WH_South,6.955305948009355,94.75312552462836
4.547033660002902,3,1.555679797259853,7,5,storm,truck,5.978328658547527,WH_South,2.98720840925893,33.71252024255045
1.2350744226271826,20,2.166269897369471,20,0,clear,van,8.568603886114877,WH_East,2.475058296094309,49.44088006376096
6.345295924697904,10,0.7201722659198044,15,4,clear,bike,5.400407379645942,WH_North,4.127972272910726,49.43218232964899
5.59256537217838,14,6.793993258177855,14,3,rain,bike,7.619864178424507,WH_South,4.002314022900879,56.04388204574138
1.9821359590111514,14,4.242856549270571,7,0,rain,van,1.2181959898396433,WH_East,4.4555784603461746,33.8827983563907
6.617933756977795,25,4.125289424480249,16,3,clear,truck,9.165421742524076,WH_East,3.35283781994338,88.41356015416991
8.310276972677501,9,4.105873702761784,17,4,clear,bike,0.03930560896366586,WH_South,8.464466241193735,86.27224435569336
10.863070402347123,10,0.7849670725920873,14,2,rain,van,7.705861892343434,WH_North,4.187598174174338,44.9248758177355
1.402864330633789,20,1.6659304698910637,18,4,clear,truck,9.915763815903432,WH_East,7.914767505591953,74.47950043636756
3.3521625958772114,16,2.4200568283633785,18,2,clear,van,9.201515468449207,WH_East,9.579392848671963,56.96766071901315
4.657678778288931,8,1.9657622040332468,18,4,clear,van,1.7678091998285828,WH_South,8.22373553012074,37.992850965277015
15.076937803708004,9,2.745441542093442,11,1,clear,van,10.130969511351038,WH_South,3.382516119029015,65.16279226774195
14.911219912760238,21,3.944569377746835,16,1,clear,bike,0.9503498539884361,WH_South,5.1826526418098835,119.88276355492458
10.101858941248793,21,6.716094576474905,7,0,clear,van,0.7962849508855436,WH_North,4.259192078857854,60.053041029198454
6.543095444883152,4,1.1780460558023005,14,0,rain,bike,9.87127947182523,WH_East,5.400948607096109,42.08455163668009
15.616734039479537,10,3.2996461295112223,9,0,clear,van,2.190244763886271,WH_South,6.130528145528212,71.2359412918949
9.368956072742764,20,5.463450638691423,11,1,rain,van,5.364707544964461,WH_East,3.52945771534256,90.33491239921737
15.11720687498217,3,1.738707082553444,16,5,clear,truck,11.23959844087251,WH_South,2.7316992304022216,48.599167454390724
10.381262413842546,5,2.9008884680445908,12,1,rain,van,2.5075644007985836,WH_East,2.10044397516905,41.69698338417281
2.2173002438751683,4,4.60243946240875,19,2,clear,truck,9.367004942150565,WH_North,7.949304285330504,17.43739665223104
1.2175999309437644,14,3.3462696953601134,8,1,clear,van,7.013277798729176,WH_East,7.465445171638724,40.068208428390776
6.122040722078555,12,5.322475062074122,20,2,clear,van,4.868349119300189,WH_South,2.000978474832329,39.92539901724407
13.246919067274913,9,3.5476616734851603,16,1,clear,van,5.5107690039331665,WH_South,3.1103717930495662,64.55836677806117
5.544599854512459,4,2.6689795870660014,13,2,clear,van,4.923726852657355,WH_East,5.047747241550045,25.997537617964873
17.361661259693552,16,1.4609737589615064,7,0,clear,van,9.92763662016268,WH_South,4.617857488227023,72.45196935634375
12.553018001595007,21,3.947245482650097,7,3,rain,van,9.767826446207275,WH_East,3.159448109181823,96.93173737253527
16.487287498070916,6,3.5607847082667954,12,1,clear,van,4.481037084147186,WH_South,3.1332106405271887,48.49160799772489
6.2335552930526035,17,1.6570146514106454,15,4,rain,bike,8.36698354339891,WH_East,4.574760604948124,70.26586923316412
4.0993919003178645,20,4.990015806490038,14,6,clear,bike,6.382404794801913,WH_East,1.2309812028048441,49.292899875587416
3.679510554720386,14,8.065102771827492,11,3,clear,bike,8.978622975319395,WH_East,4.334226544817863,51.56148601691097
10.97004440779152,15,2.091611564683631,16,3,storm,bike,0.600556834600527,WH_East,2.151420526331522,112.7049312742879
2.378458206060362,5,1.995026830264301,15,5,clear,van,4.032411359109526,WH_South,4.477796919931889,20.46823798026589
2.504593807962136,24,1.9446772211357255,11,2,rain,van,4.029675959580782,WH_South,,58.25078257284163
5.327746655946676,24,1.0252504389904977,11,0,clear,van,7.161746980853627,WH_North,2.140353803716139,58.35818765634553
9.156744313441559,18,13.506042539373816,13,5,clear,bike,2.491636109544528,WH_South,2.657559640451058,82.2253743799851
4.7113098197581875,23,2.4248756231197928,17,4,rain,van,6.380326255950579,WH_East,8.085563727685752,91.48548098911034
14.930425778706208,16,1.8204470008766314,15,3,clear,bike,11.75831431211701,WH_North,2.0117959008080124,94.52303383975199
16.62306922544075,17,1.5087137507219355,8,2,clear,bike,0.5220711761561807,WH_North,7.760815183639623,145.59045354252112
0.7821621787396269,21,2.5305148334605128,19,0,clear,truck,6.0413258230891325,WH_East,8.2334421349825,58.688114128996546
10.500335838414113,1,2.0408235825806824,9,3,rain,van,1.6594601713165837,WH_North,5.938331969954178,47.510029723775745
5.562673833416692,6,9.085241018110398,16,3,clear,bike,6.988814944885236,WH_East,4.4715078794735295,46.023813834765924
13.598041890381609,6,1.3852540172169923,7,3,clear,bike,2.8903540007767337,WH_East,3.6877411746133326,73.57340300084617
10.71508426829274,16,1.130913867410417,10,2,clear,van,10.830105862701693,WH_East,8.625129777667008,69.77140750074298
8.895080257178018,7,4.8853887252056065,14,1,clear,van,3.8158917385421556,WH_North,3.588962078751965,46.52544970723229
7.380681795506169,10,3.08007963627136,18,3,storm,bike,11.499753472677327,WH_South,6.848626868438612,74.95629043624756
2.5144532817145153,13,2.8403821830186335,14,4,storm,van,0.049616997913783045,WH_East,2.7607572884076927,47.86360842939609
26.188492629489946,19,4.912315269980561,7,1,rain,van,9.98537666322116,WH_East,3.5191165908698747,112.95440817400335
3.3233604896292426,13,3.6535457927336665,20,0,rain,van,3.1402040303858136,WH_North,3.6301311962053338,36.39636463715341
20.17616032199931,1,3.2130726437440855,10,3,rain,van,2.4194697075166256,WH_North,8.757652818782946,87.42535920502891
11.95633479110531,18,1.2411616165596704,12,0,clear,truck,10.609747684968188,WH_South,3.5486294717935034,105.8588293443587
5.750150918591945,11,1.0328617991057554,8,1,clear,bike,3.6524874554396556,WH_South,6.395710413852895,47.597510972804805
5.188988783961298,3,2.0333814234257805,16,4,clear,bike,7.0065410442182605,WH_North,3.3879562348054386,33.55406635849951
2.4290285386493298,17,1.5541745075643996,13,2,clear,bike,8.841354487434185,WH_South,2.428225341902284,54.18166289963241
8.19414328783392,7,4.008608040413373,10,3,rain,bike,5.030420673107594,WH_South,8.114945456240603,71.78743633003172
2.3486823409956936,12,0.9426120908036651,15,4,clear,van,1.216055671897907,WH_South,4.321883617669463,35.70334208965859
15.426113899872796,25,2.4278059176817535,9,1,clear,bike,11.068044510745825,WH_North,8.475261291073984,118.75381960834531
9.442842239769963,6,2.941288054457277,14,1,rain,truck,7.770010769952261,WH_North,3.527738781484019,58.345159596509134
7.85850443619886,23,3.229222203374633,16,2,clear,truck,10.708769126035026,WH_East,3.170156282223141,78.56868111386855
8.499365380767317,12,4.38976187885242,18,2,storm,van,9.212720267155238,WH_North,7.340342120543106,47.928356227499776
9.675721228453916,24,2.6416979269113505,16,3,storm,van,9.287780564567846,WH_East,3.717802589545579,97.72098214142551
6.438575134038498,22,2.080806579656871,14,0,clear,van,7.078589819052132,WH_East,3.341743910764005,57.86192097493577
7.008234253870441,21,7.933831667874763,7,3,rain,van,0.07432682533420243,WH_East,5.248649956558527,77.75220940819256
21.417493446615506,6,2.6537589802589854,10,4,clear,van,10.59189995932148,WH_South,7.470551151263941,70.59649569408953
14.546064194108034,20,8.965566159696513,15,5,clear,bike,9.971090675639697,WH_South,2.9079221234191466,95.4766004479132
11.655598614388731,10,2.6443120193976335,14,3,rain,truck,8.724106792607659,WH_North,3.123746386180208,67.18971906263569
5.7511590084457485,23,3.2825193947621423,14,4,clear,van,10.537912715056875,WH_South,3.144069043311476,73.50044474481749
1.7089501714744906,25,3.0128210228736636,17,5,clear,bike,2.210496759813306,WH_East,5.854263859545852,74.44364970442747
10.864754949762656,16,3.903419742774428,19,5,clear,van,3.3823055742749615,WH_East,6.074336791871271,72.62049740368522
8.484410137271889,23,2.4746680444551483,14,3,clear,bike,1.885457565536302,WH_North,5.484948716795401,90.00598745385288
6.90801967276209,14,3.5512316309787635,8,3,rain,truck,7.7594257240831865,WH_East,8.289474015832436,73.8012841038167
7.624023814655426,1,9.694607650536192,13,6,clear,van,5.2607028909918405,WH_North,2.6950059840807965,26.64643640698204
3.4706258417607048,22,6.9184811103061135,10,5,clear,truck,1.2317295128979837,WH_North,6.409094135093916,70.89384802270932
4.240767010557164,14,6.951912770817942,14,1,rain,truck,6.907644262273163,WH_South,4.911773767335313,59.52335295982585
14.563056071620908,2,1.2977715480141143,15,3,clear,van,4.067829075385577,WH_South,3.0478948946683637,44.000986034437936
1.3344341167065266,2,1.4534151177768873,14,5,clear,truck,5.886094526555011,WH_North,1.4671102924934918,8.450201224135128
13.369926029070154,19,3.8667936364959195,15,3,clear,truck,3.136582456332148,WH_North,4.227677592773331,111.87268010565924
17.809258289082795,24,5.694589695270671,11,3,rain,bike,1.9337848475064683,WH_East,2.9659391207503307,141.0685125523578
10.728285686441113,18,2.3085165065867645,9,4,clear,bike,5.409773049203755,WH_North,6.6448686471254685,78.98999803119465
10.414373939825435,12,2.037432823179412,18,2,clear,van,2.713780441981167,WH_East,6.816826729039513,66.56291325521981
4.2141522984031425,8,8.808261623071132,12,4,clear,van,4.860163126314729,WH_East,4.173510616252337,41.63075083104236
4.670181472334309,11,5.366165890973828,9,5,clear,van,4.5873038054585855,WH_East,6.9061840002226065,40.0567816466808
6.07176839731935,9,6.962862555567897,20,6,storm,van,11.285101250106894,WH_South,2.113984345351255,55.95991439939998
2.9495799896701276,7,2.4375293359932955,7,6,rain,truck,2.242135026840223,WH_South,3.4225837822890854,37.01623225626462
4.432422949559679,4,2.307086767180217,11,4,clear,van,3.4373082166189017,WH_South,3.0552222393035198,26.27859123992584
8.465313899121744,15,6.4509243025658245,17,5,clear,van,9.50237166635846,WH_South,5.527920945158593,72.70200272017551
5.829522010358629,6,2.762377985768606,12,5,clear,van,3.5503486480504467,WH_East,1.822934538610613,31.785485554271595
8.928991101717699,4,2.1649560898527707,18,2,clear,truck,5.763156279415469,WH_South,7.819799918903629,53.30283426973494
14.53150249128816,7,1.7520078875500495,12,6,clear,van,9.143365467239363,WH_North,2.2947872405195326,49.59592642366746
8.886514886443775,20,2.321221143716705,15,3,clear,van,0.05265168388813679,WH_East,3.8947358437711195,57.72105346023962
10.484512492880812,15,6.126100942673505,12,6,clear,van,11.478708219409354,WH_North,4.001154388550496,65.59775956335244
2.316227321950546,13,1.1540004987641301,13,1,rain,van,5.553996544555805,WH_South,3.232995241192118,42.75929636778581
14.380954935947628,15,5.156905693627128,13,2,clear,bike,9.113397102135947,WH_North,6.199678626518786,94.81175642915238
2.266172828116446,15,2.022323036822581,20,4,clear,truck,11.049687125437696,WH_South,4.048600122115531,36.87747581033309
5.561071169283512,13,2.865634305233769,17,4,clear,bike,10.521650398866742,WH_North,7.641337072761554,61.76536413315037
3.599921092165762,22,2.9970488671826683,12,2,clear,bike,2.6445476974956876,WH_North,2.598768065915113,55.211237175297406
1.7176038853629918,19,2.844759671025412,12,1,clear,truck,6.6622471346828505,WH_East,3.4863288329464845,54.69488294856422
8.603046950270475,5,2.715593850839843,12,1,clear,van,4.927857588673199,WH_North,3.5763157363457325,27.923719870861024
11.031659137669635,21,2.432576165767026,17,5,storm,van,6.388351370747951,WH_North,7.683765348398658,84.59704627338502
18.074579822127024,5,2.2255462213714847,15,0,clear,van,9.355568674782933,WH_North,3.2638075458150975,57.38088376867399
9.371550761015314,2,8.363202959731234,14,0,clear,bike,4.253749708731138,WH_North,4.189141890636605,60.66806139495144
4.413252639892692,11,3.37884698043814,13,6,clear,bike,5.726516488227673,WH_East,3.0378193605757637,40.139736276476924
5.737311990954053,10,3.0399351858371384,12,6,clear,truck,7.2957502635813345,WH_South,3.8772914531748013,55.68131413621269
1.9483864233102282,20,2.114340818868653,14,0,rain,bike,3.2467607041023863,WH_South,4.748257377333998,55.89129538132303
6.146167635327784,18,2.495375765326244,18,0,clear,bike,7.279256635284721,WH_North,8.100232028724948,74.94695363385661
7.786467823257956,2,2.1194998777821894,20,2,rain,van,1.7869479891809488,WH_East,4.48848723848965,32.4567918368117
10.753354846684022,13,5.673129584121696,7,4,clear,truck,7.459755992674182,WH_North,4.811208259766119,79.44540161032546
12.512449744754893,20,1.9590910966130723,10,1,clear,van,1.7187800618078106,WH_South,8.283598078077263,82.77647845259372
10.541727218277872,19,0.6890977745311802,16,6,clear,bike,9.307919470072608,WH_North,3.2500073493843886,80.07331518927316
4.087338152891759,13,3.4584331034587725,9,3,clear,bike,2.328253859380595,WH_South,8.168291205336471,64.07656781674565
3.2897482576741153,16,2.7303407566706133,15,3,clear,truck,7.7534199648100905,WH_East,5.250503849982971,65.17251713908668
11.983961991021953,15,2.2032823995522053,12,1,clear,van,6.974373921125624,WH_South,3.9013616157466044,70.79014511846613
1.6659034667333734,6,6.284518850892756,9,2,clear,truck,5.103977276105246,WH_South,8.456053487052646,31.05066746974155
23.108846709991965,15,0.48994422438910173,14,5,rain,van,7.745511893885854,WH_North,2.3913366161242138,90.23262699558187
4.705701949490838,17,10.007860612692317,14,4,clear,van,10.158192319062072,WH_North,5.1508155800991045,54.56469194089644
15.5488805539715,2,6.946753528997915,16,1,clear,truck,1.4420297443738863,WH_East,4.204572192498479,45.73537280523144
5.308772802572349,18,2.1390519476647136,18,3,rain,van,8.11714778773355,WH_East,7.48918790740269,68.13241957420789
11.18798402747642,7,2.421654561918017,20,1,clear,van,4.921489254843921,WH_North,3.7369218966032673,54.29850894926122
3.3782002414502355,1,4.725960714150107,13,2,clear,bike,8.087096794695498,WH_South,3.6034477156633025,22.022332068175523
8.082527034158579,19,4.815554467802121,16,1,clear,van,10.500453312641742,WH_East,3.8044751907736423,67.36493968478105
2.058299273427324,10,2.1303423610657566,18,6,clear,bike,7.834050745003919,WH_South,7.18878779321346,39.69836530514149
9.678740487305385,11,1.070639648604271,20,2,clear,bike,1.9179307191548611,WH_North,3.622905979451473,47.405255164440504
3.334544843536697,16,14.579040350627029,16,3,clear,van,4.993609699295709,WH_South,2.3707686120984857,51.95957935772735
3.732012077665615,15,6.483670822688221,10,4,rain,van,6.59338383539101,WH_South,9.396971953472,57.588766800621535
5.940668470167539,16,3.705421879237223,11,0,clear,van,1.5225231709721525,WH_South,4.0396663225386655,45.77072734404497
6.762652784577973,24,3.7548287355467878,9,1,rain,truck,7.723333254010023,WH_South,8.044106551568554,106.8488634725955
10.763158886009679,17,5.129057504313239,9,6,clear,bike,8.558902855968528,WH_North,6.9567768298299,71.77906732260527
10.124823201798787,2,5.577520374125761,11,4,clear,van,9.150184015458727,WH_North,4.617243397899395,35.82389463834046
8.61571217406935,6,0.7706995467950941,13,1,clear,van,1.4388263304117803,WH_North,3.8433911661342086,39.15927771005172
13.345201677332389,12,2.5970848759271643,18,3,clear,van,8.461727464637189,WH_South,7.52015646013263,72.2027348400563
9.954228075130793,12,2.4148061884565504,11,6,clear,van,4.394206252377133,WH_North,2.7776947931422953,58.04059536198514
10.391359666303547,10,2.9653519859569233,9,1,clear,van,2.5347375047806144,WH_South,8.926179602399497,68.3619004655772
3.7076883672949434,5,5.6948129980644815,8,2,clear,van,6.292152916637152,WH_East,7.98214945704764,30.679981839014435
13.950470880828139,3,0.9483267736107837,9,1,clear,truck,6.8726273693945865,WH_East,7.768386630099914,66.3866869570815
12.956215804204724,4,1.2912365564193635,13,4,clear,truck,5.481168207520992,WH_South,3.4080935701503217,46.464658814314525
8.875158984210222,24,2.060149338157375,12,3,clear,truck,10.090141439848722,WH_South,3.5115271622215163,112.91655784213242
12.680414615053436,10,3.6989226017362995,12,3,clear,van,1.8695620498994092,WH_North,4.772572876623261,69.02610924817634
7.694764006005021,25,5.944627849865916,11,2,clear,van,4.885841947954064,WH_North,2.9753020399083856,83.8571105235935
18.603067501232488,9,10.401254186091114,13,2,clear,van,3.204195336964092,WH_South,4.402727601780684,77.12555433358965
8.376541376940024,8,2.7170644741880077,16,3,clear,van,0.5856019911385908,WH_North,4.435956146781218,47.89572856063372
7.530351561287189,13,5.937787782023296,7,5,clear,bike,4.0687682813756645,WH_North,3.1940664261048557,69.13289047328077
9.998177498455721,24,5.458170906300073,19,5,rain,van,8.616908044373815,WH_East,6.829098159905826,114.32794389105342
20.844448658800218,15,4.850920136151063,11,5,rain,truck,6.278988228956621,WH_North,1.6661755732529067,100.0650617159421
5.422976199100689,1,3.264162894021787,8,0,clear,van,5.024958447359407,WH_North,8.39772676439516,28.651656926857672
9.604995224711704,7,2.5101126762983643,9,3,clear,bike,5.696457357722317,WH_South,6.364447936120671,64.67006971971334
5.695946666030093,25,1.5749451851272906,14,2,rain,van,3.750022994838119,WH_South,3.9501506744892936,64.41243402271229
7.524295589218166,4,1.5036342238394702,14,6,clear,van,1.4659622160804826,WH_North,3.046882101200461,34.14863538085353
4.3998107089265295,21,4.233196055553368,8,2,clear,truck,7.085157192491177,WH_North,8.491225495823477,94.92138329135092
10.227260652242348,24,3.196013470844417,13,1,clear,bike,9.784710150164386,WH_North,2.993856960204744,98.476685287958
7.950984005929049,6,2.482198937118678,10,1,clear,van,9.468638943928283,WH_South,6.949359814687923,41.38775798477186
12.523179823824476,14,5.287608363322414,19,1,clear,van,2.8001015216545304,WH_South,8.281128372304181,85.85466547735611
14.57941322168889,15,2.8853828160754844,11,3,clear,van,5.21145198849326,WH_South,3.6462745068128144,80.64762826212953
15.875362209899517,20,1.7520290831543048,20,1,clear,bike,6.625467354698051,WH_East,1.9846000677458648,106.01450939677984
5.8455084197634255,20,2.755093421082755,15,3,clear,van,9.629426263959479,WH_East,3.794415914529496,72.90922048770967
10.01013768288762,2,5.896983170146581,20,1,clear,van,2.35808799340047,WH_East,5.4269729735275,42.09530003197471
16.469312916507977,8,1.621806616874036,14,4,clear,van,1.5867814723430764,WH_South,4.29375703399221,61.7550000006968
4.376752461616273,24,3.8439242015580235,8,4,clear,bike,11.179482854189969,WH_East,6.732966045299406,74.63091920045862
8.486655582270947,9,3.193769813940839,16,4,clear,van,1.7486378441398078,WH_North,4.222711497568765,42.08861369324993
4.582983069681369,7,1.949227374862611,13,6,clear,van,11.869315527906961,WH_East,3.884516459143834,31.345961134397484
20.684705452546936,16,2.703787233022322,18,0,storm,van,7.187682586107275,WH_South,6.247476483521676,110.11793590280404
16.360088554115286,5,1.1049740978717626,12,0,clear,van,5.987979876946659,WH_South,,68.55957716214496
11.050229241841851,4,3.584962937954476,9,3,clear,van,2.267276573512562,WH_North,8.9695864335258,47.79695172265799
10.9469369106809,20,1.2772213674324968,8,3,clear,truck,10.32607823035479,WH_North,6.428211099858302,88.41010796045663
4.889143173307081,3,7.033651952252395,17,5,clear,truck,2.0659810745161535,WH_East,6.7480518882370575,31.405854291102735
17.4844498980168,23,3.113100901488088,10,1,clear,van,4.8152151218939245,WH_North,7.606346455988889,95.30438936777928
6.561438300585749,7,2.224941093422638,16,3,clear,bike,0.5764137404393588,WH_South,3.426016784083985,44.71933601313377
5.220739574383418,3,7.481187451889592,8,4,storm,van,0.27057499741619884,WH_East,9.038265462436291,45.05042594453017
15.042778929993304,19,1.612371068614518,8,4,clear,bike,8.75491707733917,WH_East,,149.12960133985945
6.163870527236839,5,1.9672211553735375,16,3,clear,van,2.4929135535311446,WH_South,3.5277841024336425,32.91460269508879
5.367808905880596,10,0.9226801261561031,11,4,rain,van,7.209491142675994,WH_East,2.8845947374636296,38.281084864703104
12.949858138990884,9,8.303311515747225,14,1,clear,truck,8.680853508286209,WH_South,4.945663345526462,61.76895218950355
3.5000998075003733,13,12.317314896208847,7,3,clear,van,5.901439785398953,WH_North,4.4974263215957295,58.688820717440464
11.13085139932711,12,1.028893769891419,9,3,clear,bike,7.877175931415713,WH_South,7.784874053189256,88.08285902257434
8.546459818542742,5,1.875657550546117,8,0,clear,van,2.8937820566973627,WH_East,8.38941474116345,46.117255254200515
12.322825724201028,6,3.4863993788888927,10,6,clear,van,9.814344166561927,WH_East,7.5827750880112585,45.664014304321704
10.413319594529161,5,2.3140844054355165,10,4,rain,bike,2.4748074818392394,WH_East,7.012906502379368,82.08966900993488
28.166754947950935,2,3.2481301610129325,12,5,clear,van,7.087363573229942,WH_North,2.4654127227338556,63.2708882934867
9.039422279920679,17,3.057756388922879,10,3,clear,bike,10.030359477667501,WH_East,7.805073163096079,98.9743178392592
6.1515778944942,12,4.416229607719446,13,6,clear,bike,9.518407134772772,WH_South,1.259985095634793,54.02274791511646
7.978831957008501,3,1.6943923046749128,19,0,clear,van,0.6152371998217978,WH_South,7.491593493802728,39.85589417343947
10.34674175438326,9,3.7994706529397346,8,6,storm,truck,4.4061896089090045,WH_South,6.286889004530817,75.26839558819607
20.02482461889229,17,1.52000071304034,19,1,clear,truck,10.230943377330753,WH_East,7.954260557894971,123.18774711465329
11.557288068500565,8,2.4885481267151315,12,6,clear,bike,10.211282561679543,WH_South,1.9864602183991762,59.22109636358078
4.711649761277982,11,0.9843970775257113,15,0,clear,van,7.636911893372741,WH_North,4.186459164721207,39.459470748053405
45.0,19,2.5013141805674777,16,2,rain,truck,1.3023742729870258,WH_South,4.000276503373696,177.07953047480765
14.231080576879197,17,2.223502581475668,17,3,clear,truck,4.851207363864084,WH_East,7.708343631388106,95.83491041950052
4.52496223435012,18,6.4269851107657505,20,4,clear,truck,11.53382436109821,WH_North,4.222274681643698,64.81317727901695
3.7270038385134834,10,3.1852091350874714,20,0,rain,van,1.2784643785317633,WH_North,4.333114351853332,40.159273919022624
3.242342895122915,13,3.6173881618296955,8,2,clear,truck,9.616840469624265,WH_North,7.585883050022525,38.563888892921184
7.722013219042072,22,3.268344475335236,12,5,clear,van,5.013849814259481,WH_East,3.031863856046311,84.30484717704314
7.924773460972672,22,0.7479821304362632,14,1,clear,bike,8.93689053494834,WH_East,3.1892014686871546,88.1744236707342
5.143451622296579,2,0.8204827584664159,14,6,rain,bike,0.6517353621715145,WH_East,2.3787042678585077,26.30832272867999
2.9015693280465915,21,2.656277367332919,20,4,rain,truck,0.12377366601748374,WH_North,5.222487949903393,95.36026616880905
3.785901528910231,23,4.034942259562133,16,6,storm,truck,3.6075411079045154,WH_East,2.817957020501419,89.78544622766256
11.69461452610166,24,2.8167799338564623,12,6,clear,van,10.442156780805213,WH_East,2.9894464458044245,83.31085284680289
6.633021544740201,7,1.8133187276210978,19,1,rain,van,8.157598097629755,WH_East,7.730512622036949,48.14535159973967
4.092968865814982,13,2.8060584629560794,17,6,clear,van,7.341885148654964,WH_East,7.334367130191888,49.22573552273013
8.528164615362158,2,2.640689681859882,18,3,clear,van,11.97215363329017,WH_East,7.310428982193296,34.15516838229121
9.53654173873991,3,5.72763252942351,15,1,rain,van,4.167549973932763,WH_North,3.396993260894249,30.3299163710606
10.168862072444647,15,5.507517555799433,7,6,rain,van,10.203027228893014,WH_East,3.8433002893635138,63.55230824752773
8.33155375833508,6,2.2537823079948907,20,3,rain,van,1.3159851032225327,WH_East,2.4614154245527047,42.69381393592091
7.559142731410283,6,3.206092873132096,16,4,clear,van,2.0487195421174724,WH_South,3.9682213443465,43.353544366254816
15.765836016065343,8,4.028280058362358,9,4,clear,truck,5.737160428198232,WH_East,7.061167650933489,96.38682657434514
3.897404214890967,12,4.469386168928238,10,2,rain,truck,11.513752165717463,WH_North,5.991877290796905,48.734297895513414
6.947197562397637,4,10.557311610772317,11,6,storm,bike,8.440833590224615,WH_South,2.9269318630648726,55.77719932187576
1.8968781921823286,21,3.2553397824464394,10,5,clear,bike,1.3503626898247378,WH_East,5.960997416297931,52.232501364164214
6.377934562227038,17,7.524176451198498,15,3,clear,bike,11.458887757855232,WH_South,2.5999923180543982,73.2403310392669
8.89870872777134,20,1.4739440655358695,14,4,clear,bike,9.188621208006655,WH_South,6.136211071225887,82.8992203393081
12.875303284285465,24,2.124695127802998,9,0,clear,van,8.839288184431442,WH_North,8.2878745770633,92.68386331377259
1.9468274266879775,16,0.7444741923176793,16,5,clear,van,6.617869488808864,WH_East,3.509958882043104,44.92551509924369
8.73881636525029,10,3.6910633158055535,11,6,storm,bike,4.722394424229808,WH_East,2.952072374207326,63.17621210593625
21.727230229411347,25,5.224017638484703,9,6,clear,truck,1.3187716761145682,WH_South,5.925269548282329,160.97127037997933
10.62517735565431,15,0.5550097616551718,20,3,rain,van,7.437514706875473,WH_South,3.6510521311569573,65.57177694796296
3.4001630190950176,12,3.787857126871659,11,6,clear,bike,1.5322860444178459,WH_South,2.680305679483932,60.68080609992917
6.38549121223515,11,5.068004969700461,10,5,clear,van,7.079346266874872,WH_South,5.26815362979254,44.40382417055645
10.83123375856885,1,4.869865494125045,17,3,clear,van,6.475784786374801,WH_South,9.412165094139915,46.716724163134366
5.30425808051092,24,1.4374881008359182,17,5,clear,van,7.158292423137556,WH_East,6.91952339667122,82.55083512325395
9.359505913730661,21,5.70409296484948,9,1,rain,van,9.921411727572082,WH_East,7.05048344717331,93.33286133816091
9.030731729869885,18,3.341811910837628,7,4,clear,bike,4.934133014824616,WH_North,3.9108405610572903,85.25646354397452
7.651502138982842,6,5.021488146212405,18,4,rain,van,5.239175582614056,WH_North,6.55923707810568,41.505468451753764
3.140762086199074,24,3.040127564082747,14,3,clear,truck,0.7197581363769352,WH_South,,72.91074210642475
4.92882724693184,5,4.335019710016696,13,4,storm,van,3.4528777391980636,WH_South,,53.92118944107418
22.981697300518075,7,7.217185522141993,12,5,clear,van,0.9722656459257961,WH_South,2.532245805296881,80.51747029310698
6.117979729577883,2,2.878256020029288,15,4,clear,truck,1.7010988713436674,WH_North,3.7836601191430956,27.514424995852284
6.604090797035546,8,4.050633814282412,16,2,clear,truck,5.121560615285768,WH_North,3.8931517770490935,49.81942478337864
6.58184824200014,9,7.963256997266666,8,2,clear,truck,4.886325970507389,WH_South,7.64332292004486,48.606196908601184
12.691251398204422,20,3.024479119130767,10,3,clear,bike,11.23029042870413,WH_East,7.315194334112704,101.12982852469008
6.814144418015683,9,1.5101706900514713,20,4,rain,bike,1.4318399203733052,WH_South,5.842187552379581,54.29010530492015
7.759874289971753,24,5.329354835788351,9,2,rain,van,1.7916315922718558,WH_East,7.133082228034122,91.67928866980154
8.741972044941793,8,9.064940925579497,19,3,clear,truck,9.010395703518702,WH_North,6.995493644423373,47.0412149294977
13.521463701088507,14,8.183733454103846,12,2,clear,van,0.2687832145532498,WH_East,4.241573555037974,79.64621180183764
7.782256387851993,15,5.476638150006724,9,6,clear,truck,7.811356515406033,WH_East,5.843588330180431,83.12220566679335
8.309034871176486,21,0.6434504157835211,15,3,rain,van,8.970733513093602,WH_South,4.719104506695837,86.27659910167948
5.475438486655499,19,2.1274351327420393,16,5,rain,bike,7.547843734885584,WH_East,2.819025658003761,69.87744606673348
9.489958215092539,22,2.2051149931751692,11,2,clear,truck,3.4536595630932876,WH_East,3.9161252657590695,95.90395430756507
11.141568805634712,24,3.4260495895770777,18,2,clear,truck,1.2430437660230806,WH_East,8.065973963140513,113.40847287291565
11.595455932736181,3,10.824210996886073,7,2,clear,van,11.930090871856407,WH_South,3.494404295753573,41.28740058659491
20.982761805663216,3,1.5583395393106736,8,3,clear,van,10.312251022948274,WH_East,8.624123308020062,79.15203312093668
4.695916928437137,12,15.951318047403241,15,4,clear,van,8.767637828340586,WH_South,4.38477545292716,37.24007379183476
7.981992856648107,4,2.540524169559006,15,3,clear,van,2.2444840895063227,WH_North,4.264799532047262,29.104760202589805
6.842574990406433,13,1.9409335730936004,16,5,rain,van,5.17091993211055,WH_East,1.637124382115491,55.99371321706766
18.85666064350577,15,5.999303016826444,18,3,clear,van,8.517837459138795,WH_South,7.4862131107809695,86.96592387244732
11.855759354026862,7,6.340851001306665,20,5,storm,van,1.2171878367002984,WH_East,2.8998344806149934,57.22847849219581
2.489855288630678,3,5.232885452592508,14,0,rain,bike,11.487935687342658,WH_East,5.36391557856847,21.927558789942264
5.1728494793184385,25,1.9374664640841988,14,2,clear,bike,11.462794684346926,WH_South,2.527387343195164,55.96646549740637
6.333253005060289,10,4.718163757223413,19,4,clear,bike,1.8059420972374642,WH_East,7.225633965781289,64.20542586263328
2.7730192969315217,21,1.6104434555008804,20,2,clear,van,2.364681655201625,WH_North,4.773426038962988,62.22547188489182
8.353879246398472,16,1.9001406223823727,7,5,rain,van,4.368916623551588,WH_East,2.155103759299606,69.1777577367217
5.633011399048566,17,3.1067926293235364,14,4,clear,van,5.408212047372401,WH_East,3.208088404492908,57.96850602152099
21.504671027600324,20,1.8701627890943389,19,3,rain,van,5.288828241171519,WH_South,9.306577513277869,132.9391091063099
9.444202558147214,7,6.937377168782174,7,3,rain,bike,8.258449903292906,WH_South,4.129198856362499,54.84315492329458
6.1754135518958515,6,2.2150671690465122,20,6,clear,van,5.642546772884847,WH_East,3.772164741673262,35.61897479129684
4.076648511161707,25,2.8453345336997318,17,4,clear,van,2.2110449615216354,WH_North,8.450284462451087,80.79339081846636
7.565773459496314,17,1.792948018465433,9,6,clear,van,3.132268049137265,WH_East,7.105375867074917,57.46382766143482
17.93882277985948,8,6.864250580450234,15,0,clear,bike,4.9343444557340135,WH_South,3.8823117176444217,81.76523526578528
6.892056999549502,17,2.0827957836851887,13,5,clear,van,6.231579147019167,WH_South,3.797989906891809,60.56220066081792
7.607025357822474,10,7.3846813879751725,11,6,rain,van,11.076198833427881,WH_North,,46.252302971960255
14.601419487907215,22,7.014507537230806,15,6,clear,van,1.154555463463863,WH_North,4.560616521193415,104.0470556615811
9.282199921479206,13,2.429878690103764,17,3,clear,bike,9.652050159442773,WH_South,7.319341895969448,83.37452364819212
12.543710321581866,8,3.3897882820948455,19,3,rain,van,3.7302796317226927,WH_East,8.720781599992298,74.8259044277177
9.841978191341848,18,2.3831037063316747,12,4,clear,truck,8.724335318004604,WH_North,4.255313597571952,90.8271759742187
9.518116035366317,19,4.864701692414968,9,6,clear,truck,3.0990898790777694,WH_South,6.507377484871274,91.10020689065931
2.3872278498293213,10,2.8975631251532192,19,6,clear,truck,4.621732497830971,WH_East,7.43521682328775,39.99143665588622
3.6892378841720914,19,2.4787726422631247,11,6,clear,bike,5.31908159759132,WH_East,3.1147287287284082,63.366093670679916
8.697532498635717,6,3.4291945696794444,17,6,clear,van,9.009295187289505,WH_North,5.410981639550918,44.656184232544405
4.337876564791149,6,1.0968571626099974,18,4,clear,bike,1.9950545840570877,WH_North,7.721933146856759,44.54728300719863
7.570752986172982,21,3.148437281527975,7,1,clear,van,4.1586278463334025,WH_South,2.676150303244077,69.72982324222485
3.4536025512290838,16,5.231658701312482,12,1,clear,van,6.342616137554968,WH_North,4.256739367820382,49.56787845528801
14.669574831340848,1,3.656981448143011,8,6,clear,van,7.891111466378879,WH_South,6.87262533876754,45.026452192430206
4.695270424011911,17,6.463426505675663,15,1,clear,truck,0.9128325905882768,WH_East,4.589688081547624,77.24162894151218
4.068187344439473,8,2.5494848993164068,18,0,clear,truck,1.1367149281699955,WH_South,7.172905220000768,40.38658043612613
2.917054064104782,7,2.407277645579514,14,3,clear,bike,8.621763264576824,WH_North,2.6336975848300077,17.652720360628212
11.519865330801249,11,1.5187333988014886,11,5,storm,truck,4.393786206508051,WH_East,2.0314180914544324,78.09146518594575
7.564280567070703,12,2.4992197108999012,20,5,clear,truck,1.9873865728385556,WH_South,4.818097132480945,57.00025518950838
14.362204542656123,23,13.14609606650329,8,1,rain,van,3.15841555636166,WH_South,10.0,98.74727305457935
5.4999517645214056,11,4.026430919450305,8,3,storm,bike,7.1785756065491215,WH_South,9.601194933661125,78.39640925318167
3.6211450354797763,8,2.2036710944058053,12,6,clear,bike,11.439557474885273,WH_South,1.613887806399085,38.04325206516869
7.356182087950165,20,1.6416480459991944,20,5,clear,van,8.782938495080012,WH_North,1.760756128478452,66.09039687334725
16.010059369620503,14,1.084401792863296,19,6,clear,bike,9.564682949699536,WH_North,6.041401224193271,105.73783902378169
2.341656829921397,1,1.8565584932583084,14,5,clear,bike,7.301382757525506,WH_South,3.696732289852288,22.478574709760224
9.157137933418039,16,5.648756632956486,20,0,storm,bike,4.454177880301528,WH_South,5.697078964263467,100.4332632208174
9.715086333353527,13,2.462255398890271,19,1,storm,van,11.546497366068218,WH_North,8.614316194737473,72.50687381655823
17.517683282993925,15,1.6977091378366944,15,1,clear,van,0.9752852079648271,WH_East,3.970965329716905,87.18337664129419
4.4659135487710655,5,1.8335818541199642,8,0,rain,bike,9.703446929005388,WH_North,,39.94029067999807
2.2208813613886544,12,5.231178356964516,19,6,rain,truck,3.0992525444154078,WH_North,6.742909213738413,39.24692798728393
5.86048205771025,17,3.1365260916426965,15,4,clear,bike,7.2943001383024635,WH_East,3.879773076488513,60.85704514233944
12.440196025335123,17,2.140323337805497,8,6,rain,van,11.788636589661367,WH_North,7.794402888409776,90.52349113517938
7.8667087233513495,18,2.6754782283212495,18,2,clear,van,10.10749993390135,WH_South,7.350843798862636,72.38327107314367
10.325792333495341,25,15.550894916711863,12,6,storm,van,10.201687419235338,WH_South,3.361069565371464,117.44235811670052
3.783305632832799,13,7.796977448118368,18,6,rain,van,9.876815183767512,WH_East,7.247576904931149,44.7152673550818
6.633867972926506,11,9.281635131286606,10,0,clear,van,5.445524894742078,WH_East,7.890305070801177,43.461891027483276
8.045827619020411,14,0.9738745699274628,7,6,clear,van,4.716626783606681,WH_South,2.6440900480634335,48.81769840000608
2.6137669433060857,9,2.9868771361058046,13,0,storm,bike,6.222594242755209,WH_North,3.908864833794951,43.043248126838
8.016746016658292,8,2.1141389855799786,13,3,clear,van,3.421352919586868,WH_East,3.7136946209826545,48.21786573059033
6.247284432596903,18,4.858297836124583,19,1,clear,bike,5.737731257827289,WH_South,7.09634144974339,73.60809468480153
31.405662175456474,8,6.971739860421403,8,4,clear,truck,1.5215530577601384,WH_North,8.59606652468787,183.0062490000187
7.673232217775668,19,4.1724289533201295,19,0,clear,van,10.710411713744158,WH_North,9.217206558131227,72.35934375691636
18.06541166771217,19,1.802673733252512,9,5,clear,bike,8.828048477858866,WH_North,7.153099639006465,121.99872826870856
10.280190715230374,24,2.0902646053675262,20,3,clear,van,0.7443672897438289,WH_East,3.7586028092328747,71.27650432929376
7.107831932182489,4,5.126379227054958,16,6,storm,van,7.919387849621271,WH_North,3.682886446335024,38.28930440113723
16.548806963290243,10,5.496168544715031,12,3,rain,van,9.104374869398942,WH_East,3.966760173393277,82.0940689592473
3.4016766155666556,20,3.6644075103686986,20,3,rain,truck,10.339343013075757,WH_North,4.826311972063689,82.83118347113722
5.775679991268703,11,3.635888984642961,12,5,clear,van,3.949500648233556,WH_South,3.095710322029853,51.27879241603306
12.870595867833785,17,3.4386734604023963,15,6,clear,bike,7.568819529622898,WH_East,3.5275478672721468,92.94477997281297
1.3427494734769563,19,4.00830151971613,7,2,clear,van,3.3130378597872534,WH_South,5.360130789885879,64.6115186307724
7.517149068050809,23,5.480370360013318,8,3,clear,truck,10.186568158009829,WH_South,,93.22972530785192
7.477453109621388,6,5.160925867407063,11,2,rain,bike,10.501919076422718,WH_South,3.6588511472410965,58.83462129940407
8.978853905621401,7,3.3753863900708363,10,0,clear,bike,0.9186354965860986,WH_South,8.773274895633568,77.65293708350607
6.679792404398858,12,3.208056839419577,10,6,storm,van,3.4208611780174683,WH_North,6.038972922621134,62.84655367724052
12.568665324415413,13,3.1233032747333254,12,3,rain,van,1.233729438079083,WH_South,3.619144226259458,60.47974055099866
4.619034904947778,23,1.922773257926821,15,2,clear,bike,4.78513061214203,WH_North,4.550213732065044,71.71545320908935
13.592904946175175,1,1.9057588876412248,8,5,storm,truck,0.06178948680303087,WH_North,8.376806775002223,110.21430870164836
3.7048437289388803,7,4.858692614506918,17,5,rain,bike,9.393874907771288,WH_East,6.323711885767932,26.59531275784404
9.406532226471597,23,2.0157508968896396,18,6,clear,truck,5.177421533784319,WH_East,6.97541528486917,111.089629783243
15.431467680432023,16,5.869407592509035,18,3,clear,truck,6.411502517611396,WH_South,7.802737419910223,84.75394952892738
4.349126369550717,17,3.2029110592035477,9,0,rain,bike,8.911415662850187,WH_East,7.717026408078566,54.33308356346291
5.087760588021485,7,5.892714049400725,19,3,rain,van,8.547886413745204,WH_South,6.705431267280049,39.05395242576138
13.867737807858047,16,5.185525374998902,8,3,clear,bike,3.7759466421262897,WH_North,8.250658299158667,133.70554246402222
8.60735524549573,10,5.9897576208303915,8,1,clear,van,9.39320832131875,WH_East,6.65195304900094,51.47528477517375
2.241894193516135,19,2.378675857469674,17,4,clear,van,7.689090497737047,WH_South,8.824007780009506,60.199099685090104
8.809357962809822,3,4.42039746093552,17,2,clear,van,2.6180543894649846,WH_North,9.014818500364012,37.1066958061498
11.349989505821098,8,5.565136944962031,8,6,clear,van,0.3510239313094261,WH_North,6.425348620912781,55.041965358031376
14.19837673209551,17,1.1208320490390187,12,0,clear,van,9.073958693530713,WH_North,2.657817434570897,70.69797007189385
9.272931505165644,16,10.92643861461611,12,5,rain,bike,1.987769249276913,WH_East,2.971021420081088,98.20860928076034
10.482061374746523,22,16.218736245105987,17,4,clear,bike,1.3513758498280395,WH_North,7.332067703740629,103.29122814608218
19.0900396082968,21,6.443692891650949,14,1,clear,van,5.044926305060452,WH_South,3.6112870555890577,94.29733271447294
13.09059032999705,1,5.836413803588284,15,2,clear,truck,11.060615260738373,WH_North,3.8824059501997468,46.74786771115692
6.525820219934254,3,5.013483677272908,8,6,storm,van,8.617863258957016,WH_East,6.162770593070783,38.65457117112947
7.067742279955846,9,2.6474493334925553,20,2,storm,van,9.576739552880623,WH_East,5.2931468237472465,54.482091945718885
15.071700322341876,24,3.073696325305291,14,4,storm,truck,3.2387102155957117,WH_East,3.222942484099623,145.93426350616642
9.159672044013373,12,6.521363153785272,16,3,clear,bike,10.020623142265688,WH_South,4.641880601637543,62.89475575171805
8.360599719603119,23,1.6799230076638916,13,6,clear,truck,4.984566087983977,WH_North,2.1991269883906965,68.56692715423782
6.396545818680918,2,1.5801158400040463,10,4,clear,bike,11.7527757965528,WH_North,7.855226542934209,45.11106872818715
14.743158319207238,25,2.513986066727071,16,5,clear,bike,6.8370503141663175,WH_North,3.4052786570316553,110.95687143186187
4.52360668423595,2,5.256036483307956,11,6,clear,truck,7.274809257199426,WH_South,3.1220721084038434,18.033561991848675
5.784481615503971,21,1.8109375402427004,10,0,clear,van,10.981592265799982,WH_East,7.571458556679496,75.34058159822379
14.716539333082878,22,2.8354729627457846,14,5,clear,truck,11.380823102549998,WH_East,2.5563013477307885,124.55863074556649
14.61364926217136,8,3.0812244822861765,11,6,clear,van,0.21175575932659463,WH_South,2.633886823767535,67.26112454567924
25.66360291178862,8,1.6350796732130612,19,0,clear,bike,2.789492319413192,WH_East,7.192353371169698,184.66809561172684
7.534529181487024,15,0.6017955304697759,16,3,rain,bike,7.37094042801901,WH_South,4.099726786862735,60.56608632619576
6.459387560095298,19,1.6184052040309203,12,1,clear,van,0.04337289363793628,WH_South,,69.00469374140455
6.87859539156376,4,3.985331764579322,7,6,clear,van,3.810363207110485,WH_South,3.323364987264416,33.22529980336279
2.4600421473496628,6,4.665991854080948,11,2,clear,van,2.3557670212771664,WH_South,4.336208632111443,25.77847377208459
1.5452285461284974,19,4.692915770278953,8,1,clear,bike,6.2817251911454495,WH_South,8.774031618014178,52.62198501738681
9.253694295912272,21,5.087063132857413,10,0,rain,bike,7.167757305471326,WH_East,7.394072937889319,71.2096726270501
6.150430923735958,4,2.141536516206722,10,5,clear,van,2.2681734433166656,WH_South,,40.54582349036275
4.740844880032707,23,1.8433298045383373,16,0,clear,bike,6.436640686738102,WH_North,3.8026422798218724,54.78417886716143
8.287951480025733,22,4.3169131722848855,8,2,rain,van,4.76070922424246,WH_East,8.569466678041675,98.47609503359143
9.384421065598804,22,2.862727812407463,9,3,clear,bike,11.891542106111654,WH_South,9.609270997440529,106.43525229025448
7.2130543547957995,7,6.2648524449131715,7,0,clear,truck,0.7812331619528097,WH_South,2.9178062225893484,46.67514108839629
7.330309525876359,17,4.336040025362536,19,1,clear,van,10.088222473842977,WH_South,,68.45541597090374
6.103993050166259,5,8.155351960351288,20,6,clear,bike,11.993771739312015,WH_North,3.234916180809847,36.58740562304034
11.852608146607222,5,2.3967762062008524,11,3,clear,van,6.4991006312079715,WH_North,3.4500588776718337,45.490376066902236
5.527733578558095,2,7.009553295176743,13,2,rain,van,8.166870814863087,WH_North,2.8586123054213397,26.25575612317114
4.079881618808555,13,13.79454367346648,11,6,clear,van,1.5353671890710436,WH_East,2.4744913195098697,47.00788113867295
5.939629738434203,18,3.447398170765866,14,0,clear,bike,4.209865442467656,WH_East,4.315951083948694,56.65302765270294
9.00432111158732,5,4.709184137729947,14,1,clear,van,2.177876059478746,WH_North,4.9004895580378,31.390599090332138
12.271669805468974,5,1.7308804296220095,10,6,clear,truck,6.999849594678468,WH_South,4.548183790167039,62.44794404724266
21.22145279558419,7,6.208004874751466,16,5,clear,bike,11.305071086166997,WH_North,3.461225368122775,91.51507447312986
8.313002046052508,5,7.318026725897027,7,3,storm,van,0.35512334334826123,WH_South,3.2838112110489464,44.06866773463671
18.19659975755264,21,2.348748824234445,16,6,clear,bike,5.9333537766606455,WH_South,2.5678275893825475,105.85895881937515
5.225828302826477,5,5.004370845908197,17,4,rain,van,8.682686795464702,WH_North,8.174853358848729,33.94117511450948
4.630435183805058,7,4.0403483649000895,7,5,clear,van,5.1674419919244325,WH_East,4.728986915856127,25.777003643270387
10.203485079025281,8,4.364701068416625,17,6,clear,bike,6.466436515726346,WH_East,6.353934619029459,68.39663489780948
11.10436706693364,6,5.861548504148033,17,3,clear,bike,5.435687566342406,WH_East,7.713941500472556,86.55446882199064
8.825199206909586,24,4.774215447761805,20,3,clear,van,7.169880859347524,WH_South,2.382070646452783,80.01390340346387
31.810242394108077,6,3.012313902120844,18,4,clear,van,0.8229333936949046,WH_East,8.194649074570412,106.89920619041129
5.419537659363593,13,5.949501584875765,7,0,clear,truck,6.561537086240282,WH_East,3.1789975139021918,63.69768073571857
16.250603173861688,15,7.230435450682805,8,3,rain,van,6.141362659472673,WH_North,9.218447334113755,121.61781368893494
4.715700956756693,7,2.252552226362367,8,4,rain,truck,2.1822603053030774,WH_North,8.124287810825981,52.467401998474045
11.623755412605854,12,3.315938236077275,15,2,clear,truck,6.417007967122483,WH_East,3.545085785252625,70.8533067340855
8.097147520816508,5,0.9626311487561097,16,4,clear,bike,5.557791178682867,WH_North,3.5513448613843686,58.87238636300188
9.191436129713182,13,4.995405716226955,16,2,clear,truck,7.118120596052959,WH_North,4.128253256465414,72.71655913700035
10.267250295658823,1,7.81607338198995,11,1,clear,truck,6.765904299008534,WH_North,4.421987142589985,51.979963848883855
8.279570105097642,11,2.772898992885156,9,1,clear,van,4.855061159371498,WH_East,6.748047339825563,63.55187300601632
7.313733594463448,10,3.6451784089773365,7,3,rain,van,9.373615576374323,WH_South,3.666257336677256,56.187316743966335
2.0515443692500437,9,2.845853394566679,12,1,clear,van,4.289471630955208,WH_North,3.7976089098840307,25.370985076715638
13.394532645430209,3,2.537736757051353,11,2,rain,bike,5.694446983349887,WH_East,3.990531993252752,64.91843445734747
3.2647416383031267,25,3.906023703000654,11,3,rain,bike,5.116921790124849,WH_East,4.975254563785263,73.96150424390545
6.197933176746695,1,1.9175152795086756,8,0,clear,bike,5.83046622392575,WH_South,6.5170282943130164,36.32154845158098
